key_bits,count,shape,windows,pattern,binary_ns,binary_min,binary_max,simd_ns,simd_min,simd_max,automatic_ns,automatic_min,automatic_max,simd_ratio,simd_disjoint_win,simd_disjoint_loss,automatic_ratio,automatic_disjoint_win,automatic_disjoint_loss,checksum
32,1,random,1,dependent,2.60376,2.5923,2.68474,9.01044,8.99515,9.37758,9.03064,9.0276,9.4306,0.2889714597733296,False,True,0.28832507995003676,False,True,8336
32,1,random,1,independent,2.33661,2.28752,2.42558,1.71007,1.70341,1.74321,1.74544,1.74409,1.79105,1.3663826626980182,True,False,1.338693968283069,True,False,7024
32,1,random,8192,dependent,5.34009,5.25031,5.45805,13.1636,12.9955,13.3634,13.1617,12.9593,13.4231,0.4056709410799477,False,True,0.40572950302772437,False,True,19281
32,1,random,8192,independent,4.14374,4.10776,4.18718,2.48764,2.47539,2.51379,2.54842,2.51259,2.58276,1.6657313759225614,True,False,1.6260035629919716,True,False,16216
32,1,shared,1,dependent,2.6176,2.59532,2.66498,9.01279,9.00948,9.4001,9.02437,9.00081,9.39516,0.29043170871616886,False,True,0.29005902905133546,False,True,8336
32,1,shared,1,independent,2.35696,2.26489,2.35822,1.73251,1.70787,1.77917,1.77745,1.7458,1.79282,1.3604308200241269,True,False,1.3260344876086527,True,False,7024
32,1,shared,8192,dependent,5.42674,5.36838,5.55421,13.1456,12.8957,13.3785,13.1956,12.941,13.2658,0.41281797711781887,False,True,0.41125375125041674,False,True,19281
32,1,shared,8192,independent,4.14923,4.02367,4.21158,2.47108,2.439,2.47739,2.54822,2.49367,2.55045,1.6791160140505366,True,False,1.6282856268297086,True,False,16216
32,2,random,1,dependent,9.10213,9.04378,9.7341,9.13692,9.12025,9.63086,9.14565,9.14247,9.62939,0.9961923711710293,False,False,0.9952414535872246,False,False,48792
32,2,random,1,independent,4.68848,4.54543,4.71988,1.71935,1.71883,1.79691,1.74567,1.74564,1.79169,2.7268909762410214,True,False,2.6857768077586255,True,False,49344
32,2,random,8192,dependent,12.5632,12.339,12.8817,13.3819,13.0864,13.8459,13.4213,13.0751,13.8496,0.9388203468864661,False,True,0.9360643156773188,False,True,49048
32,2,random,8192,independent,7.54002,7.37193,7.78867,2.58397,2.46288,2.75279,2.60315,2.52663,2.81421,2.9179982739737693,True,False,2.8964984730038608,True,False,49216
32,2,shared,1,dependent,9.13638,9.09462,9.4637,9.16798,9.16385,9.42365,9.14494,9.12859,9.4433,0.9965532211021404,False,False,0.9990639632408743,False,False,48792
32,2,shared,1,independent,4.57913,4.57622,4.75296,1.71385,1.71118,1.7775,1.74687,1.74399,1.8279,2.6718382588908014,True,False,2.6213341576648523,True,False,49344
32,2,shared,8192,dependent,12.4698,12.3855,12.6022,13.3887,13.0719,13.4985,13.4697,13.0577,13.4719,0.9313674964709046,False,True,0.92576672086238,False,True,49048
32,2,shared,8192,independent,7.61296,7.3055,7.67131,2.55446,2.45625,2.60371,2.5882,2.45816,2.68141,2.9802619731763267,True,False,2.9414110192411713,True,False,49216
32,3,random,1,dependent,5.04436,5.03307,5.10809,7.97534,7.96004,8.1633,8.03218,8.0287,8.20216,0.6324946648042591,False,True,0.6280187943995279,False,True,47555
32,3,random,1,independent,4.82753,4.77454,4.8428,1.6273,1.62408,1.68407,1.67268,1.67242,1.71028,2.9665888281201993,True,False,2.886104933400292,True,False,44400
32,3,random,8192,dependent,12.3267,12.0177,12.3582,13.2913,13.0344,13.4912,13.2384,13.0369,13.4624,0.9274262111305892,False,True,0.9311321609862219,False,True,82608
32,3,random,8192,independent,9.72984,9.70154,10.0132,2.55049,2.42928,2.5717,2.58717,2.50175,2.6313,3.814890472026944,True,False,3.760804276487436,True,False,82056
32,3,shared,1,dependent,5.04567,5.03232,5.08255,7.97861,7.95808,8.13116,8.02823,8.01537,8.17282,0.6323996285067199,False,True,0.6284909625160215,False,True,47555
32,3,shared,1,independent,4.83452,4.73952,4.97659,1.64049,1.63045,1.66107,1.67424,1.67108,1.70551,2.9469975434169062,True,False,2.887590787461774,True,False,44400
32,3,shared,8192,dependent,12.1331,11.9691,12.2226,13.2349,13.0322,13.2727,13.1929,13.0586,13.225,0.9167504099010949,False,True,0.9196689128243223,False,True,82608
32,3,shared,8192,independent,9.65526,9.62502,9.8197,2.47688,2.42239,2.47937,2.53018,2.49203,2.55055,3.898154129388586,True,False,3.816036803705665,True,False,82056
32,4,random,1,dependent,12.4004,12.3759,12.4068,8.03833,8.03804,8.05605,8.1095,8.0952,8.10962,1.542658736329561,True,False,1.5291201677045438,True,False,105032
32,4,random,1,independent,10.092,9.71313,10.2748,1.6393,1.62091,1.64566,1.67418,1.67267,1.67476,6.156286219727933,True,False,6.028025660323263,True,False,105904
32,4,random,8192,dependent,16.2433,16.1855,16.7973,13.4098,13.334,13.5007,13.4408,13.2819,13.5138,1.2113006905397545,True,False,1.208506934111065,True,False,116017
32,4,random,8192,independent,12.0186,11.8701,13.0222,2.47746,2.45273,2.47998,2.54054,2.51945,2.56384,4.85117822285728,True,False,4.730726538452455,True,False,116824
32,4,shared,1,dependent,12.5233,12.4291,13.0042,8.04434,8.03664,8.05342,8.10721,8.09421,8.10936,1.5567840245439653,True,False,1.5447114358700467,True,False,105032
32,4,shared,1,independent,10.1731,9.87392,10.7212,1.62785,1.62569,1.62979,1.67368,1.67244,1.67455,6.249408729305525,True,False,6.078282586874432,True,False,105904
32,4,shared,8192,dependent,16.3434,16.1729,16.7658,13.4218,13.3192,13.6443,13.4094,13.2928,13.7005,1.2176757215872684,True,False,1.2188017360955747,True,False,116017
32,4,shared,8192,independent,12.8552,11.8556,12.9106,2.46712,2.45081,2.47232,2.54024,2.52156,2.54518,5.210609941956613,True,False,5.060624192989639,True,False,116824
32,5,random,1,dependent,12.6684,12.5129,12.8026,16.958,16.8047,17.3944,16.897,16.8447,17.7328,0.7470456421747849,False,True,0.749742557850506,False,True,129799
32,5,random,1,independent,9.70128,9.58632,9.78535,12.4824,12.4731,12.7719,12.231,12.0936,12.4202,0.7771966929436647,False,True,0.7931714495952907,False,True,130168
32,5,random,8192,dependent,17.7181,17.6776,18.0277,22.9068,22.6421,23.5398,22.953,22.6261,23.655,0.7734864756316902,False,True,0.7719295952598789,False,True,148254
32,5,random,8192,independent,13.0503,13.0294,13.1169,13.5457,13.3109,13.941,13.007,12.8915,13.2932,0.9634275083605868,False,True,1.0033289767048512,False,False,146368
32,5,shared,1,dependent,12.515,12.4886,12.7345,16.8841,16.8109,17.2799,17.203,17.0202,17.5029,0.7412299145349768,False,True,0.7274893913852236,False,True,129799
32,5,shared,1,independent,9.71602,9.36214,9.76649,12.4599,12.3982,12.8849,12.2547,12.1741,12.5026,0.7797831443270011,False,True,0.7928402980081112,False,True,130168
32,5,shared,8192,dependent,17.8319,17.5135,17.9072,22.8496,22.7659,23.1168,22.9231,22.6937,23.2393,0.780403158042154,False,True,0.7779008947306428,False,True,148254
32,5,shared,8192,independent,12.9706,12.9658,13.3388,13.5602,13.4797,13.7748,13.0136,12.9578,13.5427,0.9565198153419565,False,True,0.9966957644310567,False,False,146368
32,6,random,1,dependent,13.5775,13.3536,13.6002,16.9985,16.915,17.4272,17.2332,16.965,17.7447,0.7987469482601406,False,True,0.7878687649420886,False,True,187144
32,6,random,1,independent,10.3937,9.96832,10.4541,12.0383,11.9959,12.3255,11.6334,11.5836,11.9547,0.8633860262661672,False,True,0.8934361407671016,False,True,190040
32,6,random,8192,dependent,18.7052,18.502,18.7325,23.4455,23.3698,23.869,23.5397,23.3903,23.9121,0.7978162120662815,False,True,0.7946235508523899,False,True,176605
32,6,random,8192,independent,14.1487,14.1241,14.1618,12.9051,12.8866,13.2142,12.7705,12.7037,12.8949,1.0963650029833167,True,False,1.107920598253788,True,False,179576
32,6,shared,1,dependent,13.2994,13.2607,13.375,16.958,16.9181,17.4277,17.0634,17.0127,17.5499,0.7842552187757992,False,True,0.7794109028681271,False,True,187144
32,6,shared,1,independent,10.3566,10.1122,10.4063,12.042,12.0373,12.3393,11.6752,11.6667,11.9501,0.8600398604882911,False,True,0.8870597505824311,False,True,190040
32,6,shared,8192,dependent,18.6166,18.5924,18.6937,23.4741,23.3397,23.8939,23.5067,23.4344,23.9666,0.7930698088531615,False,True,0.7919699489932657,False,True,176605
32,6,shared,8192,independent,14.1836,14.1526,14.2686,12.9276,12.8882,13.2455,12.7404,12.6742,12.9216,1.0971564714254773,True,False,1.1132774481177985,True,False,179576
32,7,random,1,dependent,13.5816,13.5422,14.156,17.8519,17.8496,18.0728,17.9737,17.9666,18.3616,0.7607929688156443,False,True,0.7556374035396162,False,True,221112
32,7,random,1,independent,11.8023,11.7796,11.8338,12.3233,12.3155,12.4692,12.2844,12.284,12.4693,0.9577223633280048,False,True,0.9607551040343851,False,True,224024
32,7,random,8192,dependent,17.528,17.4939,17.5605,24.2756,23.9413,24.5734,23.9262,23.5816,24.2794,0.7220418856794476,False,True,0.7325860353921642,False,True,212536
32,7,random,8192,independent,14.2739,14.2175,14.3642,12.455,12.4449,12.6619,12.6862,12.6789,12.8792,1.1460377358490565,True,False,1.1251517396856427,True,False,213432
32,7,shared,1,dependent,13.8337,12.9451,13.8978,17.8529,17.8501,18.0884,17.9814,17.9679,18.265,0.7748713094231189,False,True,0.7693338672183478,False,True,221112
32,7,shared,1,independent,12.4387,12.3509,12.9203,12.3147,12.3004,12.4839,12.2868,12.2837,12.4694,1.0100692668112095,False,False,1.0123628609564737,False,False,224024
32,7,shared,8192,dependent,18.3425,17.5145,18.4622,24.2556,23.9407,24.6078,23.9617,23.6116,24.3569,0.7562171209947394,False,True,0.7654924316722103,False,True,212536
32,7,shared,8192,independent,14.4414,14.1516,14.4751,12.45,12.4239,12.6689,12.6864,12.6833,12.8912,1.1599518072289157,True,False,1.1383371169125993,True,False,213432
32,8,random,1,dependent,15.8793,15.8554,15.8896,17.7353,17.7321,17.9693,17.8532,17.8483,18.1468,0.8953499517910609,False,True,0.889437187731051,False,True,222493
32,8,random,1,independent,13.0271,12.9008,13.9666,12.183,12.181,12.3503,12.1564,12.1557,12.3398,1.0692850693589429,True,False,1.0716248231384293,True,False,220664
32,8,random,8192,dependent,21.6058,21.2096,22.0086,24.7234,24.1863,24.9762,24.3918,23.8847,24.6869,0.8739008388813835,False,True,0.8857812871538795,False,True,246296
32,8,random,8192,independent,16.4179,16.2141,16.6712,12.5059,12.4901,12.7135,12.6895,12.6796,12.8967,1.3128123525695872,True,False,1.2938177233145514,True,False,245912
32,8,shared,1,dependent,16.6244,16.5775,16.6672,17.7477,17.7337,17.9545,17.8559,17.8516,18.1457,0.936707291649059,False,True,0.9310311997715043,False,True,222493
32,8,shared,1,independent,13.8134,12.9818,13.8692,12.1811,12.1807,12.3496,12.1567,12.1555,12.3384,1.1340026762771833,True,False,1.1362787598608175,True,False,220664
32,8,shared,8192,dependent,21.4583,21.0795,21.8867,24.6555,24.1777,24.9981,24.341,23.8818,24.6989,0.8703250795968446,False,True,0.8815701902140421,False,True,246296
32,8,shared,8192,independent,16.1916,16.0244,16.5362,12.5128,12.4951,12.7116,12.6852,12.6807,12.9123,1.294002940988428,True,False,1.2764166114842495,True,False,245912
32,9,random,1,dependent,16.4174,16.4066,16.4935,17.9111,17.908,18.3722,17.8047,17.8037,18.3135,0.9166047869756743,False,True,0.9220823715086466,False,True,273740
32,9,random,1,independent,13.9676,13.8196,13.9927,12.162,12.1616,12.3796,12.1909,12.1894,12.4184,1.1484624239434302,True,False,1.1457398551378488,True,False,273536
32,9,random,8192,dependent,21.8155,21.7785,22.2365,24.8011,24.4938,24.878,24.8197,24.5367,24.8736,0.8796182427392333,False,True,0.8789590526879857,False,True,279796
32,9,random,8192,independent,16.2959,16.2484,16.6433,12.4828,12.4685,12.6695,12.6203,12.6128,12.859,1.3054683244143943,True,False,1.2912450575659848,True,False,279456
32,9,shared,1,dependent,15.7828,15.7202,15.8229,17.8923,17.8913,18.3565,17.8038,17.8024,18.2757,0.8821001212812216,False,True,0.8864849077163303,False,True,273740
32,9,shared,1,independent,12.9524,12.9256,13.8128,12.1612,12.1597,12.3492,12.1915,12.1912,12.3855,1.0650593691412034,True,False,1.06241233646393,True,False,273536
32,9,shared,8192,dependent,21.5834,21.5038,22.3383,24.6061,24.3407,24.7974,24.5733,24.3451,24.8306,0.8771564774588415,False,True,0.878327290188945,False,True,279796
32,9,shared,8192,independent,16.2099,16.1227,16.7802,12.4737,12.4642,12.6755,12.6206,12.6194,12.8758,1.2995262031313886,True,False,1.2844001077603284,True,False,279456
32,10,random,1,dependent,16.6108,16.048,16.7107,17.7961,17.7896,18.2762,17.7009,17.692,18.1971,0.9333955192429804,False,True,0.9384155607906943,False,True,306694
32,10,random,1,independent,14.289,13.3513,14.299,12.0587,12.0584,12.2815,12.0981,12.0956,12.3526,1.1849536019637275,True,False,1.1810945520370966,True,False,306840
32,10,random,8192,dependent,22.271,22.2304,22.5422,24.7455,24.6633,25.0982,24.7556,24.7308,25.1201,0.9000020205693965,False,True,0.8996348300990483,False,True,311217
32,10,random,8192,independent,17.2658,17.234,17.576,12.385,12.384,12.5833,12.5296,12.4935,12.7501,1.3940896245458214,True,False,1.3780008938832842,True,False,313864
32,10,shared,1,dependent,16.6367,16.6298,16.7012,17.8092,17.7912,18.2562,17.6942,17.6923,18.1661,0.9341632414707006,False,True,0.9402346531631836,False,True,306694
32,10,shared,1,independent,13.33,13.3295,13.3402,12.0572,12.0557,12.2455,12.0976,12.0974,12.3198,1.1055634807417976,True,False,1.101871445575982,True,False,306840
32,10,shared,8192,dependent,22.2707,22.1046,22.5785,24.753,24.6562,25.1265,24.7477,24.7186,25.1362,0.899717205995233,False,True,0.8999098906160978,False,True,311217
32,10,shared,8192,independent,16.6648,16.5938,17.3517,12.3864,12.3861,12.588,12.5161,12.5047,12.7651,1.345411096040819,True,False,1.3314690678406214,True,False,313864
32,11,random,1,dependent,17.0083,16.9504,17.328,17.7855,17.7843,18.6113,17.7124,17.6718,18.5468,0.9563014815439543,False,True,0.9602481877103046,False,True,347792
32,11,random,1,independent,14.7024,13.7086,14.7247,12.0384,12.0374,12.2547,12.0775,12.0757,12.2705,1.2212918660287082,True,False,1.2173380252535706,True,False,351456
32,11,random,8192,dependent,22.8647,22.7274,23.0048,25.0389,24.8158,25.2986,25.0501,24.9579,25.3581,0.9131671119737688,False,True,0.9127588313020706,False,True,346098
32,11,random,8192,independent,17.6252,17.3733,17.8135,12.3848,12.3699,12.6527,12.4931,12.4867,12.8032,1.4231315806472449,True,False,1.4107947587068062,True,False,345584
32,11,shared,1,dependent,16.9269,16.3954,16.9536,17.7975,17.7713,18.2391,17.6789,17.6685,18.1467,0.9510830172777076,False,True,0.9574634168415457,False,True,347792
32,11,shared,1,independent,13.6949,13.587,13.7832,12.043,12.0352,12.4457,12.0783,12.0783,12.5119,1.1371668188989457,True,False,1.1338433388804716,True,False,351456
32,11,shared,8192,dependent,22.7365,22.6642,22.937,24.9384,24.8442,25.3193,24.9453,24.8476,25.3662,0.9117064446796906,False,True,0.911454261925092,False,True,346098
32,11,shared,8192,independent,17.1736,17.028,17.4556,12.3818,12.3558,12.5762,12.4894,12.4891,12.7356,1.3870035051446479,True,False,1.3750540458308647,True,False,345584
32,12,random,1,dependent,17.3297,17.3254,17.396,17.787,17.7752,18.2229,17.6689,17.6636,18.1409,0.9742902119525496,False,True,0.9808024268630191,False,True,368786
32,12,random,1,independent,15.1655,14.2339,15.2725,11.9979,11.9836,12.1826,12.047,12.0433,12.236,1.2640128689187276,True,False,1.258861127251598,True,False,365160
32,12,random,8192,dependent,23.819,23.4408,24.3605,25.2248,24.9068,25.4919,25.2034,24.9617,25.5423,0.9442691319653674,False,True,0.9450709031321172,False,True,383544
32,12,random,8192,independent,18.1076,17.6335,18.4733,12.4151,12.4055,12.6142,12.5237,12.5225,12.7601,1.4585142286409292,True,False,1.4458666368565203,True,False,375944
32,12,shared,1,dependent,16.7314,16.7159,17.4539,17.7717,17.7691,18.2207,17.6714,17.666,18.1407,0.941463112701655,False,True,0.9468067046187626,False,True,368786
32,12,shared,1,independent,15.204,14.1819,15.2111,11.9972,11.9799,12.1795,12.0509,12.0429,12.2326,1.267295702330544,True,False,1.2616485075803467,True,False,365160
32,12,shared,8192,dependent,23.5057,23.4756,23.8443,25.2268,24.931,25.4919,25.2131,24.9277,25.5616,0.9317749377645995,False,True,0.9322812347549488,False,True,383544
32,12,shared,8192,independent,18.0965,17.7446,18.4679,12.4119,12.4053,12.6165,12.5215,12.5039,12.8017,1.457995955494324,True,False,1.445234197180849,True,False,375944
32,13,random,1,dependent,18.1113,18.094,18.2609,17.7967,17.7957,18.2284,17.6921,17.674,18.1514,1.0176774345805681,False,False,1.0236941911926791,False,False,409816
32,13,random,1,independent,15.8914,14.9381,15.9072,12.0196,12.0188,12.2041,12.0619,12.0595,12.2542,1.322123864354887,True,False,1.3174872947048144,True,False,406056
32,13,random,8192,dependent,23.912,23.8666,24.0876,25.5322,25.187,25.6491,25.5311,25.1958,25.7588,0.9365428752712261,False,True,0.9365832259479615,False,True,408467
32,13,random,8192,independent,18.6546,18.6502,19.4606,12.4268,12.4187,12.6262,12.5464,12.5426,12.7787,1.5011587858499371,True,False,1.4868488171905885,True,False,406744
32,13,shared,1,dependent,18.133,18.0424,18.2323,17.7869,17.7797,18.2276,17.6916,17.6743,18.157,1.0194581405416345,False,False,1.0249496936399194,False,False,409816
32,13,shared,1,independent,14.9653,14.9223,15.0947,12.0178,12.0022,12.2023,12.0627,12.0626,12.2525,1.245261195892759,True,False,1.2406260621585548,True,False,406056
32,13,shared,8192,dependent,24.2152,23.7217,24.258,25.5393,25.1688,25.6783,25.5331,25.2195,25.6921,0.9481544130027055,False,True,0.9483846458126901,False,True,408467
32,13,shared,8192,independent,18.5259,18.4631,18.6093,12.4226,12.4209,12.627,12.5464,12.5396,12.7844,1.4913061677909618,True,False,1.4765908945992476,True,False,406744
32,14,random,1,dependent,18.1647,17.5777,18.3067,17.574,17.5663,18.0076,17.4399,17.4321,17.9036,1.03361215431888,False,False,1.0415598713295373,False,False,454656
32,14,random,1,independent,15.4626,15.4467,16.2664,11.8019,11.8013,11.9691,11.8633,11.8588,12.0881,1.310178869504063,True,False,1.303397874115971,True,False,455264
32,14,random,8192,dependent,24.5323,24.3382,24.7326,25.5805,25.175,25.63,25.5686,25.2029,25.6851,0.9590234749125309,False,True,0.9594698184491915,False,True,440909
32,14,random,8192,independent,19.0232,18.819,19.1056,12.4225,12.402,12.6189,12.5383,12.5047,12.7608,1.5313503723083115,True,False,1.5172072769035674,True,False,439440
32,14,shared,1,dependent,18.2239,17.5801,18.2707,17.5638,17.5577,18.0079,17.4378,17.4285,17.9052,1.0375829831813161,False,False,1.0450802280104141,False,False,454656
32,14,shared,1,independent,16.3908,15.3317,16.398,11.7998,11.799,11.9805,11.8644,11.8626,12.0545,1.3890743910913743,True,False,1.3815110751491857,True,False,455264
32,14,shared,8192,dependent,24.4544,24.3914,24.7567,25.5524,25.1864,25.6908,25.5365,25.2068,25.6846,0.9570294766832079,False,True,0.9576253597791397,False,True,440909
32,14,shared,8192,independent,19.6414,18.9093,19.647,12.4143,12.4063,12.6173,12.5481,12.5163,12.7629,1.5821592840514567,True,False,1.56528876881759,True,False,439440
32,15,random,1,dependent,16.1014,15.9569,16.3419,17.5092,17.5029,17.9587,17.3817,17.3738,17.8648,0.9195965549539672,False,True,0.9263420724094883,False,True,426017
32,15,random,1,independent,13.9232,13.8306,15.0839,11.7326,11.7154,11.9114,11.7974,11.7924,11.989,1.186710533044679,True,False,1.1801922457490635,True,False,434128
32,15,random,8192,dependent,23.7657,22.3788,24.0757,25.5685,25.373,25.9395,25.5613,25.4083,26.0278,0.9294913663296634,False,True,0.9297531815674477,False,True,484050
32,15,random,8192,independent,18.2636,17.9579,18.2659,12.4091,12.3822,12.5827,12.4838,12.4723,12.6851,1.4717908631568768,True,False,1.46298402729938,True,False,481248
32,15,shared,1,dependent,15.2469,14.8736,15.8758,17.5155,17.508,18.0131,17.3889,17.3731,17.8505,0.87048043161771,False,True,0.8768179700843642,False,True,426017
32,15,shared,1,independent,14.6283,13.606,14.8081,11.7281,11.7264,11.9078,11.799,11.7976,11.989,1.247286431732335,True,False,1.2397915077548944,True,False,434128
32,15,shared,8192,dependent,22.6087,22.498,24.2458,25.5736,25.4087,25.8905,25.5543,25.3994,25.9373,0.8840640347858729,False,True,0.8847317281240338,False,True,484050
32,15,shared,8192,independent,18.0402,17.9883,18.0803,12.3998,12.3829,12.5877,12.4881,12.4684,12.7039,1.4548783044887819,True,False,1.444591250870829,True,False,481248
32,16,random,1,dependent,18.9266,18.901,18.9335,17.7299,17.7227,18.1853,17.6076,17.5975,18.0776,1.0674961505705052,True,False,1.0749108339580635,True,False,451938
32,16,random,1,independent,17.8071,17.5759,18.1153,11.9016,11.9013,12.0849,11.9538,11.9366,12.1457,1.496193789070377,True,False,1.489660191738192,True,False,456520
32,16,random,8192,dependent,26.2616,26.2275,26.813,25.8218,25.6268,26.3141,25.7932,25.6341,26.1797,1.0170321201465429,False,False,1.0181598250701736,True,False,504410
32,16,random,8192,independent,21.2057,20.852,21.4206,12.6187,12.4287,12.6223,12.6846,12.5017,12.7174,1.6804979910767353,True,False,1.6717673399240025,True,False,504104
32,16,shared,1,dependent,19.7414,19.5078,20.0079,18.1058,17.7146,18.1687,17.9598,17.5964,18.078,1.0903356935346684,True,False,1.0991993229323265,True,False,451938
32,16,shared,1,independent,17.0343,16.6072,17.4132,12.0818,11.9002,12.1323,12.18,11.954,12.188,1.4099140856494896,True,False,1.3985467980295567,True,False,456520
32,16,shared,8192,dependent,26.2449,26.2229,26.4966,25.7928,25.6349,25.9684,25.7709,25.6473,25.9846,1.0175281473899693,True,False,1.0183928384340477,True,False,504410
32,16,shared,8192,independent,21.4477,21.3067,21.7805,12.6201,12.4297,12.6711,12.7102,12.5058,12.7495,1.6994873257739638,True,False,1.6874400088118204,True,False,504104
32,17,random,1,dependent,19.1636,19.1594,19.239,25.2982,25.2912,25.9869,19.9873,19.7254,20.0372,0.7575084393356049,False,True,0.9587888309076262,False,True,506819
32,17,random,1,independent,16.6309,16.5535,16.6996,19.9644,19.8837,20.6446,16.7407,16.5278,16.9238,0.8330277894652481,False,True,0.993441134480637,False,False,507840
32,17,random,8192,dependent,26.5972,26.5926,26.8353,32.7384,32.7111,33.1501,27.8604,27.7636,27.9204,0.8124160007819564,False,True,0.9546596603063847,False,True,540205
32,17,random,8192,independent,21.1127,21.0266,21.2547,19.7217,19.7048,20.3265,21.9111,21.8189,21.9677,1.070531445057982,True,False,0.9635618476479957,False,True,542088
32,17,shared,1,dependent,19.2451,19.1516,19.2906,25.3157,25.266,26.0395,19.8924,19.7546,19.9828,0.7602041420936415,False,True,0.9674599344473267,False,True,506819
32,17,shared,1,independent,16.7366,16.6061,16.7843,19.9531,19.8507,20.6976,16.6616,16.5183,16.6806,0.8387969789155569,False,True,1.0045013684159985,False,False,507840
32,17,shared,8192,dependent,26.6987,26.3885,26.791,32.9067,32.6286,33.28,27.7415,27.7261,27.8405,0.811345409901327,False,True,0.9624101076005263,False,True,540205
32,17,shared,8192,independent,21.2585,21.0831,21.2642,19.7258,19.6871,20.3282,22.0174,21.9855,22.0507,1.0777002707114542,True,False,0.9655318066620038,False,True,542088
32,18,random,1,dependent,19.4119,19.3966,19.4562,25.3391,25.309,26.0193,20.0752,19.9443,20.2613,0.766084825427896,False,True,0.9669592332828565,False,True,540638
32,18,random,1,independent,16.8996,16.8487,17.0162,19.9024,19.8592,20.6117,16.9337,16.8266,17.0277,0.8491237237720074,False,True,0.9979862640769588,False,False,542560
32,18,random,8192,dependent,26.7281,26.6476,26.7788,33.9555,33.6557,34.3386,28.1039,27.9163,28.1076,0.7871508297624833,False,True,0.9510459402431691,False,True,578320
32,18,random,8192,independent,21.3689,21.2561,21.513,20.8533,20.8409,21.4953,22.0428,21.9514,22.2244,1.0247251034608431,False,False,0.9694276589181048,False,True,569808
32,18,shared,1,dependent,19.4336,19.3568,19.5066,25.359,25.3554,26.056,19.9491,19.8466,20.0253,0.7663393666942702,False,True,0.9741592352537206,False,True,540638
32,18,shared,1,independent,16.8223,16.7752,16.908,19.8322,19.82,20.5977,16.88,16.7104,17.0591,0.8482316636580913,False,True,0.9965817535545023,False,False,542560
32,18,shared,8192,dependent,26.5201,26.4934,26.7001,33.6766,33.4456,34.0621,27.9512,27.8467,27.9863,0.7874933930384896,False,True,0.9488000515183606,False,True,578320
32,18,shared,8192,independent,21.2535,21.1111,21.4049,20.8114,20.8107,21.5011,22.0024,21.9508,22.1595,1.0212431648039055,False,False,0.965962804057739,False,True,569808
32,19,random,1,dependent,19.6125,19.4734,19.9246,26.1722,26.074,26.8519,20.3208,20.2021,20.3636,0.7493638287954395,False,True,0.965144088815401,False,True,629544
32,19,random,1,independent,17.4116,17.3686,17.4894,21.2711,20.9231,21.6443,17.5031,17.3541,17.5399,0.8185566331783499,False,True,0.9947723546114688,False,False,631040
32,19,random,8192,dependent,26.8769,26.7258,26.9143,34.6098,34.2635,35.0336,28.0607,27.7758,28.074,0.7765690642534773,False,True,0.9578128842117267,False,True,605055
32,19,random,8192,independent,21.4147,21.3835,21.6609,21.8557,21.8248,22.5999,22.2457,21.9831,22.2508,0.9798221974130319,False,True,0.9626444661215426,False,True,609400
32,19,shared,1,dependent,19.7935,19.628,19.8797,26.1264,26.0761,26.9104,20.3419,20.3376,20.3878,0.7576053340682223,False,True,0.9730408663890788,False,True,629544
32,19,shared,1,independent,17.392,17.2388,17.58,20.9373,20.9176,21.5661,17.4943,17.3092,17.6504,0.8306706213313082,False,True,0.99415238106126,False,False,631040
32,19,shared,8192,dependent,26.7202,26.6301,26.8601,34.4935,34.2532,34.9406,28.289,27.9566,28.3046,0.7746444982387987,False,True,0.9445438156173777,False,True,605055
32,19,shared,8192,independent,21.3517,21.2971,21.5332,22.0208,21.8648,22.653,22.0346,22.0143,22.2443,0.9696150911865146,False,True,0.9690078331351601,False,True,609400
32,20,random,1,dependent,19.6165,19.6116,19.6623,26.2076,26.1474,26.9007,20.1289,19.9342,20.2495,0.7485042506753765,False,True,0.9745440635106736,False,True,662703
32,20,random,1,independent,16.974,16.9142,17.1364,21.0117,20.9172,21.806,17.1159,16.9777,17.1496,0.8078356344322448,False,True,0.9917094631307731,False,False,659488
32,20,random,8192,dependent,27.2843,26.9557,27.3147,35.1738,34.6102,35.669,28.4355,28.1863,28.5251,0.7756995263520007,False,True,0.9595153944892828,False,True,644727
32,20,random,8192,independent,21.9714,21.7587,21.9809,23.0532,22.9156,23.6137,22.4613,22.2123,22.688,0.9530737598251001,False,True,0.9781891520081205,False,True,645600
32,20,shared,1,dependent,19.478,19.4663,19.6697,26.1756,26.17,26.9529,20.2393,20.0689,20.3011,0.7441281193172268,False,True,0.9623850627245014,False,True,662703
32,20,shared,1,independent,17.1465,16.6236,17.1512,21.2577,20.9886,21.9029,17.2248,16.9553,17.3662,0.8066018430968543,False,True,0.9954542287864011,False,False,659488
32,20,shared,8192,dependent,27.0472,26.9622,27.1472,35.0753,34.6737,35.718,28.3817,27.9884,28.6794,0.7711181372646849,False,True,0.952980265452739,False,True,644727
32,20,shared,8192,independent,21.8446,21.6668,21.9948,22.9603,22.9369,23.5189,22.4387,22.276,22.5272,0.9514074293454353,False,True,0.9735234215885946,False,True,645600
32,21,random,1,dependent,19.404,19.2976,19.5416,26.8806,26.879,27.554,19.936,19.7156,19.9714,0.7218588870784134,False,True,0.973314606741573,False,True,640290
32,21,random,1,independent,16.4613,16.3812,16.7315,22.8158,22.6646,23.3446,16.674,16.5237,16.747,0.7214868643659219,False,True,0.9872436128103635,False,False,636696
32,21,random,8192,dependent,27.5829,27.3681,27.9868,35.8167,35.1401,36.2053,28.7256,28.7181,28.7648,0.7701128244645654,False,True,0.960220152059487,False,True,671287
32,21,random,8192,independent,22.0966,21.8958,22.0985,23.7175,23.6689,24.3032,22.4841,22.4673,22.6026,0.9316580583956993,False,True,0.9827655988009303,False,True,664472
32,21,shared,1,dependent,19.4484,19.357,19.5253,26.9339,26.8623,27.4875,20.0835,19.954,20.1076,0.7220788671525474,False,True,0.9683770259167973,False,True,640290
32,21,shared,1,independent,16.551,16.3869,16.5624,22.8174,22.5135,23.4335,16.7108,16.7076,16.7565,0.725367482710563,False,True,0.9904373219714196,False,True,636696
32,21,shared,8192,dependent,27.4658,27.3348,27.6724,35.7619,35.1529,36.2943,28.8279,28.8008,28.9021,0.7680184777654432,False,True,0.9527506339344871,False,True,671287
32,21,shared,8192,independent,22.084,22.0439,22.1639,23.7582,23.715,24.4135,22.6293,22.5063,22.7047,0.9295316985293499,False,True,0.9759029223175264,False,True,664472
32,22,random,1,dependent,20.2881,20.0825,20.2944,27.1271,27.0999,27.6732,20.741,20.6802,20.9322,0.747890485897866,False,True,0.9781640229497132,False,True,760273
32,22,random,1,independent,18.0595,18.022,18.2552,22.8841,22.8632,23.6129,18.2453,18.1384,18.2949,0.7891723948068746,False,True,0.989816555496484,False,False,766264
32,22,random,8192,dependent,28.1047,27.9574,28.3268,35.9633,35.5447,36.0949,29.1833,28.8584,29.2359,0.7814827893991931,False,True,0.9630405060428396,False,True,704106
32,22,random,8192,independent,22.4964,22.3367,22.5318,23.7157,23.7072,24.4371,22.8891,22.7644,23.2117,0.9485868011486063,False,True,0.98284336212433,False,True,702736
32,22,shared,1,dependent,20.2155,20.1205,20.6261,27.1172,27.058,27.7463,20.7719,20.6632,20.8743,0.7454862596433259,False,True,0.9732138128914544,False,True,760273
32,22,shared,1,independent,17.9993,17.8856,18.0046,22.8544,22.701,23.4113,18.2498,18.2418,18.267,0.78756388266592,False,True,0.9862738221788733,False,True,766264
32,22,shared,8192,dependent,27.8424,27.8375,28.2919,35.8911,35.4527,36.1026,29.0062,28.8018,29.2637,0.7757466335665388,False,True,0.9598775434217512,False,True,704106
32,22,shared,8192,independent,22.3358,22.2504,22.5906,23.8454,23.7739,24.4108,23.0935,22.9126,23.1541,0.9366921922047857,False,True,0.9671899019204538,False,True,702736
32,23,random,1,dependent,20.6597,20.4472,20.8324,27.2441,27.1594,27.7101,21.0683,20.977,21.256,0.7583183147910925,False,True,0.9806059340335955,False,True,783680
32,23,random,1,independent,18.1865,18.1605,18.3272,22.884,22.7129,23.4861,18.2664,18.204,18.2977,0.7947255724523684,False,True,0.9956258485525336,False,False,777296
32,23,random,8192,dependent,28.3154,28.1909,28.3418,36.1188,35.5619,36.3393,29.3469,29.2633,29.4537,0.783951847791178,False,True,0.9648514834616262,False,True,735065
32,23,random,8192,independent,22.7911,22.7029,22.9404,23.725,23.7018,24.2412,23.0589,22.9237,23.302,0.96063645943098,False,True,0.98838626300474,False,False,732360
32,23,shared,1,dependent,20.6952,20.5414,20.8749,27.2064,27.0769,27.7646,21.1398,20.8268,21.3429,0.7606739590684545,False,True,0.9789685805920585,False,False,783680
32,23,shared,1,independent,18.2264,18.17,18.2532,22.7321,22.6623,23.3946,18.3027,18.2578,18.3672,0.8017912995279803,False,True,0.9958312161593644,False,True,777296
32,23,shared,8192,dependent,28.4736,28.4591,28.7609,36.3004,35.6736,36.4407,29.199,28.9595,29.7873,0.7843880508203765,False,True,0.9751566834480633,False,True,735065
32,23,shared,8192,independent,22.8492,22.6336,22.9613,23.755,23.7466,24.3477,23.1184,23.1061,23.3461,0.9618690801936435,False,True,0.988355595542944,False,True,732360
32,24,random,1,dependent,20.6975,20.6599,20.8828,27.3554,27.3494,27.8351,21.3359,20.9142,21.3443,0.7566147817249977,False,True,0.9700785999184475,False,True,708468
32,24,random,1,independent,18.6369,18.3586,18.7137,22.6139,22.5002,23.2418,18.617,18.5604,18.7792,0.824134713605349,False,True,1.001068915507332,False,False,700264
32,24,random,8192,dependent,29.0358,28.7992,29.358,36.1816,35.7575,36.4486,29.8906,29.627,29.9332,0.8025018241316026,False,True,0.971402380681552,False,True,764911
32,24,random,8192,independent,23.3102,23.2893,24.0816,23.6753,23.5748,24.0964,23.5624,23.5299,24.0519,0.9845788648929474,False,False,0.9892965062981699,False,False,763336
32,24,shared,1,dependent,20.6829,20.6573,20.8842,27.3552,27.3191,27.8103,21.0114,20.9635,21.019,0.7560865941393227,False,True,0.9843656300865246,False,True,708468
32,24,shared,1,independent,18.3957,18.3836,18.4481,22.5806,22.5013,23.2075,18.5823,18.4855,18.6092,0.8146683436224016,False,True,0.9899581860157247,False,True,700264
32,24,shared,8192,dependent,28.9744,28.6585,29.2255,36.1759,35.802,36.5175,29.7769,29.5414,29.9993,0.8009310065540871,False,True,0.9730495787002675,False,True,764911
32,24,shared,8192,independent,23.4922,23.3185,23.5884,23.5642,23.5416,24.0468,23.5991,23.5799,23.7989,0.9969445175308307,False,False,0.995470166235153,False,False,763336
32,25,random,1,dependent,20.42,20.3707,20.5137,27.4105,27.3462,27.8106,20.6803,20.6346,20.9062,0.7449699932507616,False,True,0.9874131419756969,False,True,744468
32,25,random,1,independent,17.8586,17.7704,17.8709,22.3353,22.3045,23.0016,18.0014,17.9572,18.0064,0.7995683962158556,False,True,0.9920672836557156,False,True,747384
32,25,random,8192,dependent,29.039,29.0073,29.5772,36.446,36.3015,36.5535,30.2551,29.8298,30.3084,0.796767820885694,False,True,0.959805123764258,False,True,801520
32,25,random,8192,independent,23.4241,23.3424,23.6009,23.4471,23.3105,24.0065,23.9135,23.793,24.053,0.999019068456227,False,False,0.9795345725217973,False,True,800928
32,25,shared,1,dependent,20.5305,20.434,20.5621,27.388,27.3287,27.7889,20.8627,20.8028,20.8763,0.7496166204177012,False,True,0.9840768452788948,False,True,744468
32,25,shared,1,independent,17.831,17.8302,17.9689,22.3139,22.2799,22.9712,17.9779,17.9581,18.0036,0.7990983198813295,False,True,0.9918288565405302,False,False,747384
32,25,shared,8192,dependent,29.1736,28.9597,29.6557,36.5065,36.2686,36.6691,30.1889,30.1602,30.2101,0.7991344007231589,False,True,0.9663684334308306,False,True,801520
32,25,shared,8192,independent,23.4681,23.4444,23.6792,23.4554,23.4203,23.8623,23.8932,23.7152,23.9617,1.0005414531408545,False,False,0.9822083270553965,False,True,800928
32,26,random,1,dependent,21.5228,21.3464,21.5566,27.4055,27.3417,27.8661,22.0096,21.8362,22.375,0.7853460071883381,False,True,0.9778823785984299,False,True,925303
32,26,random,1,independent,19.1307,19.0342,19.3297,22.5428,22.3899,23.1181,19.3113,19.2491,19.3571,0.8486390333055344,False,True,0.9906479625918505,False,False,929696
32,26,random,8192,dependent,29.5003,29.368,29.8984,36.5521,36.3681,36.728,30.6782,30.5636,30.8284,0.8070753800739218,False,True,0.9616046573788553,False,True,840022
32,26,random,8192,independent,23.8645,23.7098,23.908,23.3407,23.3377,23.8553,24.2592,24.252,24.5166,1.0224414863307443,False,False,0.9837298839203271,False,True,841576
32,26,shared,1,dependent,21.4546,21.3892,21.6855,27.3907,27.3368,27.8931,22.2873,22.0291,22.3604,0.7832804565053102,False,True,0.962637914866314,False,True,925303
32,26,shared,1,independent,19.1396,19.133,19.1825,22.3638,22.3544,23.0637,19.3159,19.3071,19.4079,0.8558295101905758,False,True,0.9908728042700574,False,True,929696
32,26,shared,8192,dependent,29.5107,29.283,29.6194,36.5984,36.393,36.6664,30.6284,30.5172,31.038,0.8063385284602606,False,True,0.963507724856669,False,True,840022
32,26,shared,8192,independent,23.8599,23.8199,23.8794,23.3413,23.2895,23.8293,24.1855,24.1795,24.4204,1.022218128381881,False,False,0.9865373881044427,False,True,841576
32,27,random,1,dependent,21.2169,20.9812,21.3922,27.2296,27.2238,27.6676,21.9058,21.8434,21.9248,0.7791851514528306,False,True,0.9685517077668928,False,True,890439
32,27,random,1,independent,18.8177,18.6873,18.8984,21.8953,21.8628,22.5989,18.8664,18.8501,18.9114,0.8594401538229666,False,True,0.9974186914302675,False,False,882520
32,27,random,8192,dependent,29.725,29.6734,30.1035,36.8407,36.5346,36.844,31.1122,30.7845,31.3083,0.8068522042197896,False,True,0.9554129891168095,False,True,856380
32,27,random,8192,independent,24.2763,24.0537,24.4429,23.1566,23.1511,23.7265,24.5368,24.5185,24.6747,1.0483533852119913,True,False,0.9893832936650255,False,True,863928
32,27,shared,1,dependent,21.3898,21.1804,21.4315,27.2468,27.2357,27.6703,21.874,21.6371,21.9608,0.7850389770541862,False,True,0.9778641309316999,False,True,890439
32,27,shared,1,independent,18.5991,18.514,18.7016,21.8825,21.8515,22.579,18.9375,18.6479,18.9648,0.8499531589169428,False,True,0.9821306930693069,False,False,882520
32,27,shared,8192,dependent,29.8105,29.7568,29.9597,36.8309,36.5326,36.8929,30.8131,30.6344,31.1492,0.8093883125310541,False,True,0.9674618912086094,False,True,856380
32,27,shared,8192,independent,24.3337,24.1654,24.4269,23.1793,23.1409,23.727,24.6504,24.6337,24.7001,1.0498030570379606,True,False,0.9871523382987699,False,True,863928
32,28,random,1,dependent,21.4543,21.4113,21.6415,27.3466,27.2981,27.7345,22.2379,22.1599,22.3274,0.7845326292848106,False,True,0.9647628598024094,False,True,864164
32,28,random,1,independent,19.1275,19.1197,19.2246,21.8614,21.8403,22.6013,19.3849,19.3386,19.3889,0.874943965162341,False,True,0.9867216235317181,False,True,870424
32,28,random,8192,dependent,30.2542,30.2482,30.7418,37.0007,36.5811,37.2218,31.7633,31.6846,31.7941,0.81766561173167,False,True,0.9524891935031939,False,True,912605
32,28,random,8192,independent,24.644,24.2347,24.7565,23.0197,22.9999,23.5536,25.0066,24.8057,25.0853,1.0705613018414661,True,False,0.985499828045396,False,True,903624
32,28,shared,1,dependent,21.6844,21.6644,21.782,27.3156,27.2804,27.7524,22.1472,22.0654,22.6261,0.793846739592028,False,True,0.9791034532581996,False,True,864164
32,28,shared,1,independent,19.2206,19.1237,19.4839,21.9012,21.8523,22.598,19.4046,19.3777,19.4994,0.8776048800978943,False,True,0.990517712295023,False,False,870424
32,28,shared,8192,dependent,30.3116,30.2827,30.5163,36.768,36.6947,37.3507,31.4327,31.3237,31.8317,0.8244016536118364,False,True,0.964333321668199,False,True,912605
32,28,shared,8192,independent,24.7423,24.6196,24.8579,23.0947,23.0518,23.5659,24.9688,24.7676,25.1487,1.0713410436160677,True,False,0.9909286789913812,False,False,903624
32,29,random,1,dependent,21.5032,21.4247,22.2953,27.8726,27.4819,28.519,22.2012,22.016,22.9281,0.7714816701707053,False,True,0.9685602580040719,False,False,946679
32,29,random,1,independent,19.2003,19.1571,19.2384,21.7818,21.6935,22.4268,19.4135,19.341,19.5488,0.8814836239429248,False,True,0.9890179514255544,False,True,941040
32,29,random,8192,dependent,30.6186,30.3819,31.0922,37.0629,36.9267,37.5719,31.6951,31.5297,31.9269,0.8261253166913545,False,True,0.9660357594707069,False,True,931192
32,29,random,8192,independent,25.1794,25.0389,25.2675,22.9825,22.981,23.4904,25.2727,25.163,25.4154,1.0955901229196128,True,False,0.996308269397413,False,False,932600
32,29,shared,1,dependent,21.4264,21.404,21.6223,27.4467,27.4424,27.9219,22.0893,22.0106,22.1257,0.7806548692556847,False,True,0.9699899951560258,False,True,946679
32,29,shared,1,independent,19.2193,19.1658,19.2684,21.6941,21.6912,22.4451,19.3025,19.2374,19.3363,0.8859229006965028,False,True,0.9956896775029143,False,False,941040
32,29,shared,8192,dependent,30.6405,30.517,30.7399,37.017,36.8998,37.3224,31.928,31.5857,32.1096,0.8277413080476537,False,True,0.9596748935103984,False,True,931192
32,29,shared,8192,independent,25.0824,24.6255,25.1113,22.9819,22.9737,23.5004,25.3752,25.2399,25.4077,1.0913980132190986,True,False,0.9884611746902487,False,True,932600
32,30,random,1,dependent,21.6981,21.5394,21.7409,27.5579,27.5568,28.0207,21.9243,21.889,22.2204,0.787364058944985,False,True,0.9896826808609626,False,True,849988
32,30,random,1,independent,18.9966,18.8711,19.2741,21.5276,21.5226,22.2951,19.1288,19.0212,19.1892,0.8824299968412643,False,True,0.9930889548743258,False,False,853272
32,30,random,8192,dependent,30.7856,30.7745,30.8405,37.2159,37.1793,37.3065,32.2219,31.9332,32.4959,0.8272163242055143,False,True,0.9554247266610597,False,True,957998
32,30,random,8192,independent,25.1456,25.0849,25.4902,22.8909,22.8746,23.4012,25.541,25.3976,25.6224,1.0984976562738906,True,False,0.9845190086527544,False,False,963648
32,30,shared,1,dependent,21.8772,21.5426,22.0057,27.602,27.5448,27.9677,22.0933,22.0646,22.293,0.7925947395116295,False,True,0.9902187541019223,False,True,849988
32,30,shared,1,independent,19.3341,18.9645,19.5097,21.5568,21.5497,22.2788,19.1885,19.1247,19.4947,0.8968910042306836,False,True,1.0075878781561871,False,False,853272
32,30,shared,8192,dependent,30.8259,30.5387,31.0124,37.2374,37.1947,37.302,32.0876,31.9251,32.3609,0.8278209542019582,False,True,0.9606795148281578,False,True,957998
32,30,shared,8192,independent,25.5036,25.0587,25.9971,23.3219,22.9133,23.4148,25.6642,25.6282,26.1469,1.0935472667321273,True,False,0.9937422557492538,False,False,963648
32,31,random,1,dependent,20.1995,19.9542,20.2427,27.6949,27.6492,28.0446,20.9811,20.7896,20.9893,0.7293581128655456,False,True,0.9627474250635095,False,True,1010273
32,31,random,1,independent,17.6588,17.4102,17.9024,21.3617,21.3533,22.1514,18.1243,17.8537,18.2605,0.8266570544479138,False,True,0.9743162494551513,False,False,1020608
32,31,random,8192,dependent,29.8067,29.5367,29.9065,37.3742,37.2872,37.518,31.0691,31.0621,31.1445,0.7975207496080183,False,True,0.959367989417138,False,True,1000206
32,31,random,8192,independent,23.684,23.6499,23.7989,22.9467,22.7112,23.216,24.98,24.9597,25.0076,1.0321309817969468,True,False,0.9481184947958367,False,True,1003024
32,31,shared,1,dependent,19.9952,19.8155,20.0549,27.6918,27.6534,28.0486,20.8624,20.7532,21.1321,0.722062126694545,False,True,0.9584323951223254,False,True,1010273
32,31,shared,1,independent,17.4951,17.4741,17.8321,21.364,21.3527,22.1417,18.2092,17.8243,18.3066,0.818905635648755,False,True,0.9607835599587022,False,False,1020608
32,31,shared,8192,dependent,29.8996,29.5711,29.9695,37.3772,37.3179,37.6906,31.2311,31.1227,31.4108,0.7999422107595003,False,True,0.9573662150868845,False,True,1000206
32,31,shared,8192,independent,23.7006,23.6534,23.7882,22.7807,22.7062,23.2309,24.9782,24.9436,25.0404,1.0403806731136445,True,False,0.9488513984194218,False,True,1003024
32,32,random,1,dependent,22.8747,22.8188,23.2307,27.9096,27.7925,28.7361,24.1883,23.9925,24.2462,0.819599707627483,False,True,0.9456927522810614,False,True,1061694
32,32,random,1,independent,21.2888,20.9772,21.3125,21.9749,21.5217,22.7734,21.6864,21.1616,21.7101,0.9687780149170189,False,True,0.9816659288770843,False,False,1068504
32,32,random,8192,dependent,31.9126,31.8972,32.3776,37.7312,37.4526,37.8101,33.7567,33.6653,33.9435,0.8457881010940548,False,True,0.9453708448989385,False,True,1045643
32,32,random,8192,independent,26.5369,26.4707,27.0644,23.1872,22.7828,23.3063,27.1673,27.0995,27.6874,1.1444633245928788,True,False,0.9767956329852432,False,True,1046296
32,32,shared,1,dependent,22.8954,22.8595,23.2121,27.7928,27.7925,28.1861,23.9212,23.8788,23.9967,0.8237888949656026,False,True,0.9571175359095697,False,True,1061694
32,32,shared,1,independent,21.0952,20.9144,21.2687,21.5285,21.5223,22.3239,21.1945,21.1221,21.3934,0.9798731913509997,False,True,0.9953148222416192,False,False,1068504
32,32,shared,8192,dependent,32.0389,31.9833,32.3226,37.7605,37.462,37.7756,33.7699,33.7505,33.8427,0.8484765826723693,False,True,0.9487413347389243,False,True,1045643
32,32,shared,8192,independent,26.561,26.4262,26.5956,22.7777,22.7763,23.3421,27.0593,27.0486,27.1372,1.1660966647203186,True,False,0.9815848894834678,False,True,1046296
32,63,random,1,dependent,25.9787,25.6844,25.9811,25.0325,24.7967,25.1421,27.4647,27.1928,27.6315,1.037798861480076,True,False,0.9458941841709539,False,True,2107725
32,63,random,1,independent,23.5624,23.1367,23.603,23.3037,23.0957,23.3433,22.0027,21.793,22.1811,1.0111012414337637,False,False,1.0708867548073646,True,False,2128488
32,63,random,8192,dependent,39.0265,39.0146,39.261,39.2985,38.6972,39.3104,40.7416,40.5517,40.9292,0.9930786162321718,False,False,0.9579029787735386,False,True,2060924
32,63,random,8192,independent,31.1553,31.0,31.4831,31.3049,31.1417,31.5524,29.3964,29.3848,29.5408,0.9952211954039144,False,False,1.059833857207005,True,False,2057520
32,63,shared,1,dependent,25.8273,25.7571,25.9443,24.9357,24.6924,25.0122,27.1232,26.7655,27.4271,1.0357559643402832,True,False,0.9522217142520056,False,True,2107725
32,63,shared,1,independent,23.2867,23.1942,23.4795,23.4259,22.7303,23.7841,22.0903,21.9944,22.1495,0.9940578590363658,False,False,1.0541595179784793,True,False,2128488
32,63,shared,8192,dependent,39.1582,38.9261,39.3216,39.1072,38.7689,39.4194,40.7774,40.5896,40.8403,1.0013041076834956,False,False,0.9602917302231138,False,True,2060924
32,63,shared,8192,independent,31.1432,30.8107,31.3558,31.7842,31.0299,32.0968,29.5231,29.3907,29.5793,0.9798327470881759,False,False,1.0548756736250597,True,False,2057520
64,1,random,1,dependent,7.55295,7.5379,7.55342,10.0511,10.0507,10.0515,10.2518,10.2353,10.2524,0.7514550646197928,False,True,0.7367437913342048,False,True,23808
64,1,random,1,independent,1.68733,1.68439,1.68837,2.31808,2.29167,2.31868,2.34201,2.30359,2.35336,0.7278998136388735,False,True,0.7204623379063283,False,True,20656
64,1,random,8192,dependent,12.4525,12.4503,12.6482,13.6073,13.5968,13.9476,13.8003,13.7875,14.1482,0.9151337884811829,False,True,0.9023354564755839,False,True,19856
64,1,random,8192,independent,2.62349,2.58891,2.73016,3.07086,3.06989,3.13358,3.11305,3.07233,3.14143,0.8543176829943403,False,True,0.842739435601741,False,True,16472
64,1,shared,1,dependent,7.55289,7.53741,7.55524,10.0531,10.0502,10.0555,10.2522,10.2503,10.2524,0.7512995991286269,False,True,0.7367091941241879,False,True,23808
64,1,shared,1,independent,1.68652,1.68422,1.68692,2.2874,2.27866,2.28899,2.32945,2.30379,2.3376,0.7373087348080791,False,True,0.7239992272854108,False,True,20656
64,1,shared,8192,dependent,12.484,12.3831,12.665,13.6305,13.5642,13.9275,13.8095,13.7441,14.1122,0.9158871648142035,False,True,0.9040153517506064,False,True,19856
64,1,shared,8192,independent,2.58879,2.58414,2.73573,3.05182,3.03772,3.11227,3.1037,3.09137,3.15646,0.8482774213420188,False,True,0.8340980120501337,False,True,16472
64,2,random,1,dependent,11.9741,11.8631,12.009,8.95422,8.94157,8.95468,9.17255,9.15651,9.1758,1.337257739925979,True,False,1.305427607371996,True,False,42952
64,2,random,1,independent,7.21143,7.04556,7.22081,2.18196,2.17172,2.18483,2.20338,2.19322,2.23807,3.305023923444976,True,False,3.2728943713748877,True,False,44304
64,2,random,8192,dependent,16.5927,16.4874,16.6578,13.6279,13.5774,13.7283,13.8261,13.8233,13.8691,1.2175536949933592,True,False,1.2000998112265933,True,False,49199
64,2,random,8192,independent,9.58665,9.4353,9.58803,3.07538,3.0674,3.08409,3.10081,3.06963,3.11546,3.11722453810586,True,False,3.0916599211173854,True,False,49216
64,2,shared,1,dependent,11.1991,11.1753,11.252,8.78668,8.76947,8.78677,8.989,8.98831,9.00327,1.2745542116021067,True,False,1.2458671709867615,True,False,39312
64,2,shared,1,independent,6.25427,6.13007,6.30028,2.16783,2.16096,2.19038,2.23351,2.23145,2.23439,2.8850371108435624,True,False,2.800197894793397,True,False,39032
64,2,shared,8192,dependent,16.9975,16.8488,17.0009,13.7204,13.6392,13.8507,13.8987,13.8162,13.9375,1.2388487216116149,True,False,1.2229561038082697,True,False,48928
64,2,shared,8192,independent,8.90384,8.81779,9.03133,3.06697,3.04506,3.0755,3.07739,3.06723,3.08289,2.903138928649449,True,False,2.8933089403682994,True,False,49280
64,3,random,1,dependent,9.89859,9.88541,9.90129,8.95644,8.94012,8.96411,9.16324,9.15923,9.17413,1.1051924648632716,True,False,1.080249998908683,True,False,88744
64,3,random,1,independent,2.50571,2.50072,2.53102,2.17441,2.17155,2.18442,2.22369,2.19794,2.2292,1.1523631697793886,True,False,1.1268252319343075,True,False,87856
64,3,random,8192,dependent,15.6664,15.6636,15.6963,13.8805,13.7907,13.9029,14.0171,13.9341,14.0574,1.128662512157343,True,False,1.1176634253875624,True,False,82536
64,3,random,8192,independent,3.72794,3.71477,3.74472,3.09335,3.07481,3.09898,3.11258,3.09196,3.13725,1.2051465239950214,True,False,1.1977009426263743,True,False,82200
64,3,shared,1,dependent,9.98216,9.96452,9.99484,9.06288,9.04796,9.16809,9.28035,9.26457,9.44623,1.1014335398901896,True,False,1.0756232254171447,True,False,98752
64,3,shared,1,independent,2.52716,2.50517,2.5341,2.17673,2.17157,2.17738,2.22803,2.20882,2.23795,1.1609891902073293,True,False,1.134257617716099,True,False,99624
64,3,shared,8192,dependent,15.7142,15.7105,15.7813,13.9135,13.8305,14.0075,14.0638,13.9368,14.0853,1.129421065871276,True,False,1.1173509293363102,True,False,82984
64,3,shared,8192,independent,3.73027,3.69145,3.75323,3.09918,3.09535,3.13776,3.14264,3.1127,3.20964,1.2036312831135978,True,False,1.1869861008578775,True,False,82952
64,4,random,1,dependent,13.5733,13.4863,13.7201,8.99974,8.9971,9.01447,9.23003,9.21664,9.23082,1.5081880143204138,True,False,1.470558600567929,True,False,111780
64,4,random,1,independent,7.12309,7.10986,7.1902,2.18472,2.16432,2.20798,2.20638,2.20534,2.20662,3.260413233732469,True,False,3.2284058049837294,True,False,112112
64,4,random,8192,dependent,23.1427,23.0261,23.2961,14.0714,14.056,14.1054,14.1878,14.1858,14.2597,1.6446622226644114,True,False,1.6311690325490917,True,False,115664
64,4,random,8192,independent,15.7616,15.455,15.965,3.15903,3.13806,3.17349,3.17599,3.1299,3.20033,4.989379651348673,True,False,4.962736028765834,True,False,115208
64,4,shared,1,dependent,15.1905,15.1541,15.479,8.99016,8.97726,8.99472,9.21271,9.19633,9.21429,1.6896807175845592,True,False,1.6488633637659278,True,False,97067
64,4,shared,1,independent,10.0852,10.0063,10.1927,2.17293,2.16174,2.17401,2.22652,2.19511,2.23425,4.641290791696005,True,False,4.529579792680956,True,False,97840
64,4,shared,8192,dependent,21.3161,21.1611,21.4766,14.2317,14.1562,14.3337,14.3282,14.3016,14.429,1.4977901445364923,True,False,1.4877025725492383,True,False,115082
64,4,shared,8192,independent,13.2284,13.0753,13.3032,3.15939,3.10829,3.17294,3.16522,3.13986,3.18497,4.187010783727239,True,False,4.179298753325203,True,False,115488
64,5,random,1,dependent,14.8385,14.8112,15.0208,18.903,18.7219,19.1813,18.7476,18.7274,19.2766,0.7849812199121833,False,True,0.7914879771277391,False,True,148428
64,5,random,1,independent,9.65196,9.60184,9.66995,14.5892,14.298,14.5915,13.8565,13.8176,14.1766,0.661582540509418,False,True,0.6965655107711183,False,True,146720
64,5,random,8192,dependent,23.5643,23.3412,23.8341,25.1393,25.0778,25.4632,25.1906,25.1289,25.6234,0.9373490908656964,False,True,0.9354402038855764,False,True,145776
64,5,random,8192,independent,16.4029,16.2948,16.6901,15.3356,15.1941,15.6351,14.8638,14.8358,15.1559,1.0695962336002505,True,False,1.1035468722668496,True,False,147032
64,5,shared,1,dependent,15.8653,15.8224,15.955,18.7959,18.6533,19.2133,18.8325,18.7073,19.1994,0.8440830181050123,False,True,0.8424425859551308,False,True,138346
64,5,shared,1,independent,11.5976,11.3319,11.6268,14.4364,14.3564,14.7162,14.0957,14.0804,14.2681,0.8033581779390984,False,True,0.8227757401193271,False,True,140264
64,5,shared,8192,dependent,22.9902,22.8702,23.0215,25.5922,25.2099,25.8401,25.2986,25.2089,25.7686,0.8983283969334408,False,True,0.908753844086234,False,True,145377
64,5,shared,8192,independent,14.88,14.7161,14.9187,15.1066,14.9948,15.3388,14.8,14.7136,15.0482,0.9849999338037679,False,True,1.0054054054054054,False,False,145384
64,6,random,1,dependent,14.3466,14.3384,14.4493,19.6803,19.67,20.1006,19.6788,19.6688,20.0688,0.7289827898964956,False,True,0.7290383559973169,False,True,174064
64,6,random,1,independent,8.70644,8.47334,8.73112,14.3551,14.3516,14.6536,14.2416,14.2008,14.5221,0.6065050051897932,False,True,0.6113386136389171,False,True,175872
64,6,random,8192,dependent,24.5483,24.4465,24.6018,26.2632,26.2244,26.4463,26.2808,26.1671,26.5126,0.9347033110968961,False,True,0.9340773492435543,False,True,179624
64,6,random,8192,independent,15.8686,15.8237,15.942,14.8805,14.8529,15.2914,14.6132,14.603,14.9967,1.0664023386310946,True,False,1.0859086305531984,True,False,181152
64,6,shared,1,dependent,16.0112,15.8368,16.1949,20.2364,19.8956,20.2919,20.2347,19.8226,20.299,0.7912079223577315,False,True,0.7912743949749687,False,True,157974
64,6,shared,1,independent,10.8977,10.7494,11.1258,14.8096,14.5853,14.8632,14.7115,14.4247,14.7214,0.7358537705272257,False,True,0.7407606294395541,False,True,157464
64,6,shared,8192,dependent,24.6328,24.4234,24.8022,26.378,26.3171,26.6634,26.3403,26.2922,26.675,0.9338388050648267,False,True,0.9351753776532538,False,True,184610
64,6,shared,8192,independent,16.4072,16.1772,16.4867,14.8168,14.8123,15.1303,14.6715,14.6601,14.8735,1.1073376167593543,True,False,1.1183041952083972,True,False,183552
64,7,random,1,dependent,12.1252,12.1239,12.1332,19.8874,19.8233,20.3732,19.7244,19.6864,20.1003,0.6096925691643955,False,True,0.6147309930847072,False,True,212621
64,7,random,1,independent,3.39919,3.38113,3.40602,14.0332,14.0317,14.2604,13.9366,13.89,14.1472,0.24222486674457713,False,True,0.24390382159206692,False,True,212304
64,7,random,8192,dependent,20.1794,20.1543,20.2122,27.3119,27.2085,27.5877,27.0494,26.967,27.2486,0.7388500983087958,False,True,0.7460202444416513,False,True,211681
64,7,random,8192,independent,5.54166,5.49086,5.56357,14.7829,14.7388,14.9686,14.669,14.6589,14.9091,0.3748696128635112,False,True,0.3777803531256391,False,True,211976
64,7,shared,1,dependent,12.1174,12.1019,12.1339,20.0423,19.9373,20.5164,19.8529,19.8389,20.2118,0.6045912894228705,False,True,0.6103591918561015,False,True,190392
64,7,shared,1,independent,3.36481,3.35324,3.36934,14.208,14.2074,14.4362,14.1195,14.1189,14.3202,0.23682502815315315,False,True,0.23830943022061685,False,True,186904
64,7,shared,8192,dependent,20.3466,20.2412,20.3974,27.5073,27.4462,27.7403,27.2209,27.1264,27.3996,0.7396800122149393,False,True,0.7474624277668996,False,True,213489
64,7,shared,8192,independent,5.52711,5.47787,5.54941,14.7614,14.7564,15.1521,14.6841,14.6156,14.9429,0.3744299321202596,False,True,0.3764010051688561,False,True,212504
64,8,random,1,dependent,18.0676,18.0135,18.1317,19.9619,19.8696,20.4606,19.7795,19.7536,20.1199,0.9051042235458548,False,True,0.9134507950150408,False,True,253542
64,8,random,1,independent,11.2786,11.227,11.5871,14.0973,14.0959,14.3026,14.0028,14.0019,14.2067,0.8000539110326091,False,True,0.8054531950752707,False,True,253632
64,8,random,8192,dependent,28.9859,28.415,29.1256,27.6462,27.5442,27.8387,27.3262,27.2324,27.4753,1.0484587393565843,True,False,1.0607365824739627,True,False,248904
64,8,random,8192,independent,20.3852,19.9192,21.049,14.8452,14.7148,15.1029,14.7551,14.7531,15.0236,1.3731845983887048,True,False,1.3815697623194692,True,False,247624
64,8,shared,1,dependent,19.7618,19.4728,19.8241,19.8833,19.8795,20.3524,19.6999,19.6794,20.0358,0.9938893443241315,False,True,1.003142147929685,False,False,295445
64,8,shared,1,independent,14.718,14.6327,16.5125,14.0228,14.0113,14.2102,13.9255,13.9133,14.1265,1.049576404141826,True,False,1.056909985278805,True,False,295840
64,8,shared,8192,dependent,28.6419,27.9721,28.759,27.7487,27.6649,27.9622,27.4756,27.3434,27.6259,1.0321888953356373,True,False,1.042448572551646,True,False,248304
64,8,shared,8192,independent,19.8332,19.2881,19.8452,14.8784,14.8711,15.11,14.7931,14.7522,14.8782,1.333019679535434,True,False,1.3407061400247413,True,False,247168
64,9,random,1,dependent,18.3343,17.81,18.3875,19.6688,19.6671,19.9171,19.6916,19.6891,20.0356,0.9321514276417472,False,True,0.9310721322797537,False,True,281862
64,9,random,1,independent,12.7409,12.7343,12.7749,13.9249,13.9129,14.1409,13.937,13.9365,14.1514,0.9149724594072489,False,True,0.9141780871062639,False,True,279376
64,9,random,8192,dependent,28.6486,28.5959,28.8906,27.4715,27.2422,27.6279,27.5018,27.3033,27.7109,1.04284804251679,True,False,1.0416990887869158,True,False,278886
64,9,random,8192,independent,20.2049,20.1662,20.2809,14.7647,14.7315,14.9679,14.8036,14.7999,15.0576,1.3684599077529513,True,False,1.3648639520116728,True,False,276832
64,9,shared,1,dependent,20.3401,19.9425,20.3865,19.7463,19.6643,19.9014,19.7269,19.6949,20.0633,1.0300714564247477,True,False,1.0310844582777832,False,False,265604
64,9,shared,1,independent,15.7854,15.7265,15.8155,13.9035,13.9024,14.1055,13.9134,13.905,14.1283,1.1353544071636639,True,False,1.1345465522445988,True,False,263552
64,9,shared,8192,dependent,28.0769,28.0227,28.2835,27.6483,27.2944,27.7084,27.7002,27.3598,27.7245,1.0155018572570464,True,False,1.0135991797893156,True,False,281740
64,9,shared,8192,independent,20.0802,20.0645,20.2964,15.0023,14.8055,15.0828,15.0918,14.8443,15.1116,1.3384747672023625,True,False,1.3305371128692405,True,False,279304
64,10,random,1,dependent,19.3275,18.5922,19.4124,19.6122,19.6111,19.842,19.636,19.6336,19.961,0.9854835255606204,False,True,0.9842890609085354,False,True,320022
64,10,random,1,independent,14.9008,14.3945,15.5107,13.8605,13.86,14.0721,13.903,13.8714,14.0711,1.0750550124454386,True,False,1.0717686830180537,True,False,316712
64,10,random,8192,dependent,29.1647,28.9892,29.2362,27.8846,27.4495,27.9999,27.875,27.408,28.0068,1.0459070598107916,True,False,1.046267264573991,True,False,311676
64,10,random,8192,independent,21.5384,20.9066,21.6062,14.8046,14.7921,15.0518,14.8481,14.8274,15.0992,1.4548451157072801,True,False,1.4505829028629924,True,False,313480
64,10,shared,1,dependent,19.7813,19.1847,19.9132,19.6597,19.6556,19.8763,19.7539,19.6687,20.01,1.0061852418907715,False,False,1.0013870678701422,False,False,335789
64,10,shared,1,independent,15.21,15.1732,15.3285,13.8999,13.8993,14.1214,13.9097,13.908,14.1113,1.0942524766365225,True,False,1.0934815272795244,True,False,339192
64,10,shared,8192,dependent,28.7062,28.4544,28.7139,27.9111,27.567,27.9778,27.9319,27.5484,27.9964,1.028486874397641,True,False,1.0277209928433082,True,False,312870
64,10,shared,8192,independent,20.5006,20.4558,20.6214,14.827,14.8195,15.0903,14.8663,14.8556,15.1065,1.382653267687327,True,False,1.378998136725345,True,False,312024
64,11,random,1,dependent,17.1995,16.3787,17.2702,20.0208,19.7767,20.221,19.9038,19.8118,20.1221,0.8590815551826101,False,True,0.8641314723821582,False,True,345588
64,11,random,1,independent,12.5097,11.8943,13.0758,14.0116,14.0104,14.2685,14.0212,14.0172,14.2362,0.8928102429415627,False,True,0.8921989558668303,False,True,344440
64,11,random,8192,dependent,30.2069,29.9309,30.3963,28.2787,27.9208,28.3033,28.2764,28.1477,28.3406,1.0681855955188888,True,False,1.0682724816454712,True,False,343777
64,11,random,8192,independent,22.0315,21.5759,22.1054,15.1146,14.8252,15.1194,15.1135,14.8555,15.2009,1.4576303706350153,True,False,1.4577364607800973,True,False,343192
64,11,shared,1,dependent,19.7979,19.7881,20.4287,19.7849,19.7801,20.017,19.8022,19.8017,20.1361,1.0006570667529275,False,False,0.9997828524103383,False,False,330560
64,11,shared,1,independent,15.646,15.3132,15.6824,14.0109,14.0108,14.23,14.0213,14.02,14.2252,1.1167019963028786,True,False,1.1158737064323565,True,False,336352
64,11,shared,8192,dependent,29.3517,29.3334,29.6394,28.2917,27.8683,28.4396,28.2677,27.8844,28.4423,1.037466818890346,True,False,1.0383476547437533,True,False,343039
64,11,shared,8192,independent,21.1281,21.0903,21.1956,14.854,14.8513,15.1794,14.9039,14.8438,15.2153,1.4223845428840718,True,False,1.4176222331067707,True,False,342144
64,12,random,1,dependent,18.7971,18.2225,18.83,19.7673,19.7291,19.9656,19.7545,19.7487,20.1063,0.9509189418888772,False,True,0.9515350932698878,False,True,384531
64,12,random,1,independent,13.5711,13.4539,14.1594,13.9382,13.9376,14.1639,13.9507,13.9478,14.1658,0.9736623093369301,False,False,0.9727898958475202,False,False,382736
64,12,random,8192,dependent,30.8873,30.8791,31.0084,28.5578,28.4156,28.8307,28.4976,28.376,28.8081,1.0815714095623612,True,False,1.083856184380439,True,False,377232
64,12,random,8192,independent,21.0677,20.525,21.184,15.0005,14.9779,15.2712,15.0655,14.9922,15.2312,1.4044665177827405,True,False,1.3984069562908632,True,False,378816
64,12,shared,1,dependent,21.3106,20.5925,21.3621,19.6425,19.6293,19.8574,19.6516,19.6474,19.9776,1.0849229985999747,True,False,1.084420606973478,True,False,439249
64,12,shared,1,independent,16.6295,16.4713,16.646,13.8494,13.8485,14.0513,13.8589,13.858,14.1136,1.200737938105622,True,False,1.199914856157415,True,False,439512
64,12,shared,8192,dependent,30.987,30.7895,31.3764,28.6036,28.5086,28.7884,28.5911,28.4764,28.9056,1.0833251758519906,True,False,1.0837988045230857,True,False,379032
64,12,shared,8192,independent,22.4304,22.2144,22.4777,15.0247,15.0055,15.2495,15.087,15.0298,15.2863,1.4929016885528497,True,False,1.4867369258301848,True,False,380976
64,13,random,1,dependent,19.2353,18.5666,19.2647,19.7937,19.722,19.9597,19.7573,19.7542,20.0921,0.9717890035718434,False,True,0.9735793858472563,False,True,408794
64,13,random,1,independent,14.1249,13.7937,15.2961,13.9412,13.94,14.1647,13.9797,13.9499,14.1686,1.013176771009669,False,False,1.0103864889804504,False,False,404632
64,13,random,8192,dependent,30.8442,30.3061,31.0055,28.7801,28.5591,29.1035,28.7313,28.5308,29.0658,1.0717196952060626,True,False,1.073540006891439,True,False,401976
64,13,random,8192,independent,21.2821,20.9,21.6017,15.0462,14.9533,15.293,15.1,14.8908,15.3153,1.4144501601733328,True,False,1.40941059602649,True,False,405904
64,13,shared,1,dependent,21.1895,20.5724,21.3263,19.6705,19.6682,19.9849,19.7115,19.6934,20.0849,1.0772222363437634,True,False,1.074981609720214,True,False,397089
64,13,shared,1,independent,16.4083,15.9544,16.4398,13.8653,13.864,14.0838,13.8767,13.807,14.084,1.1834074992968058,True,False,1.1824353052238645,True,False,394216
64,13,shared,8192,dependent,31.9169,31.2243,31.9906,28.8617,28.6391,29.1082,28.8326,28.726,29.0645,1.1058565503764504,True,False,1.106972662888536,True,False,405420
64,13,shared,8192,independent,22.7365,22.2196,22.7895,15.1347,15.0625,15.3446,15.1548,15.0959,15.3226,1.5022762261557876,True,False,1.5002837384854963,True,False,409272
64,14,random,1,dependent,18.1019,18.0978,18.1146,19.4476,19.4436,19.6786,19.4712,19.4703,19.8184,0.9308038009831547,False,True,0.9296756234849419,False,True,439676
64,14,random,1,independent,12.9485,12.9455,14.3392,13.6301,13.6294,13.8381,13.6435,13.641,13.8598,0.9499930301318404,False,False,0.9490599919375526,False,False,443336
64,14,random,8192,dependent,31.5429,31.437,31.7009,28.9224,28.7182,29.3803,28.82,28.6573,29.3359,1.0906045141482035,True,False,1.0944795281054822,True,False,435492
64,14,random,8192,independent,21.4656,20.5659,21.4817,15.1582,15.139,15.5368,15.1574,15.0913,15.5146,1.4161048145558177,True,False,1.4161795558605037,True,False,441320
64,14,shared,1,dependent,21.7247,21.7193,21.8712,19.457,19.4547,19.6848,19.4801,19.4778,19.8098,1.1165493138716143,True,False,1.1152252811843881,True,False,403294
64,14,shared,1,independent,17.4839,17.2283,17.5263,13.6323,13.6304,13.8451,13.6432,13.6407,13.8477,1.282534862055559,True,False,1.2815102028849537,True,False,407320
64,14,shared,8192,dependent,32.0831,32.0294,32.1319,29.0461,28.8901,29.4339,28.9129,28.7828,29.3928,1.10455792688175,True,False,1.1096465591483387,True,False,434011
64,14,shared,8192,independent,23.836,23.7389,23.9134,15.159,15.0634,15.4126,15.2103,15.1569,15.4348,1.5723992347780196,True,False,1.5670959810128662,True,False,438840
64,15,random,1,dependent,14.3177,14.3028,14.3236,19.4637,19.459,19.6985,19.519,19.4863,19.8139,0.7356103926797064,False,True,0.7335263077001897,False,True,475899
64,15,random,1,independent,4.35228,4.35147,4.37706,13.6324,13.632,13.8388,13.642,13.6277,13.8584,0.3192599982394883,False,True,0.3190353320627474,False,True,476872
64,15,random,8192,dependent,25.111,24.8999,25.1137,29.1632,28.8401,29.3352,29.028,28.7803,29.2448,0.8610509134800022,False,True,0.8650613201047266,False,True,468250
64,15,random,8192,independent,7.48035,7.43317,7.52271,15.0799,15.0699,15.3088,15.1068,15.104,15.3356,0.4960477191493312,False,True,0.49516442926364285,False,True,472192
64,15,shared,1,dependent,14.2792,14.2415,14.2856,19.4733,19.4373,19.6837,19.5408,19.4825,19.7964,0.7332706834486195,False,True,0.730737738475395,False,True,493922
64,15,shared,1,independent,4.35545,4.35324,4.38332,13.6329,13.6293,13.9817,13.6422,13.6268,13.8599,0.3194808147936243,False,True,0.3192630220932108,False,True,493336
64,15,shared,8192,dependent,25.149,25.0291,25.1531,29.2785,29.0008,29.4354,29.1017,29.0173,29.5055,0.8589579384189764,False,True,0.8641763195964497,False,True,462557
64,15,shared,8192,independent,7.50468,7.41638,7.59116,15.1069,15.0571,15.3392,15.14,15.0927,15.3407,0.49677167387088017,False,True,0.49568560105680315,False,True,469168
64,16,random,1,dependent,20.3103,19.7799,20.3177,19.9764,19.973,20.1981,19.9979,19.9915,20.3417,1.0167147233735807,False,False,1.0156216402722287,False,False,505699
64,16,random,1,independent,13.6538,13.5557,13.708,14.1607,14.1597,14.3823,14.1695,14.1678,14.3722,0.9642037469899087,False,True,0.9636049260736089,False,True,506656
64,16,random,8192,dependent,34.7177,34.583,34.7919,29.5363,29.3044,29.8329,29.3754,29.1244,29.5285,1.1754248162430636,True,False,1.1818630554817977,True,False,509488
64,16,random,8192,independent,25.5313,25.4888,25.6642,15.1557,15.1507,15.4408,15.1956,15.1921,15.4188,1.6846005133382163,True,False,1.6801771565453159,True,False,506664
64,16,shared,1,dependent,24.317,23.7383,24.3581,20.0664,20.0444,20.2937,20.0707,20.0659,20.411,1.2118267352390064,True,False,1.2115671102652126,True,False,545580
64,16,shared,1,independent,19.7385,19.494,19.9487,14.2426,14.2413,14.4527,14.2542,14.2514,14.459,1.3858775785320094,True,False,1.384749757966073,True,False,544456
64,16,shared,8192,dependent,35.4545,35.1913,35.7183,30.0593,29.9105,30.1201,29.4465,29.4066,29.5412,1.179485217553303,True,False,1.2040310393425366,True,False,507008
64,16,shared,8192,independent,26.6494,26.0176,26.6828,15.1961,15.1959,15.479,15.2376,15.2226,15.454,1.753699962490376,True,False,1.7489237150207382,True,False,509624
64,17,random,1,dependent,21.345,21.2882,21.7986,27.6548,27.129,27.6891,21.3521,21.2662,21.7122,0.7718370771077714,False,True,0.9996674800136754,False,False,535807
64,17,random,1,independent,15.3218,15.2519,15.9219,21.8844,21.4951,22.0333,15.5631,15.3971,15.6659,0.7001242894481914,False,True,0.9844953768850678,False,False,533992
64,17,random,8192,dependent,35.2145,34.9743,35.3523,37.2697,36.8067,37.6289,35.5917,35.5254,35.9172,0.9448560090368315,False,True,0.9894020235054801,False,True,541597
64,17,random,8192,independent,25.6731,25.6087,25.809,22.4932,22.4542,22.9834,25.8807,25.8508,25.9376,1.141371614532392,True,False,0.9919785786319536,False,True,542776
64,17,shared,1,dependent,23.6711,23.6685,23.675,27.356,27.239,27.7626,23.9002,23.8394,24.0276,0.8652982892235707,False,True,0.9904143061564338,False,True,492998
64,17,shared,1,independent,19.1495,19.1271,19.2,21.8848,21.6357,22.2371,19.7233,19.6029,20.2291,0.8750137081444657,False,True,0.9709075053363282,False,True,487088
64,17,shared,8192,dependent,35.7484,35.4077,35.966,37.4216,36.9915,37.6157,35.9296,35.845,36.1502,0.9552878551424845,False,True,0.9949568044175275,False,False,547982
64,17,shared,8192,independent,25.988,25.8985,26.2918,22.7188,22.6934,23.1814,26.6845,26.6462,26.9013,1.1438984453404228,True,False,0.9738987052408702,False,True,547512
64,18,random,1,dependent,21.4495,21.324,21.5197,28.2938,28.2662,28.7852,21.1999,21.0076,21.2679,0.7580989474725912,False,True,1.0117736404417002,True,False,567126
64,18,random,1,independent,15.3414,15.1264,15.5142,22.8121,22.6582,23.3045,15.2335,14.9816,15.4735,0.6725115180101788,False,True,1.0070830734893492,False,False,572928
64,18,random,8192,dependent,35.8521,35.3615,35.9878,38.6595,38.382,38.9712,35.8793,35.8153,36.0891,0.9273813680983976,False,True,0.9992419027127062,False,False,582374
64,18,random,8192,independent,25.9877,25.7126,26.0258,23.75,23.7095,24.2433,26.0997,25.8245,26.138,1.094218947368421,True,False,0.9957087629359725,False,False,579704
64,18,shared,1,dependent,24.0312,23.9967,24.0688,28.4745,28.2524,28.9849,24.0858,24.0496,24.3884,0.8439551177369224,False,True,0.9977331041526543,False,False,541997
64,18,shared,1,independent,19.5667,19.5477,19.7087,22.9622,22.8183,23.4851,20.0763,20.0303,20.1983,0.8521265383978888,False,True,0.9746168367677311,False,True,542472
64,18,shared,8192,dependent,36.1084,35.8979,36.2115,38.9696,38.4805,38.983,36.3009,36.1001,36.588,0.9265786664476926,False,True,0.9946971011738002,False,False,580281
64,18,shared,8192,independent,26.1948,26.1895,26.227,23.9181,23.8335,24.2699,27.1357,26.8625,27.1947,1.0951873267525432,True,False,0.9653261202032747,False,True,575312
64,19,random,1,dependent,22.2078,21.8243,22.3289,29.0671,29.0072,29.6735,21.7451,21.5793,21.7605,0.7640184263308001,False,True,1.0212783569631778,True,False,600060
64,19,random,1,independent,16.9876,16.8395,17.012,23.9368,23.8221,24.3576,16.1552,16.0831,16.1778,0.7096855051635974,False,True,1.051525205506586,True,False,599664
64,19,random,8192,dependent,36.0858,35.9427,36.2469,39.2826,38.9725,39.7552,35.9043,35.8857,35.9077,0.9186204579126636,False,True,1.005055104820314,True,False,609918
64,19,random,8192,independent,26.3013,26.2536,26.4368,24.8575,24.8127,25.2962,26.4323,26.3928,26.4962,1.0580830735190585,True,False,0.9950439424492004,False,False,609592
64,19,shared,1,dependent,23.6303,23.5946,23.6521,28.9943,28.9849,29.6302,23.7941,23.7775,23.8412,0.8149981203202008,False,True,0.9931159405062598,False,True,564542
64,19,shared,1,independent,18.8358,18.7703,18.9311,23.8492,23.7637,24.3739,19.5366,19.4577,19.6846,0.7897874981131442,False,True,0.9641288658210743,False,True,563768
64,19,shared,8192,dependent,36.3538,36.3112,36.4192,39.8637,39.6522,40.3941,36.5648,36.5274,36.6351,0.9119524780690201,False,True,0.9942294228328885,False,True,604338
64,19,shared,8192,independent,26.2883,26.2321,26.4142,24.9601,24.7831,25.4428,26.8859,26.7511,26.9246,1.053212927832821,True,False,0.977772735895023,False,True,607600
64,20,random,1,dependent,22.4872,22.3101,22.5304,29.8589,29.7923,30.3695,22.1895,21.8879,22.2164,0.7531154865048613,False,True,1.01341625543613,True,False,635513
64,20,random,1,independent,17.0923,16.9413,17.1811,24.9747,24.9694,25.4342,16.6476,16.5941,16.982,0.684384597212379,False,True,1.026712559167688,False,False,638872
64,20,random,8192,dependent,36.8281,35.8605,36.8287,41.1042,40.1467,41.2387,36.5892,36.3297,37.2947,0.8959692683472735,False,True,1.006529249068031,False,False,650487
64,20,random,8192,independent,27.1782,26.911,27.3443,26.5561,26.0584,26.7022,26.9379,26.656,27.1587,1.023425879553097,True,False,1.008920517189536,False,False,642320
64,20,shared,1,dependent,23.7898,23.7716,23.8073,29.8395,29.7496,30.4787,24.0149,23.9731,24.0605,0.7972586672028686,False,True,0.9906266526198318,False,True,607890
64,20,shared,1,independent,19.1633,19.152,19.232,25.3355,25.137,25.8398,19.6898,19.6538,19.7102,0.756381362120345,False,True,0.9732602667370922,False,True,610552
64,20,shared,8192,dependent,36.8568,36.7496,36.9836,40.5608,40.5603,41.0042,37.3047,37.1759,37.3413,0.9086803021636654,False,True,0.9879934699917169,False,True,640311
64,20,shared,8192,independent,26.6426,26.5073,26.7102,26.2602,26.1811,26.7717,27.5578,27.4386,27.7419,1.0145619606857526,False,False,0.9667898017984019,False,True,635248
64,21,random,1,dependent,22.1588,22.1359,22.1881,29.8688,29.8266,30.3352,21.4477,21.4045,21.4626,0.7418711163488322,False,True,1.0331550702406318,True,False,676464
64,21,random,1,independent,17.0393,16.7279,17.0941,24.8999,24.7622,25.4598,16.1048,16.0842,16.1217,0.6843119851886956,False,True,1.0580261785306244,True,False,673968
64,21,random,8192,dependent,37.3934,37.0137,37.5621,41.0844,40.6285,41.6953,37.2579,37.1815,37.3598,0.9101605475557633,False,True,1.0036368125954496,False,False,673085
64,21,random,8192,independent,27.9105,27.8906,28.2268,26.6324,26.567,27.2243,27.5591,27.4724,27.786,1.0479904176867274,True,False,1.0127507792344452,True,False,676144
64,21,shared,1,dependent,23.5707,23.5547,23.6074,29.8553,29.8079,30.4573,24.0011,23.8372,24.0266,0.7894980120782574,False,True,0.9820674885734403,False,True,646405
64,21,shared,1,independent,18.7401,18.7102,18.7648,24.9914,24.9809,25.3518,19.7092,19.3485,19.7588,0.7498619525116641,False,True,0.9508300692062591,False,True,642472
64,21,shared,8192,dependent,37.1938,36.8939,37.2819,41.0564,40.7622,41.4799,37.6061,37.5043,37.7534,0.9059196617336154,False,True,0.9890363531448357,False,True,666546
64,21,shared,8192,independent,26.937,26.7687,26.9639,27.0803,26.8431,27.3464,27.7581,27.7045,27.9772,0.994708330409929,False,False,0.9704194451349337,False,True,675128
64,22,random,1,dependent,21.8488,21.8354,21.912,30.0954,30.0815,30.6351,21.0994,21.0735,21.3263,0.7259847019810336,False,True,1.0355175976568054,True,False,702413
64,22,random,1,independent,16.2625,16.2024,16.5796,25.5407,25.407,26.0414,15.8637,15.6602,15.9968,0.6367288288887931,False,True,1.025139154169582,True,False,707168
64,22,random,8192,dependent,36.9693,36.8689,37.271,41.2905,41.1003,41.4771,36.9045,36.8161,37.0599,0.8953463871834925,False,True,1.00175588342885,False,False,696152
64,22,random,8192,independent,27.762,27.4292,27.8171,27.1463,27.0951,27.7059,27.3671,27.3604,27.3685,1.0226808073291755,False,False,1.014429734973746,True,False,706288
64,22,shared,1,dependent,24.3393,24.2942,24.4107,29.9921,29.8766,30.5178,24.5081,24.4789,24.5939,0.8115237012413269,False,True,0.9931124811796918,False,True,690447
64,22,shared,1,independent,20.0731,19.8521,20.1436,25.2545,25.1759,25.861,20.6384,20.5505,20.6853,0.7948326040903602,False,True,0.9726093107992867,False,True,689704
64,22,shared,8192,dependent,37.5118,37.3687,38.2679,41.5759,41.159,41.6218,37.9874,37.9157,38.6665,0.9022486584776277,False,True,0.9874800591775168,False,False,702416
64,22,shared,8192,independent,27.1566,27.0263,27.1679,27.4059,27.2178,27.7358,28.2121,28.1391,28.3125,0.9909034186069424,False,True,0.9625869750922477,False,True,704768
64,23,random,1,dependent,21.8617,21.8562,21.8629,30.0397,29.9672,30.5037,21.2353,21.2128,21.5573,0.7277602639174159,False,True,1.0294980527706226,True,False,741815
64,23,random,1,independent,16.7085,16.6859,16.7549,25.2792,25.2771,25.9438,15.8886,15.8852,15.9758,0.6609584164055825,False,True,1.0516030361391187,True,False,740824
64,23,random,8192,dependent,37.7832,37.6415,38.0888,41.6555,41.4732,42.0305,37.8351,37.5297,37.996,0.9070398866896328,False,True,0.9986282578875172,False,False,736852
64,23,random,8192,independent,27.9545,27.8147,27.9893,27.3626,27.2969,27.7475,27.7261,27.6114,27.79,1.0216317162842712,True,False,1.0082377254644541,True,False,734792
64,23,shared,1,dependent,24.7242,24.6288,24.8344,30.0372,30.0009,30.5228,25.147,24.9788,25.1584,0.8231193320282849,False,True,0.9831868612558159,False,True,741830
64,23,shared,1,independent,20.2318,20.0612,20.2626,25.4463,25.3819,26.0258,21.0992,20.7695,21.1142,0.7950782628515737,False,True,0.9588894365663153,False,True,736064
64,23,shared,8192,dependent,37.9989,37.9417,38.057,41.7288,41.5818,42.0211,38.4387,38.34,38.7234,0.910615689883246,False,True,0.9885584059814718,False,True,735977
64,23,shared,8192,independent,27.6335,27.3783,27.6397,27.2511,27.1716,27.6723,28.6106,28.4554,28.6268,1.0140324610749658,False,False,0.9658483219506058,False,True,727552
64,24,random,1,dependent,23.1176,23.1126,23.131,30.3316,30.2541,30.8312,23.3183,23.2767,23.3351,0.7621622334463067,False,True,0.9913930260782303,False,True,788400
64,24,random,1,independent,17.5061,17.4691,17.5327,25.6242,25.5913,26.2377,17.9453,17.871,18.1793,0.683186206788895,False,True,0.9755256250940357,False,True,779864
64,24,random,8192,dependent,37.8371,37.7079,38.1082,42.4715,41.9735,42.4732,38.1175,37.9686,38.1241,0.890882120951697,False,True,0.9926437987800879,False,False,770641
64,24,random,8192,independent,26.6493,26.0036,26.8162,27.2062,27.0562,27.552,27.1797,26.9839,27.195,0.9795304011585595,False,True,0.9804854358215874,False,True,771192
64,24,shared,1,dependent,25.0154,24.9684,25.0605,30.4352,30.3284,30.8821,25.1201,25.0887,25.1484,0.8219232993376091,False,True,0.9958320229616919,False,True,813878
64,24,shared,1,independent,20.5112,20.4548,20.5535,25.3704,25.3449,25.983,20.9297,20.8972,21.0742,0.8084697127361019,False,True,0.9800044912253878,False,True,825064
64,24,shared,8192,dependent,39.1616,39.1203,39.3407,42.2335,41.9941,42.6015,39.3805,39.2196,39.4378,0.9272639018788402,False,True,0.9944414113584135,False,False,764718
64,24,shared,8192,independent,29.164,28.3864,29.2506,27.1063,27.1009,27.6664,29.3967,29.3226,29.4201,1.075912241803566,True,False,0.9920841454993249,False,True,765928
64,25,random,1,dependent,22.7131,22.4635,22.7188,30.4196,30.3882,30.9345,22.861,22.7693,23.0112,0.7466600481268656,False,True,0.9935304667337387,False,True,801331
64,25,random,1,independent,17.1262,17.0933,17.1342,25.2226,25.2223,25.8725,17.4641,17.3675,17.5179,0.6790021647252861,False,True,0.9806517369918863,False,True,801736
64,25,random,8192,dependent,38.1314,38.0401,38.2819,42.3544,42.1191,42.6289,37.9078,37.7275,38.0045,0.9002937121054719,False,True,1.0058985222038734,True,False,811855
64,25,random,8192,independent,26.2023,25.9223,27.0537,27.1553,27.1252,27.6327,26.9287,26.9251,27.0471,0.9649055617135514,False,True,0.9730250624798079,False,False,814448
64,25,shared,1,dependent,25.3391,25.2561,25.3442,30.6363,30.5919,31.0884,25.288,25.2497,25.4622,0.8270940028658813,False,True,1.0020207212907306,False,False,797571
64,25,shared,1,independent,20.407,20.3274,20.8664,25.409,25.3874,25.9005,20.9903,20.7947,21.0914,0.8031406194655437,False,True,0.9722109736402051,False,False,804080
64,25,shared,8192,dependent,39.2106,39.033,39.5004,42.2252,42.2072,43.1533,39.562,39.3985,39.7407,0.9286066140598505,False,True,0.9911177392447298,False,False,820948
64,25,shared,8192,independent,29.3686,28.4627,29.5849,27.2045,27.1704,27.6382,29.5471,29.4689,29.6183,1.0795493392637248,True,False,0.9939587979869429,False,False,821448
64,26,random,1,dependent,22.6983,22.6632,22.7461,30.4133,30.386,30.9112,22.7198,22.6474,22.7955,0.7463280867252157,False,True,0.9990536888528948,False,False,836181
64,26,random,1,independent,17.0415,16.9805,17.4497,25.1054,25.1053,25.745,17.3596,17.2873,17.4492,0.6787981868442645,False,True,0.9816758450655544,False,False,835520
64,26,random,8192,dependent,38.0762,37.9705,38.1683,42.6533,42.3277,43.4024,37.9078,37.8842,37.9132,0.892690600727259,False,True,1.0044423575095363,True,False,825268
64,26,random,8192,independent,27.1279,26.4911,27.13,27.0055,26.9968,27.4409,26.9748,26.7483,27.3011,1.0045324100646165,False,False,1.0056756676601866,False,False,827768
64,26,shared,1,dependent,24.9751,24.8327,25.0475,30.5734,30.4858,31.0038,25.0571,25.0202,25.099,0.8168898454211831,False,True,0.9967274744483601,False,False,807624
64,26,shared,1,independent,20.2996,20.0889,20.3359,25.1696,25.1278,25.8069,20.6102,20.5697,20.6861,0.8065126183967962,False,True,0.9849297920447159,False,True,810288
64,26,shared,8192,dependent,39.4103,39.4099,39.6733,42.9821,42.6263,43.2892,39.5237,39.3413,39.8407,0.916900291051391,False,True,0.997130835422797,False,False,828093
64,26,shared,8192,independent,29.6063,28.7687,29.7203,27.0329,27.0049,27.5402,29.619,29.5372,29.9565,1.0951951141017058,True,False,0.9995712211755968,False,False,829536
64,27,random,1,dependent,21.538,21.4586,21.5506,30.6134,30.5293,31.0129,21.2559,21.0847,21.3247,0.7035481194509594,False,True,1.0132716092943606,True,False,864032
64,27,random,1,independent,15.3949,15.2935,15.4631,24.8443,24.8414,25.4813,15.4569,15.3351,15.5142,0.6196552126644743,False,True,0.9959888464051654,False,False,863512
64,27,random,8192,dependent,38.4905,38.0299,38.6713,43.0783,42.7314,43.3123,38.4545,38.394,38.4992,0.8935009041675275,False,True,1.0009361713193512,False,False,869319
64,27,random,8192,independent,27.6739,26.7489,27.7319,26.8616,26.8333,27.1971,27.6122,27.3844,27.6488,1.0302401941805404,False,False,1.0022345195239786,False,False,871928
64,27,shared,1,dependent,25.2613,25.2267,25.36,30.3854,30.3734,30.8263,25.5468,25.4998,25.5727,0.8313630888518827,False,True,0.9888244320227972,False,True,812840
64,27,shared,1,independent,21.2005,20.8649,21.2783,25.1557,25.1321,25.7786,21.4813,21.3647,21.5777,0.8427712208366296,False,True,0.9869281654276045,False,True,808608
64,27,shared,8192,dependent,39.8118,39.7719,40.106,43.1606,42.8782,43.468,40.0046,39.9202,40.0369,0.9224107171818741,False,True,0.9951805542362627,False,False,873360
64,27,shared,8192,independent,30.1272,29.0068,30.1434,26.8376,26.7808,27.2395,30.2399,30.0601,30.3314,1.1225742987450442,True,False,0.9962731358238618,False,False,873408
64,28,random,1,dependent,22.313,22.2967,22.3899,30.462,30.4456,30.9243,22.6974,22.6469,22.7762,0.7324863764690434,False,True,0.9830641395049654,False,True,899116
64,28,random,1,independent,16.6568,16.566,16.754,24.6525,24.6305,25.2608,17.1641,17.118,17.2355,0.6756637257884596,False,True,0.970444124655531,False,True,898296
64,28,random,8192,dependent,38.6628,38.63,38.7204,43.4478,43.2109,43.6021,38.9227,38.8423,39.0658,0.8898678414096916,False,True,0.9933226626107644,False,True,904182
64,28,random,8192,independent,26.9587,26.0383,27.0602,26.7544,26.6474,27.1992,27.2512,27.0222,27.3526,1.0076361271417038,False,False,0.9892665277125411,False,False,898912
64,28,shared,1,dependent,26.2902,26.288,26.5719,30.5977,30.5692,31.0607,26.3891,26.2551,26.4388,0.8592214447491151,False,True,0.9962522405083917,False,False,912259
64,28,shared,1,independent,21.7043,21.4921,22.3222,24.6467,24.6168,25.2882,22.3194,22.2168,22.3644,0.8806168777158808,False,True,0.972441015439483,False,False,902456
64,28,shared,8192,dependent,40.381,40.3637,40.5985,43.1384,43.0931,43.7669,40.6131,40.5847,40.82,0.9360801513268922,False,True,0.9942850952032718,False,False,900485
64,28,shared,8192,independent,29.7259,29.5122,31.1943,26.7346,26.6834,27.2486,30.6823,30.5329,30.9385,1.1118887135023527,True,False,0.9688289339456299,False,False,907032
64,29,random,1,dependent,23.0529,22.931,23.0916,30.5265,30.5218,31.001,23.0267,23.0259,23.0339,0.7551766497960789,False,True,1.0011378095862629,False,False,925337
64,29,random,1,independent,17.1597,17.1312,17.1794,24.5696,24.5638,25.1758,17.4511,17.3429,17.4848,0.6984118585569159,False,True,0.9833019122003771,False,True,924944
64,29,random,8192,dependent,39.0378,38.5813,39.9431,43.5551,43.4444,45.568,38.8484,38.7373,39.5243,0.8962853948217314,False,True,1.0048753616622563,False,False,935012
64,29,random,8192,independent,27.0212,26.4312,27.6003,26.7808,26.728,27.461,27.6487,27.529,28.5417,1.0089765802365875,False,False,0.9773045387305732,False,False,936392
64,29,shared,1,dependent,26.1682,25.7402,26.1825,30.6099,30.6023,31.0617,26.2052,26.0993,26.2212,0.8548933514973913,False,True,0.99858806649062,False,False,817040
64,29,shared,1,independent,21.5625,21.2919,21.7203,24.5715,24.5606,25.689,21.5493,21.3989,21.8593,0.8775410536597277,False,True,1.0006125488995004,False,False,810320
64,29,shared,8192,dependent,41.1573,41.1105,41.1602,43.7807,43.4642,43.8622,41.11,41.0671,41.3152,0.9400786191175563,False,True,1.0011505716370712,False,False,927927
64,29,shared,8192,independent,30.0165,29.9609,30.0205,26.7695,26.7277,27.3775,30.9229,30.7894,30.9839,1.1212947570929603,True,False,0.9706883895106864,False,True,937624
64,30,random,1,dependent,23.9754,23.8483,24.127,30.7815,30.7126,31.2617,23.933,23.8099,23.9464,0.7788899176453389,False,True,1.0017716124180003,False,False,972528
64,30,random,1,independent,18.6654,18.3827,18.7151,24.5202,24.4886,25.1052,18.6866,18.675,18.7223,0.7612254386179559,False,True,0.9988654972012032,False,False,971368
64,30,random,8192,dependent,39.5474,39.5426,39.7354,43.8821,43.8392,44.6895,39.5863,39.4818,39.9587,0.901219403811577,False,True,0.9990173368059152,False,False,973777
64,30,random,8192,independent,27.7288,26.3622,27.8243,27.054,26.4814,28.2908,27.9761,27.3134,28.9196,1.0249427071782362,False,False,0.9911603118376042,False,False,968272
64,30,shared,1,dependent,26.6556,26.2565,26.7784,30.6174,30.6054,31.0522,26.536,26.4037,26.6654,0.8706029904564071,False,True,1.0045070847151039,False,False,1014508
64,30,shared,1,independent,21.8827,21.8685,22.4597,24.5709,24.5563,25.1713,22.1022,22.0466,22.2846,0.8905941581301458,False,True,0.9900688619232475,False,False,1007160
64,30,shared,8192,dependent,41.7616,41.5313,41.8509,44.0154,43.8767,44.31,41.6484,41.6277,41.8183,0.9487951944092295,False,True,1.002717991567503,False,False,967179
64,30,shared,8192,independent,30.3995,30.3485,30.4601,26.5444,26.5227,27.1204,31.1723,31.1362,31.1862,1.1452321393589608,True,False,0.9752087590585231,False,True,963616
64,31,random,1,dependent,16.7576,16.7136,16.758,30.6877,30.6274,31.0885,16.8282,16.8275,16.8285,0.5460689461901674,False,True,0.9958046612234227,False,True,997333
64,31,random,1,independent,5.4545,5.43877,5.47646,24.3267,24.2934,24.9214,5.55916,5.53967,5.56949,0.22421865686673492,False,True,0.9811734146885501,False,True,997240
64,31,random,8192,dependent,31.3718,31.3213,31.3781,43.4106,43.3967,44.0291,31.9211,31.9038,32.0276,0.7226760284354512,False,True,0.9827919463928249,False,True,990177
64,31,random,8192,independent,10.1868,10.185,10.2313,26.3787,26.3511,26.9203,10.4215,10.4191,10.4227,0.386175209544064,False,True,0.9774792496281726,False,True,997880
64,31,shared,1,dependent,16.7379,16.7365,16.7467,30.7068,30.7056,31.0997,16.8425,16.8332,16.8654,0.5450877330102778,False,True,0.9937895205581119,False,True,976865
64,31,shared,1,independent,5.47743,5.4767,5.49371,24.371,24.3457,24.9887,5.558,5.55472,5.58029,0.22475195929588446,False,True,0.9855037783375316,False,True,972024
64,31,shared,8192,dependent,31.3254,31.2935,31.3635,43.3026,43.2749,43.7437,31.838,31.7827,31.956,0.7234069085920938,False,True,0.9838997424461334,False,True,1003136
64,31,shared,8192,independent,10.1728,10.1658,10.2064,26.4051,26.3645,26.8824,10.4376,10.42,10.4758,0.3852589083169539,False,True,0.9746301831838737,False,True,993896
64,32,random,1,dependent,25.0447,24.9877,25.0477,31.0368,31.0299,31.4677,24.9136,24.862,24.9184,0.8069356376946076,False,True,1.0052621861152142,True,False,1034317
64,32,random,1,independent,18.9274,18.8389,19.0563,24.6826,24.6736,25.2551,18.8817,18.8606,18.9211,0.7668316952022882,False,True,1.0024203329149388,False,False,1037872
64,32,random,8192,dependent,46.2976,46.1746,46.352,43.8917,43.6893,44.5784,46.8316,46.7738,47.0552,1.0548144637824464,True,False,0.9885974427523296,False,True,1039888
64,32,random,8192,independent,33.2193,32.5937,33.2632,26.4406,26.4153,26.9046,33.4625,33.3455,33.5734,1.25637466623299,True,False,0.992732162868883,False,True,1029888
64,32,shared,1,dependent,29.2163,29.1772,29.257,31.0458,31.0453,31.4532,28.989,28.9702,29.016,0.9410709339105451,False,True,1.007840905170927,True,False,988739
64,32,shared,1,independent,24.9212,24.9204,25.0281,24.7135,24.704,25.4052,24.9502,24.8813,25.0427,1.0084043134319298,False,False,0.9988376846678584,False,False,992000
64,32,shared,8192,dependent,48.561,48.3998,48.605,44.0226,43.7581,44.6593,48.3487,48.335,48.5175,1.1030925024873588,True,False,1.004391017752287,False,False,1025859
64,32,shared,8192,independent,37.4084,37.2793,37.6075,26.9061,26.7696,27.4677,36.0122,35.9385,36.2495,1.3903315605011504,True,False,1.038770194545182,True,False,1030072
64,63,random,1,dependent,19.3133,19.2981,19.3346,19.4887,19.4676,19.5021,19.4431,19.436,19.4826,0.9909999127699641,False,True,0.9933241098384518,False,True,2048376
64,63,random,1,independent,6.50423,6.49615,6.51283,6.71777,6.71652,6.7563,6.5508,6.5426,6.57365,0.9682126658102317,False,True,0.9928909446174513,False,True,2049496
64,63,random,8192,dependent,41.2133,41.1979,44.3458,42.114,41.8601,45.2917,42.0348,42.0218,45.1602,0.9786128128413354,False,False,0.9804566692359664,False,False,2069517
64,63,random,8192,independent,13.6437,13.6314,14.9073,14.2706,14.2455,15.5289,13.8948,13.8698,14.9794,0.9560705226129246,False,False,0.9819284912341308,False,False,2071696
64,63,shared,1,dependent,19.3127,19.2984,19.6663,19.4781,19.4761,19.862,19.4668,19.4438,19.8287,0.9915084120114384,False,False,0.9920839583290526,False,False,1986700
64,63,shared,1,independent,6.52168,6.50914,6.78111,6.72876,6.71426,7.01062,6.59801,6.58835,6.80293,0.9692246416873243,False,False,0.9884313603647159,False,False,1986464
64,63,shared,8192,dependent,41.4834,41.3936,41.8675,42.2701,42.2141,42.3449,42.2858,42.2312,42.2914,0.9813887357730406,False,True,0.9810243627884538,False,True,2033355
64,63,shared,8192,independent,13.5963,13.5481,13.6285,14.3116,14.2012,14.34,13.8535,13.7808,13.8903,0.9500195645490371,False,True,0.9814342945825963,False,True,2048176
128,1,random,1,dependent,8.64943,8.63319,8.65016,9.31082,9.29355,9.31187,9.35272,9.33961,9.35323,0.9289654402082739,False,True,0.9248036934709903,False,True,25808
128,1,random,1,independent,2.77425,2.77359,2.77702,2.89737,2.88609,2.90254,2.93491,2.93279,2.93639,0.9575062901873077,False,True,0.9452589687588375,False,True,22664
128,1,random,8192,dependent,13.8573,13.8236,13.9022,14.3032,14.2571,14.3102,14.242,14.1831,14.3104,0.9688251580066,False,True,0.972988344333661,False,True,19304
128,1,random,8192,independent,4.09167,4.07941,4.13499,4.09145,4.07455,4.10779,4.15883,4.15314,4.1821,1.0000537706681005,False,False,0.9838512273884722,False,True,16216
128,1,shared,1,dependent,8.63567,8.63394,8.64932,9.31232,9.29582,9.31364,9.35472,9.34087,9.35727,0.9273381928456066,False,True,0.9231350590931635,False,True,25808
128,1,shared,1,independent,2.77359,2.69789,2.776,2.87984,2.87941,2.89565,2.93405,2.93317,2.93448,0.9631055891993999,False,True,0.945311088768085,False,True,22664
128,1,shared,8192,dependent,13.8699,13.8397,13.9183,14.3072,14.2927,14.3908,14.2274,14.2027,14.4996,0.9694349698054127,False,True,0.9748724292562239,False,True,19304
128,1,shared,8192,independent,4.08247,4.07184,4.13594,4.09549,4.06339,4.12253,4.16016,4.1485,4.1767,0.9968208932264515,False,False,0.9813252374908656,False,True,16216
128,2,random,1,dependent,13.0254,13.0223,13.0262,9.53049,9.51376,9.53329,9.57233,9.55991,9.5724,1.3667083224472192,True,False,1.3607345338073384,True,False,54302
128,2,random,1,independent,5.15576,5.15292,5.15654,2.88065,2.87854,2.88136,2.93129,2.93094,2.94536,1.7897904986721747,True,False,1.7588706678629544,True,False,55704
128,2,random,8192,dependent,19.4712,19.1394,19.4722,15.0634,14.7173,15.1263,15.0269,14.6745,15.0799,1.2926165407544115,True,False,1.295756277076443,True,False,50200
128,2,random,8192,independent,7.6226,7.5424,7.63559,4.27422,4.23431,4.29619,4.35718,4.28783,4.36214,1.783389717890048,True,False,1.7494342671177232,True,False,50216
128,2,shared,1,dependent,12.9916,12.9898,13.0214,9.47795,9.47487,9.47855,9.51846,9.50629,9.5226,1.3707183515422638,True,False,1.364884655711113,True,False,62904
128,2,shared,1,independent,5.16914,5.16766,5.18253,2.88084,2.88049,2.8817,2.93423,2.93321,2.93611,1.794316935338304,True,False,1.761668308210331,True,False,62816
128,2,shared,8192,dependent,19.3996,19.0939,19.4019,15.0617,14.7082,15.1106,15.0203,14.6804,15.0593,1.28800865772124,True,False,1.2915587571486586,True,False,49816
128,2,shared,8192,independent,7.63484,7.53314,7.63565,4.27306,4.20717,4.27354,4.35384,4.29315,4.36263,1.7867383093146363,True,False,1.7535876375796997,True,False,49880
128,3,random,1,dependent,11.8373,11.8349,11.8405,11.317,11.2996,11.319,11.4526,11.4501,11.4534,1.0459750817354423,True,False,1.0335906257094458,True,False,83896
128,3,random,1,independent,4.33951,4.28348,4.34421,4.05835,4.056,4.09326,4.13147,4.12885,4.14531,1.0692793869429693,True,False,1.0503549584046354,True,False,83768
128,3,random,8192,dependent,19.0107,18.8455,19.0727,17.9863,17.6835,18.0252,17.8785,17.5659,17.9563,1.0569544597832794,True,False,1.0633274603574125,True,False,81400
128,3,random,8192,independent,6.53481,6.45468,6.55977,6.18518,6.11418,6.22665,6.22319,6.1591,6.23163,1.056527053375973,True,False,1.05007399741933,True,False,80640
128,3,shared,1,dependent,11.5125,11.5109,11.5875,11.0398,11.0394,11.042,11.1466,11.1315,11.148,1.0428178046703744,True,False,1.0328261532664669,True,False,84128
128,3,shared,1,independent,4.28215,4.26962,4.28351,4.06018,4.05734,4.07526,4.13223,4.13144,4.13266,1.0546699900004433,True,False,1.0362806523354218,True,False,88824
128,3,shared,8192,dependent,18.9592,18.8806,19.1231,18.0697,17.7431,18.1179,17.9972,17.7113,18.0486,1.049226052452448,True,False,1.0534527593181162,True,False,81800
128,3,shared,8192,independent,6.5269,6.43568,6.53517,6.26385,6.17456,6.27751,6.21136,6.16592,6.22765,1.0419949392147003,True,False,1.0508004688184232,True,False,81048
128,4,random,1,dependent,16.5634,16.5426,16.5934,11.1721,11.1712,11.1837,11.2925,11.2917,11.2926,1.4825681832421838,True,False,1.466761124640248,True,False,120342
128,4,random,1,independent,7.59329,7.59071,7.59634,4.05736,4.05717,4.05779,4.13261,4.13176,4.13379,1.8714853993729912,True,False,1.837407836694002,True,False,118968
128,4,random,8192,dependent,24.7743,24.6915,24.7979,18.4164,18.1527,18.6179,18.2844,18.2498,18.5304,1.3452303381768425,True,False,1.3549419177003346,True,False,111930
128,4,random,8192,independent,11.1704,11.1048,11.2091,6.34125,6.26611,6.34358,6.33435,6.3078,6.35568,1.7615454366252712,True,False,1.7634642859961955,True,False,113536
128,4,shared,1,dependent,16.5348,16.5256,16.5901,11.1991,11.1944,11.232,11.3177,11.3101,11.3472,1.4764400710771401,True,False,1.4609682179241366,True,False,131314
128,4,shared,1,independent,7.60835,7.59483,7.6747,4.06096,4.05899,4.07269,4.13216,4.13156,4.13298,1.8735348292029472,True,False,1.841252516843491,True,False,133544
128,4,shared,8192,dependent,24.7822,24.6692,24.87,18.4597,18.3065,18.7214,18.3509,18.1339,18.6642,1.3425028575762334,True,False,1.3504623751423637,True,False,114065
128,4,shared,8192,independent,11.1564,11.0977,11.2112,6.31602,6.25761,6.34296,6.34961,6.31409,6.3629,1.7663655276582404,True,False,1.7570212973710195,True,False,113296
128,5,random,1,dependent,16.5235,16.5233,16.5386,21.0418,21.0,21.1963,21.3622,21.2949,21.6258,0.7852702715547148,False,True,0.7734924305549052,False,True,145697
128,5,random,1,independent,7.5945,7.59161,7.59717,16.4871,16.4213,16.7014,17.6509,17.5786,17.8221,0.4606328584165802,False,True,0.4302613464469234,False,True,146520
128,5,random,8192,dependent,25.6132,25.5625,25.6328,29.7599,29.7223,29.8362,30.2212,30.0613,30.2233,0.8606614941582466,False,True,0.8475242544968432,False,True,147670
128,5,random,8192,independent,11.2734,11.2474,11.3405,18.2101,18.0712,18.3806,19.2414,19.196,19.2494,0.6190740303457971,False,True,0.5858929183947115,False,True,147368
128,5,shared,1,dependent,16.5071,16.5052,16.5272,19.5051,19.3504,19.7032,19.8214,19.7381,19.9055,0.8462966096046676,False,True,0.8327918310512881,False,True,147513
128,5,shared,1,independent,7.60242,7.59267,7.60519,14.3816,14.2013,14.4365,15.1489,15.139,15.3692,0.5286212938755076,False,True,0.5018463386780558,False,True,146968
128,5,shared,8192,dependent,25.4708,25.4383,25.7733,29.9613,29.5551,29.9883,30.3583,29.9187,30.4518,0.8501233257568931,False,True,0.8390061367072597,False,True,144776
128,5,shared,8192,independent,11.4323,11.2295,11.4386,18.1693,18.0058,18.4137,19.2532,19.0625,19.4045,0.629209710885945,False,True,0.5937870068352273,False,True,146096
128,6,random,1,dependent,16.5679,16.5672,16.6138,22.1067,22.1011,22.287,22.3074,22.1254,22.3252,0.7494515237461946,False,True,0.742708697562244,False,True,180528
128,6,random,1,independent,7.59303,7.59175,7.59477,16.986,16.9738,17.1962,17.5479,17.5119,17.6377,0.44701695513952666,False,True,0.4327030584856308,False,True,180992
128,6,random,8192,dependent,26.2784,26.2455,26.284,30.925,30.9115,31.0078,30.9464,30.8808,30.9644,0.8497461600646726,False,True,0.8491585450973296,False,True,180010
128,6,random,8192,independent,11.4805,11.4709,11.5416,18.135,18.0473,18.3094,18.721,18.6384,18.7289,0.6330576233802039,False,True,0.613241814005662,False,True,178536
128,6,shared,1,dependent,16.5548,16.5516,16.5563,22.4138,22.4111,22.5802,22.4133,22.3469,22.5582,0.7385985419696794,False,True,0.738615018761182,False,True,181720
128,6,shared,1,independent,7.60413,7.59032,7.6057,16.9337,16.9017,17.1591,17.4703,17.4387,17.4821,0.44905307168545555,False,True,0.4352604133872915,False,True,184096
128,6,shared,8192,dependent,26.5108,26.4703,26.6581,31.4865,31.4628,31.6071,31.6703,31.5339,31.7075,0.841973544217363,False,True,0.8370871131628055,False,True,179740
128,6,shared,8192,independent,11.5154,11.4974,11.6527,18.2039,18.1317,18.3395,18.6556,18.6311,18.7028,0.6325787331286152,False,True,0.6172623769806385,False,True,179432
128,7,random,1,dependent,14.832,14.83,14.8339,22.3427,22.326,22.487,22.1096,22.1073,22.2947,0.663840986093892,False,True,0.670839816188443,False,True,206760
128,7,random,1,independent,5.99908,5.99571,5.99998,16.1715,16.1698,16.3552,16.7226,16.6497,16.8089,0.3709662059796555,False,True,0.3587408656548623,False,True,207432
128,7,random,8192,dependent,25.2006,25.1439,25.2548,32.0537,31.9562,32.2411,31.8326,31.7172,32.1326,0.7861994091165763,False,True,0.7916601220132821,False,True,215412
128,7,random,8192,independent,9.55051,9.50121,9.60689,17.8315,17.7979,18.0033,18.2922,18.2544,18.3938,0.5355976782659899,False,True,0.5221083303265872,False,True,213896
128,7,shared,1,dependent,14.8304,14.8266,14.8329,22.3498,22.345,22.4634,22.0834,22.0812,22.2636,0.6635585105906988,False,True,0.671563255658096,False,True,179376
128,7,shared,1,independent,5.99985,5.99939,6.03114,16.1748,16.1746,16.3575,16.7327,16.7236,16.8067,0.37093812597373693,False,True,0.3585703442958996,False,True,181176
128,7,shared,8192,dependent,25.427,25.3822,25.591,32.3511,32.2898,32.7323,32.1043,32.0701,32.6401,0.7859701833940731,False,True,0.7920122849587127,False,True,211362
128,7,shared,8192,independent,9.56607,9.54639,9.67213,17.9012,17.8273,18.0395,18.3299,18.299,18.4268,0.5343814939780573,False,True,0.5218833708858205,False,True,211800
128,8,random,1,dependent,20.3248,20.3206,20.3355,22.3654,22.3607,22.4626,22.1076,22.0954,22.3082,0.9087608538188451,False,True,0.9193580488157918,False,True,246067
128,8,random,1,independent,9.87962,9.879,9.88403,16.1707,16.1704,16.3868,16.7344,16.7232,16.8076,0.6109580908680514,False,True,0.5903779041973419,False,True,247352
128,8,random,8192,dependent,30.9657,30.8729,30.9715,32.6161,32.4115,32.9289,32.393,32.1541,32.728,0.9493992230830784,False,True,0.9559380112987373,False,True,243998
128,8,random,8192,independent,15.832,15.8218,16.0538,18.2002,18.0974,18.4002,18.619,18.5849,18.8944,0.8698805507631785,False,True,0.8503141951769698,False,True,243568
128,8,shared,1,dependent,20.3459,20.343,20.3571,22.3409,22.2012,22.4835,22.1028,22.0906,22.2865,0.9107018965216263,False,True,0.9205123332790417,False,True,243008
128,8,shared,1,independent,9.88194,9.87576,9.92769,16.1855,16.1726,16.3563,16.726,16.6838,16.7327,0.6105427697630595,False,True,0.5908131053449719,False,True,246336
128,8,shared,8192,dependent,31.3734,31.2995,31.4507,33.062,32.8504,33.3339,32.8444,32.8327,33.2032,0.9489262597544009,False,True,0.9552130652409543,False,True,243147
128,8,shared,8192,independent,15.8078,15.6993,15.9121,18.0767,18.0684,18.261,18.5759,18.5549,18.7061,0.8744848340681651,False,True,0.8509843399243106,False,True,243632
128,9,random,1,dependent,20.3719,20.3622,20.3775,22.7112,22.703,22.7941,22.6232,22.6208,22.7069,0.8969979569551586,False,True,0.900487110576753,False,True,275322
128,9,random,1,independent,9.87355,9.87117,9.88019,16.9428,16.9403,17.1258,17.1096,17.0829,17.1105,0.5827578676487948,False,True,0.5770766119605367,False,True,273872
128,9,random,8192,dependent,31.9451,31.9393,31.9672,33.6248,33.4821,33.7785,33.3076,33.3065,33.4906,0.9500457995289191,False,True,0.9590934201203328,False,True,278889
128,9,random,8192,independent,15.9873,15.9862,16.0543,18.735,18.66,18.8416,18.8392,18.824,18.8739,0.8533386709367494,False,True,0.8486188373179328,False,True,278008
128,9,shared,1,dependent,20.3767,20.3765,20.3855,22.7623,22.7567,22.808,22.6698,22.6673,22.7561,0.8951951252729293,False,True,0.898847806332654,False,True,253731
128,9,shared,1,independent,9.88051,9.86909,9.88612,16.9759,16.9753,17.1582,17.1405,17.1189,17.1475,0.5820315859542057,False,True,0.5764423441556548,False,True,253600
128,9,shared,8192,dependent,31.9364,31.9356,31.9439,33.5582,33.2895,33.6434,33.295,32.9756,33.4415,0.9516720205493739,False,True,0.9591950743354857,False,True,281003
128,9,shared,8192,independent,15.9744,15.9565,16.0571,18.7235,18.6646,18.8189,18.8579,18.802,18.8594,0.8531738189975164,False,True,0.847093260649383,False,True,278184
128,10,random,1,dependent,20.3534,20.3529,20.3736,22.616,22.6072,22.6506,22.5284,22.52,22.5962,0.8999557835160948,False,True,0.903455194332487,False,True,312636
128,10,random,1,independent,9.86949,9.86554,9.87117,16.8326,16.8314,17.0139,16.9995,16.9653,17.0092,0.5863318798046648,False,True,0.58057531103856,False,True,311896
128,10,random,8192,dependent,32.4509,32.3949,32.5928,33.9333,33.8276,34.0815,33.6938,33.5339,33.9462,0.9563142989334958,False,True,0.9631119078287398,False,True,313402
128,10,random,8192,independent,16.0385,15.992,16.1221,18.7236,18.7019,18.8222,18.8376,18.8137,18.8545,0.8565927492576213,False,True,0.8514088843589417,False,True,313656
128,10,shared,1,dependent,20.3891,20.3785,20.3991,22.5621,22.5495,22.5836,22.4875,22.468,22.5686,0.9036880432229268,False,True,0.9066859366314619,False,True,290904
128,10,shared,1,independent,9.88416,9.86452,9.88528,16.7939,16.7794,16.9569,16.9398,16.909,16.9422,0.5885565592268621,False,True,0.5834874083519285,False,True,293328
128,10,shared,8192,dependent,32.6034,32.5243,32.7113,34.3568,34.0555,34.3752,34.1853,33.8699,34.2487,0.9489649792763005,False,True,0.9537257242147942,False,True,310579
128,10,shared,8192,independent,16.1356,16.099,16.2377,18.758,18.7249,18.8034,18.8273,18.8177,18.8649,0.8601983153854356,False,True,0.8570320757623239,False,True,310808
128,11,random,1,dependent,20.4035,20.3943,20.4093,22.7493,22.7453,22.8795,22.6878,22.6842,22.7663,0.89688473931066,False,True,0.8993159319105423,False,True,339827
128,11,random,1,independent,9.88731,9.87793,9.9201,16.979,16.9366,17.118,17.1023,17.074,17.1404,0.5823258142411214,False,True,0.5781275033182671,False,True,342144
128,11,random,8192,dependent,33.1676,33.0344,33.1959,34.3828,34.2421,34.6933,34.118,34.0861,34.4524,0.9646567469781402,False,True,0.9721437364441057,False,True,343484
128,11,random,8192,independent,16.1672,16.1427,16.2025,18.6848,18.6399,18.8554,18.8025,18.7687,18.8688,0.8652594622366845,False,True,0.859843105969951,False,True,343128
128,11,shared,1,dependent,20.4208,20.418,20.423,22.7293,22.5467,22.7434,22.6425,22.4443,22.7102,0.8984350595926844,False,True,0.9018792094512532,False,True,361509
128,11,shared,1,independent,9.88196,9.88034,9.88318,16.9075,16.9055,17.0897,17.0703,17.0471,17.0793,0.5844719798905811,False,True,0.5788978518245139,False,True,367088
128,11,shared,8192,dependent,33.3745,33.2959,33.3901,34.7982,34.4776,34.8656,34.5444,34.2847,34.6466,0.9590869642682667,False,True,0.9661334398629009,False,True,344264
128,11,shared,8192,independent,16.222,16.1873,16.3046,18.8318,18.7725,18.9121,18.9187,18.8925,18.9207,0.8614152656676473,False,True,0.8574584934482814,False,True,343944
128,12,random,1,dependent,20.3974,20.3889,20.4012,23.8744,23.8308,23.9928,23.7905,23.7638,24.0566,0.8543628321549442,False,True,0.8573758432987957,False,True,385108
128,12,random,1,independent,9.88716,9.88376,9.91621,18.3072,18.2751,18.4704,18.7085,18.6682,18.8447,0.5400694808599894,False,True,0.5284849132747147,False,True,377000
128,12,random,8192,dependent,33.2913,33.2738,33.4776,36.1636,36.0288,36.2546,36.0463,35.916,36.224,0.9205748321516662,False,True,0.9235705190269181,False,True,377381
128,12,random,8192,independent,16.509,16.5048,16.5605,20.3899,20.3875,20.5521,20.6153,20.5597,20.7068,0.8096655697183409,False,True,0.8008129884115196,False,True,377112
128,12,shared,1,dependent,20.4236,20.4031,20.4364,24.2181,24.1887,24.3473,24.2101,24.1839,24.3623,0.843319665869742,False,True,0.8435983329271668,False,True,403969
128,12,shared,1,independent,9.88411,9.88049,9.88742,18.423,18.4057,18.5927,18.7117,18.6737,18.7165,0.5365092547359279,False,True,0.5282315342806907,False,True,403648
128,12,shared,8192,dependent,33.496,33.4262,33.8148,36.1318,35.9981,36.9479,36.129,35.9291,36.3782,0.9270504098882426,False,True,0.9271222563591576,False,True,378177
128,12,shared,8192,independent,16.5909,16.5557,16.8046,20.6598,20.4926,20.7707,20.8139,20.7036,20.9845,0.803052304475358,False,True,0.7971067411681617,False,True,378528
128,13,random,1,dependent,20.4424,20.4342,20.4438,24.5784,24.5721,24.825,24.4748,24.4334,24.6858,0.8317221625492303,False,True,0.8352427803291549,False,True,405272
128,13,random,1,independent,9.87991,9.87047,9.88129,19.0914,19.0551,19.268,19.345,19.3039,19.4218,0.5175057879464052,False,True,0.5107216334970277,False,True,410288
128,13,random,8192,dependent,33.8787,33.7105,33.9235,37.4317,37.2551,37.6116,37.2048,37.1704,37.5695,0.9050804531987594,False,True,0.9106002451296608,False,True,405894
128,13,random,8192,independent,16.5983,16.5625,16.628,21.9784,21.9623,22.0335,22.2247,22.1651,22.3199,0.7552096603938411,False,True,0.7468402273146544,False,True,406280
128,13,shared,1,dependent,20.4529,20.4415,20.5344,24.6452,24.4133,24.8249,24.3553,24.2859,24.5551,0.8298938535698636,False,True,0.8397720414037191,False,True,450803
128,13,shared,1,independent,9.87579,9.86748,9.88342,18.9575,18.8942,19.1303,19.2422,19.2097,19.3119,0.5209436898325202,False,True,0.5132360125141616,False,True,449176
128,13,shared,8192,dependent,34.0931,33.9798,34.208,37.6361,37.265,37.9807,37.3988,37.0821,37.6021,0.905861659417421,False,True,0.911609463405243,False,True,409955
128,13,shared,8192,independent,16.8201,16.632,17.125,22.1445,22.1218,22.7613,22.5563,22.3054,22.7842,0.7595610648242227,False,True,0.7456941076329008,False,True,409144
128,14,random,1,dependent,20.46,20.4497,20.4749,24.0864,24.0656,24.3108,23.9546,23.9149,24.1696,0.8494420087684337,False,True,0.8541157022033347,False,True,437602
128,14,random,1,independent,9.87959,9.87946,9.88441,18.4882,18.3161,18.7509,18.8018,18.5526,18.9011,0.5343727350418105,False,True,0.5254597964024721,False,True,439944
128,14,random,8192,dependent,34.022,33.9576,34.0399,37.2917,37.2688,37.3754,37.1498,37.0152,37.1638,0.9123209722270639,False,True,0.9158057378505402,False,True,445663
128,14,random,8192,independent,16.6258,16.6011,16.6975,21.6402,21.574,21.7041,21.7466,21.7008,21.7514,0.7682831027439673,False,True,0.7645241095159704,False,True,444792
128,14,shared,1,dependent,20.4803,20.4606,20.4845,24.0877,24.0811,24.2355,24.0013,23.9712,24.2046,0.8502389186182159,False,True,0.8532996129376326,False,True,489254
128,14,shared,1,independent,9.88034,9.86374,9.88133,18.2732,18.2634,18.4831,18.5115,18.5093,18.5917,0.5407011360900117,False,True,0.5337406477054804,False,True,487216
128,14,shared,8192,dependent,34.122,33.979,34.1685,37.2536,37.2426,37.9352,37.0214,37.0193,37.1529,0.9159383254235832,False,True,0.9216831346194363,False,True,445027
128,14,shared,8192,independent,16.6929,16.6077,16.8633,21.7124,21.6072,21.8092,21.8431,21.791,21.916,0.7688187395221165,False,True,0.7642184488465465,False,True,446024
128,15,random,1,dependent,18.1344,18.123,18.1382,24.6448,24.4932,24.9602,24.4821,24.3781,24.6196,0.7358306823346101,False,True,0.7407207715024446,False,True,479255
128,15,random,1,independent,7.99612,7.9825,8.14093,18.5337,18.3627,18.7904,18.5634,18.5179,18.9179,0.43143678812109837,False,True,0.43074652272751757,False,True,473904
128,15,random,8192,dependent,32.4108,32.3851,32.4452,37.2804,37.2785,37.3327,36.9813,36.9568,36.995,0.8693790839154086,False,True,0.8764105101767651,False,True,476483
128,15,random,8192,independent,13.8428,13.8298,13.8727,21.0545,21.0248,21.1017,21.137,21.093,21.1628,0.6574746491248902,False,True,0.6549084543691158,False,True,472704
128,15,shared,1,dependent,18.1631,18.1631,18.1708,24.5059,24.4874,24.6839,24.4061,24.394,24.6139,0.7411725339612093,False,True,0.7442032934389354,False,True,533459
128,15,shared,1,independent,7.98198,7.97777,7.99243,18.4101,18.3635,18.5315,18.5529,18.5311,18.5612,0.4335652712369841,False,True,0.43022815840111245,False,True,540136
128,15,shared,8192,dependent,32.4791,32.4563,32.6308,37.3062,37.2034,37.3887,37.0057,36.8533,37.2154,0.870608638778541,False,True,0.8776783036126868,False,True,472666
128,15,shared,8192,independent,13.8793,13.8512,13.9962,21.1442,21.078,21.2093,21.2163,21.1511,21.302,0.6564116873658025,False,True,0.6541809834891098,False,True,471792
128,16,random,1,dependent,24.222,24.2175,24.2224,24.2688,24.2092,24.3738,24.1149,24.1079,24.3277,0.9980715981012659,False,False,1.0044412375751093,False,False,510557
128,16,random,1,independent,12.3351,12.331,12.3373,18.0666,18.0092,18.1803,18.1944,18.1563,18.2062,0.6827571319451363,False,True,0.6779613507452842,False,True,509888
128,16,random,8192,dependent,42.0585,41.9796,42.2294,38.1054,38.0797,38.1483,37.4727,37.2969,37.5388,1.1037412020343573,True,False,1.1223770905219,True,False,511132
128,16,random,8192,independent,21.6286,21.627,21.7278,21.3175,21.2863,21.3505,21.4019,21.3867,21.409,1.0145936437199483,True,False,1.0105925174867652,True,False,512240
128,16,shared,1,dependent,24.1964,24.1945,24.1998,24.1841,24.1722,24.311,24.0714,24.0508,24.2878,1.0005085986247162,False,False,1.00519288450194,False,False,494161
128,16,shared,1,independent,12.3337,12.3164,12.3409,18.0433,17.986,18.1526,18.1756,18.1362,18.1987,0.6835612110866638,False,True,0.6785855762670834,False,True,496832
128,16,shared,8192,dependent,42.4607,42.2298,42.501,38.2128,38.1067,38.3237,37.5384,37.4424,37.769,1.1111643219026086,True,False,1.1311270592246871,True,False,506543
128,16,shared,8192,independent,21.696,21.6707,21.8435,21.4218,21.4152,21.5622,21.5012,21.46,21.6811,1.0128000448141612,True,False,1.009059959444124,False,False,506768
128,17,random,1,dependent,24.2486,24.2434,24.2619,30.638,30.6151,31.0044,24.4079,24.3893,24.4133,0.7914550558130425,False,True,0.9934734245879407,False,True,544943
128,17,random,1,independent,12.3329,12.3301,12.3363,24.5502,24.499,25.0712,12.4017,12.39,12.4068,0.5023543596386181,False,True,0.9944523734649282,False,True,545232
128,17,random,8192,dependent,42.3984,42.0581,42.4842,45.4484,45.2121,45.5134,42.4007,42.2353,42.4114,0.9328909268533107,False,True,0.9999457556125253,False,False,545207
128,17,random,8192,independent,21.5912,21.4915,21.6035,27.6204,27.6059,27.8212,21.737,21.6476,21.7511,0.7817120678918481,False,True,0.9932925426691817,False,True,543440
128,17,shared,1,dependent,24.2989,24.2719,24.3036,31.1709,31.1277,31.5211,24.4318,24.4286,24.4391,0.7795379665008069,False,True,0.9945603680449251,False,True,579606
128,17,shared,1,independent,12.3325,12.3324,12.3724,25.1484,25.0728,25.5679,12.4035,12.3996,12.4629,0.4903890505956641,False,True,0.9942758092473899,False,True,584584
128,17,shared,8192,dependent,42.4931,42.4476,42.6446,45.9024,45.8666,45.9566,42.4643,42.3662,42.5475,0.9257271950921956,False,True,1.0006782167609025,False,False,543619
128,17,shared,8192,independent,21.5556,21.4658,21.6764,27.7519,27.7368,27.9106,21.6972,21.6368,21.7261,0.7767251971937056,False,True,0.9934738122891433,False,False,542288
128,18,random,1,dependent,24.2995,24.2837,24.3005,32.1623,32.1355,32.4801,24.4452,24.4424,24.45,0.7555274342941891,False,True,0.9940397296810826,False,True,568444
128,18,random,1,independent,12.3361,12.3327,12.3374,26.2503,26.2282,26.712,12.4022,12.401,12.4083,0.46994129590899913,False,True,0.9946703004305687,False,True,573008
128,18,random,8192,dependent,42.666,42.4783,42.6753,47.3356,47.3248,47.4777,42.5066,42.3546,42.5582,0.9013512029001427,False,True,1.0037500058814395,False,False,569710
128,18,random,8192,independent,21.6612,21.5948,21.9793,28.7654,28.7589,29.0121,21.7993,21.7241,22.1117,0.7530296814923485,False,True,0.9936649341951348,False,False,570176
128,18,shared,1,dependent,24.3097,24.3069,24.8057,32.2879,31.9173,32.5025,24.4724,24.4682,24.9532,0.7529043387770651,False,True,0.9933516941534136,False,False,607116
128,18,shared,1,independent,12.3361,12.3351,12.3368,25.8808,25.8465,26.3723,12.4087,12.4051,12.4125,0.47665064449321504,False,True,0.9941492662406215,False,True,608848
128,18,shared,8192,dependent,42.5262,42.2723,42.6963,47.3276,47.1679,47.5246,42.5054,42.2637,42.5137,0.8985496834827882,False,True,1.000489349588523,False,False,571656
128,18,shared,8192,independent,21.6403,21.5295,21.6583,28.8428,28.7837,29.0281,21.7811,21.6849,21.8161,0.7502842997212475,False,True,0.9935356800161609,False,True,570896
128,19,random,1,dependent,24.3139,24.3099,24.3156,33.2763,33.2478,33.6154,24.4764,24.4712,24.4868,0.7306671715304887,False,True,0.9933609517739537,False,True,604792
128,19,random,1,independent,12.3372,12.336,12.3379,27.5972,27.515,28.124,12.4042,12.4036,12.4043,0.4470453524270578,False,True,0.9945986036987472,False,True,602376
128,19,random,8192,dependent,42.538,42.5016,42.577,49.2351,48.9963,49.3582,42.5653,42.5411,42.847,0.8639771220125478,False,True,0.9993586325011217,False,False,612547
128,19,random,8192,independent,21.6802,21.6766,21.6991,30.2803,30.2598,30.5352,21.8155,21.8061,21.8354,0.715983659342873,False,True,0.9937979876693176,False,True,608088
128,19,shared,1,dependent,24.2994,24.2841,24.3004,32.4761,32.4475,32.856,24.4442,24.4312,24.4899,0.748224078630131,False,True,0.9940763043994076,False,True,586821
128,19,shared,1,independent,12.3352,12.3338,12.3381,26.7777,26.5315,27.044,12.4027,12.3991,12.41,0.460651960399885,False,True,0.9945576366436342,False,True,580336
128,19,shared,8192,dependent,42.922,42.8724,43.0284,49.5195,49.0392,49.6377,42.7804,42.7642,42.7973,0.8667696563979845,False,True,1.0033099269759047,True,False,607176
128,19,shared,8192,independent,21.7125,21.7022,21.7359,30.4395,30.4091,30.6607,21.8875,21.882,21.8942,0.7133001527620362,False,True,0.9920045688178184,False,True,604040
128,20,random,1,dependent,24.3589,24.3579,24.3761,33.7066,33.6606,34.1329,24.5247,24.5226,24.5275,0.7226744910492306,False,True,0.993239468780454,False,True,628787
128,20,random,1,independent,12.3268,12.3171,12.3308,28.6375,28.3546,28.8272,12.4038,12.4027,12.4045,0.4304426014840681,False,True,0.9937922249633176,False,True,632176
128,20,random,8192,dependent,42.562,42.4516,44.2007,50.4699,50.4597,52.0008,42.4189,42.3554,43.4586,0.8433145300466217,False,True,1.0033734962481347,False,False,629307
128,20,random,8192,independent,21.7743,21.7344,21.8067,31.9306,31.9004,32.2457,21.9128,21.8625,21.9185,0.6819258015821814,False,True,0.9936794932642109,False,True,638568
128,20,shared,1,dependent,24.4017,24.3897,24.4301,33.9743,33.8957,34.2938,24.5279,24.524,24.5323,0.7182399637372956,False,True,0.9948548387754355,False,True,578499
128,20,shared,1,independent,12.3316,12.3298,12.3338,28.7327,28.7061,29.0689,12.4037,12.4035,12.4054,0.4291834738816749,False,True,0.9941872183300143,False,True,581000
128,20,shared,8192,dependent,42.357,42.3505,42.5846,50.8331,50.5976,50.9677,42.5432,42.4907,42.6615,0.8332562837993355,False,True,0.9956232723443464,False,False,641605
128,20,shared,8192,independent,21.7599,21.7445,21.7812,32.1216,32.0776,32.3677,21.8802,21.8799,21.9079,0.6774226688583382,False,True,0.9945018784106178,False,True,639240
128,21,random,1,dependent,24.4142,24.3934,24.8843,34.2569,34.1526,34.839,24.5464,24.5377,24.7484,0.7126797812995338,False,True,0.994614281523971,False,False,675957
128,21,random,1,independent,12.3367,12.3356,12.4016,29.1269,29.0916,29.7504,12.4038,12.4007,12.4336,0.423550051670449,False,True,0.994590367468034,False,False,675056
128,21,random,8192,dependent,42.6252,42.5329,42.8467,50.6472,50.616,50.9278,42.5911,42.5835,42.6109,0.8416101976022367,False,True,1.0008006367527489,False,False,674090
128,21,random,8192,independent,21.8275,21.7995,21.8851,32.8607,32.8375,33.1803,21.9537,21.9109,22.011,0.664243305833412,False,True,0.9942515384650423,False,True,678144
128,21,shared,1,dependent,24.3775,24.3759,24.3782,34.4964,34.4131,34.8114,24.5078,24.5012,24.5282,0.7066679421620807,False,True,0.9946833253086773,False,True,726299
128,21,shared,1,independent,12.3377,12.3336,12.3569,29.9399,29.5653,30.4101,12.4059,12.3982,12.409,0.41208220468338236,False,True,0.9945026156909211,False,True,722008
128,21,shared,8192,dependent,42.4164,42.3323,42.4806,50.8038,50.7879,51.0439,42.5406,42.4228,42.5722,0.8349060503348175,False,True,0.9970804361010425,False,False,684835
128,21,shared,8192,independent,21.825,21.7909,21.8933,32.8007,32.7253,33.1186,21.9791,21.9749,21.9869,0.6653821412347907,False,True,0.9929887938996592,False,True,676792
128,22,random,1,dependent,24.4116,24.4072,24.4189,34.6082,34.5393,34.9463,24.5734,24.5694,24.5744,0.7053704035459805,False,True,0.9934156445587505,False,True,696504
128,22,random,1,independent,12.3325,12.3299,12.3352,29.7646,29.7328,30.2638,12.4061,12.4026,12.4081,0.4143344778696841,False,True,0.9940674345684783,False,True,699848
128,22,random,8192,dependent,43.1218,42.8687,43.134,51.7764,51.5365,51.9478,42.9227,42.886,42.925,0.8328466251033289,False,True,1.0046385711989227,False,False,711117
128,22,random,8192,independent,21.9261,21.9147,21.9953,33.7907,33.5481,33.8926,22.0697,22.034,22.1035,0.6488797213434466,False,True,0.9934933415497266,False,True,707784
128,22,shared,1,dependent,24.3748,24.3616,24.8601,34.3824,34.3602,35.391,24.5288,24.526,25.005,0.7089324770812975,False,True,0.9937216659600143,False,False,672298
128,22,shared,1,independent,12.3351,12.3307,12.3355,29.8022,29.4017,30.2458,12.403,12.4013,12.403,0.41389897390125563,False,True,0.9945255180198339,False,True,678560
128,22,shared,8192,dependent,43.2599,43.0884,43.2749,52.0813,51.8748,52.0906,43.1098,43.109,43.183,0.830622507502693,False,True,1.0034818069209321,False,False,707735
128,22,shared,8192,independent,21.9657,21.93,21.9933,33.8701,33.7581,33.9297,22.0812,22.0041,22.1292,0.648527757520645,False,True,0.9947693060159774,False,True,705952
128,23,random,1,dependent,24.444,24.4424,24.4477,34.835,34.7967,35.1941,24.5864,24.5861,24.5869,0.701708052246304,False,True,0.9942081801321054,False,True,721613
128,23,random,1,independent,12.3188,12.3164,12.3378,30.0146,29.9871,30.3737,12.4023,12.4018,12.4074,0.4104269255628927,False,True,0.9932673778250808,False,True,721920
128,23,random,8192,dependent,43.4015,43.2894,43.4777,51.561,51.5042,51.7003,43.3071,43.2886,43.3343,0.8417505478947266,False,True,1.0021797811444313,False,False,741208
128,23,random,8192,independent,22.1507,22.1363,22.1759,34.1097,34.0644,34.2355,22.3409,22.2803,22.4936,0.6493959196357635,False,True,0.9914864665255204,False,True,736168
128,23,shared,1,dependent,24.4108,24.398,24.4172,34.8468,34.7894,35.2526,24.5468,24.5433,24.5612,0.7005176945946255,False,True,0.9944595629572897,False,True,605047
128,23,shared,1,independent,12.3318,12.3181,12.3321,29.935,29.9051,30.41,12.4041,12.4008,12.4052,0.41195256388842494,False,True,0.9941712820760877,False,True,608752
128,23,shared,8192,dependent,43.6149,43.4632,43.6617,51.7007,51.5435,51.8717,43.4765,43.4464,43.4777,0.8436036649407068,False,True,1.0031833289248213,False,False,743646
128,23,shared,8192,independent,22.158,22.1365,22.1783,34.1759,34.0415,34.2575,22.2669,22.262,22.348,0.6483516161973789,False,True,0.9951093326866336,False,True,741104
128,24,random,1,dependent,24.4812,24.4773,24.4853,34.5871,34.5326,34.8985,24.6163,24.6081,24.6302,0.7078130285568898,False,True,0.9945117665936799,False,True,758473
128,24,random,1,independent,12.3371,12.3298,12.3381,29.6101,29.57,30.0574,12.4009,12.4005,12.402,0.4166517505851044,False,True,0.9948552121217008,False,True,765864
128,24,random,8192,dependent,43.7633,43.7128,43.8302,51.8402,51.6772,52.0646,43.7807,43.6684,43.784,0.8441962029467479,False,True,0.9996025646003832,False,False,768548
128,24,random,8192,independent,22.2346,22.2327,22.2416,34.2408,34.1893,34.2945,22.3669,22.3605,22.4095,0.6493598280414009,False,True,0.994085009545355,False,True,767616
128,24,shared,1,dependent,24.4915,24.4836,24.5035,34.5367,34.5298,34.975,24.642,24.6292,24.663,0.7091441857502307,False,True,0.9938925411898385,False,True,763820
128,24,shared,1,independent,12.3178,12.3171,12.3315,29.7055,29.637,30.1915,12.4062,12.4025,12.4082,0.4146639511201629,False,True,0.9928745304766972,False,True,760128
128,24,shared,8192,dependent,43.9349,43.8318,44.1421,52.0909,51.7791,52.1109,43.8445,43.8291,43.886,0.8434275468459942,False,True,1.002061832156827,False,False,765101
128,24,shared,8192,independent,22.2578,22.2517,22.2868,34.2677,34.2151,34.3932,22.3845,22.3806,22.4067,0.64952710570012,False,True,0.9943398333668387,False,True,766336
128,25,random,1,dependent,24.5163,24.5108,24.5205,35.0004,34.982,35.3721,24.6643,24.6575,24.6657,0.7004577090547537,False,True,0.9939994242690853,False,True,800594
128,25,random,1,independent,12.3365,12.3342,12.3367,29.8213,29.7879,30.3061,12.4009,12.3997,12.404,0.41368082545026535,False,True,0.9948068285366384,False,True,806768
128,25,random,8192,dependent,43.8353,43.7683,44.0422,52.7863,52.4484,52.7998,43.942,43.9192,43.9964,0.8304294864387161,False,True,0.9975717991898411,False,False,805024
128,25,random,8192,independent,22.2881,22.2612,22.441,34.2829,34.1931,34.3484,22.4096,22.3855,22.4245,0.6501229475919482,False,True,0.994578216478652,False,False,805736
128,25,shared,1,dependent,24.4634,24.4623,24.4692,35.2012,35.1968,35.5348,24.6194,24.6153,24.623,0.6949592627524062,False,True,0.9936635336360756,False,True,877856
128,25,shared,1,independent,12.3396,12.3346,12.3401,29.9077,29.8782,30.3606,12.4077,12.4015,12.4092,0.4125894000541667,False,True,0.9945114727145241,False,True,877464
128,25,shared,8192,dependent,44.0078,44.0019,44.2138,52.8941,52.8243,53.0407,44.0361,43.9861,44.1844,0.8319982758001365,False,True,0.9993573454506645,False,False,806265
128,25,shared,8192,independent,22.3507,22.2446,22.3861,34.3804,34.2056,34.4608,22.4507,22.4039,23.6838,0.6501000570092261,False,True,0.9955457958994597,False,True,801648
128,26,random,1,dependent,24.5234,24.5186,24.5965,34.7991,34.6865,35.075,24.6858,24.6801,24.786,0.7047136276512898,False,True,0.993421319138938,False,True,835091
128,26,random,1,independent,12.3509,12.3311,12.5612,29.5456,29.3533,29.8857,12.4063,12.4044,12.4682,0.4180284035524748,False,True,0.9955345268129902,False,False,830536
128,26,random,8192,dependent,44.4001,44.1384,44.6475,52.727,52.6763,53.6889,44.2527,44.1718,45.4053,0.8420752176304361,False,True,1.0033308702067898,False,False,830400
128,26,random,8192,independent,22.407,22.3657,22.4392,34.2051,34.0521,34.2769,22.5188,22.4679,22.5492,0.6550777515633633,False,True,0.9950352594276782,False,True,828488
128,26,shared,1,dependent,24.4833,24.4829,24.5014,34.7119,34.6986,35.0983,24.6432,24.6413,24.6512,0.7053287201219178,False,True,0.9935113946240748,False,True,798164
128,26,shared,1,independent,12.3325,12.3303,12.3613,29.4559,29.4189,30.0294,12.4048,12.3997,12.4313,0.4186767336934196,False,True,0.9941716109892944,False,True,803920
128,26,shared,8192,dependent,44.1533,43.9471,44.1669,52.7244,52.7108,52.8529,44.1248,44.0926,44.1987,0.8374357982262481,False,True,1.0006458952788455,False,False,837496
128,26,shared,8192,independent,22.3875,22.3472,22.4145,34.2202,34.1263,34.6277,22.5379,22.5205,22.5526,0.6542188531919744,False,True,0.9933267961966288,False,True,833688
128,27,random,1,dependent,24.5585,24.5487,24.5613,34.9654,34.9482,35.308,24.7106,24.6898,24.7229,0.7023657673013893,False,True,0.9938447467888274,False,True,852671
128,27,random,1,independent,12.3351,12.3345,12.3369,29.6182,29.589,30.0458,12.4022,12.3996,12.4036,0.4164702784098966,False,True,0.9945896695747529,False,True,854208
128,27,random,8192,dependent,44.4334,44.3425,44.4684,53.4683,53.3653,53.5638,44.3657,44.3376,44.4432,0.8310232418086979,False,True,1.0015259536083057,False,False,868123
128,27,random,8192,independent,22.4774,22.4378,22.5004,34.1824,34.1332,34.3587,22.589,22.584,22.6517,0.6575723179179929,False,True,0.99505954225508,False,True,867688
128,27,shared,1,dependent,24.5247,24.5156,24.5254,34.9548,34.9529,35.2886,24.67,24.6649,24.6707,0.701611795804868,False,True,0.9941102553708957,False,True,811472
128,27,shared,1,independent,12.3346,12.3344,12.3396,29.6317,29.5822,30.0894,12.3984,12.3982,12.4076,0.4162636635765076,False,True,0.9948541747322235,False,True,808960
128,27,shared,8192,dependent,44.3698,44.2679,44.5721,53.3956,53.2884,53.4913,44.4033,44.3758,44.4155,0.8309635999970034,False,True,0.9992455515693652,False,False,860626
128,27,shared,8192,independent,22.4879,22.4867,22.4939,34.2139,34.1946,34.4432,22.5989,22.5971,22.6205,0.6572737980762204,False,True,0.9950882565080601,False,True,868312
128,28,random,1,dependent,24.6081,24.5958,24.6131,34.9823,34.966,35.3128,24.7409,24.7382,24.7535,0.703444313266995,False,True,0.9946323698814514,False,True,906088
128,28,random,1,independent,12.3347,12.3301,12.3384,29.5746,29.5642,30.0528,12.4041,12.397,12.4047,0.41707072961257297,False,True,0.9944050757410856,False,True,902984
128,28,random,8192,dependent,44.9433,44.8768,44.9591,54.0286,53.9788,54.4816,44.8468,44.7462,44.9328,0.8318427647579245,False,True,1.002151770025955,False,False,906333
128,28,random,8192,independent,22.7363,22.7131,22.8828,34.5163,34.408,34.6639,22.8251,22.8238,22.8299,0.6587119708659387,False,True,0.9961095460698968,False,False,904944
128,28,shared,1,dependent,24.6035,24.6025,24.6181,35.1281,35.1008,35.4436,24.7648,24.746,24.7654,0.700393701908159,False,True,0.9934867230908386,False,True,897554
128,28,shared,1,independent,12.332,12.3196,12.3517,29.698,29.6787,30.1891,12.4057,12.4025,12.4064,0.4152468179675399,False,True,0.9940591824725732,False,True,897288
128,28,shared,8192,dependent,44.8784,44.8464,44.8991,54.0148,53.7307,55.4032,44.8279,44.8143,45.265,0.8308537660048727,False,True,1.0011265305758243,False,False,903025
128,28,shared,8192,independent,23.0475,22.7172,23.2518,34.9649,34.521,35.4192,23.0095,22.836,23.6228,0.6591610443616313,False,True,1.0016514917751365,False,False,908184
128,29,random,1,dependent,24.5989,24.5811,24.6026,35.3973,35.3911,35.7142,24.7469,24.7398,24.7474,0.694937184474522,False,True,0.9940194529415806,False,True,915853
128,29,random,1,independent,12.3381,12.3166,12.3382,30.0077,29.9793,30.4773,12.4046,12.4043,12.405,0.4111644677866015,False,True,0.9946390855005401,False,True,919752
128,29,random,8192,dependent,44.6891,44.3556,44.6993,53.5569,53.5365,53.8541,44.5515,44.4222,44.6103,0.8344228288045052,False,True,1.0030885604300641,False,False,941992
128,29,random,8192,independent,22.6254,22.5835,22.6255,34.6357,34.6002,34.7918,22.7321,22.6943,22.7746,0.6532392877868788,False,True,0.9953061969637649,False,True,931504
128,29,shared,1,dependent,24.6217,24.6099,25.6159,35.7294,35.4153,36.8246,24.7596,24.7492,25.7716,0.6891159661231367,False,True,0.9944304431412463,False,False,862616
128,29,shared,1,independent,12.3363,12.3318,12.3384,29.9701,29.9548,30.4399,12.404,12.4014,12.4046,0.41162024818068677,False,True,0.9945420831989681,False,True,867832
128,29,shared,8192,dependent,44.7448,44.384,44.7913,53.7777,53.7084,54.0644,44.7147,44.6273,44.9403,0.8320326083116235,False,True,1.0006731567023819,False,False,927496
128,29,shared,8192,independent,22.6848,22.6019,23.0583,34.8374,34.6487,35.3206,22.7962,22.7749,23.2452,0.6511622566552038,False,True,0.99511322062449,False,False,932200
128,30,random,1,dependent,24.6594,24.6434,24.6762,35.4563,35.3947,35.7574,24.7952,24.788,24.8073,0.6954871207655622,False,True,0.9945231335097116,False,True,971623
128,30,random,1,independent,12.3338,12.333,12.3367,29.9209,29.917,30.3834,12.4034,12.4023,12.4139,0.4122135363575294,False,True,0.9943886353741717,False,True,968624
128,30,random,8192,dependent,44.8437,44.7005,44.9365,54.5702,54.4794,54.6628,44.8808,44.7725,44.9291,0.8217616941114381,False,True,0.999173365893656,False,False,966050
128,30,random,8192,independent,22.7715,22.7565,22.7957,34.9379,34.8597,35.0197,22.9086,22.8622,22.9121,0.6517707131796702,False,True,0.9940153479479322,False,True,961528
128,30,shared,1,dependent,24.6277,24.6133,24.6294,35.4038,35.402,35.7215,24.7755,24.7577,24.7813,0.6956230687101386,False,True,0.9940344291739823,False,True,1035604
128,30,shared,1,independent,12.3314,12.3276,12.3341,29.9951,29.946,30.4251,12.4029,12.4,12.404,0.4111138152564919,False,True,0.9942352191826105,False,True,1033192
128,30,shared,8192,dependent,45.1573,45.0123,45.3614,54.7645,54.6438,54.8739,45.093,45.074,45.2624,0.8245724876516721,False,True,1.0014259419422082,False,False,954493
128,30,shared,8192,independent,22.8148,22.7969,22.8328,34.9994,34.8751,35.0218,22.9632,22.9498,23.0086,0.6518626033589148,False,True,0.9935374860646601,False,True,957440
128,31,random,1,dependent,21.7064,21.7025,21.7291,35.7832,35.7247,36.7822,21.8613,21.8483,22.08,0.6066086878758746,False,True,0.9929144195450407,False,True,1008176
128,31,random,1,independent,9.83479,9.83408,9.95979,30.1567,30.1504,30.7303,9.95148,9.93895,9.95157,0.326122884798403,False,True,0.9882741059621283,False,False,1008248
128,31,random,8192,dependent,42.6961,42.5452,42.7897,55.0659,54.98,55.392,42.6774,42.6333,42.6986,0.7753637005842091,False,True,1.0004381710226022,False,False,1022536
128,31,random,8192,independent,19.0704,19.0615,19.3969,35.3263,35.2862,35.9867,19.1407,19.1075,19.4462,0.5398357597597256,False,True,0.9963271980648566,False,False,1011408
128,31,shared,1,dependent,21.6607,21.6326,21.6659,35.5924,35.5834,35.911,21.7881,21.7822,21.803,0.6085765500500107,False,True,0.9941527714669934,False,True,968569
128,31,shared,1,independent,9.83601,9.82591,9.85147,30.0753,30.0714,30.5344,9.95009,9.93948,9.95352,0.32704611425322444,False,True,0.9885347770723683,False,True,967112
128,31,shared,8192,dependent,42.42,42.3091,42.4389,55.0797,55.0466,55.168,42.4416,42.3919,42.4646,0.7701567001998921,False,True,0.9994910653698258,False,False,1024202
128,31,shared,8192,independent,19.1077,19.0944,19.1134,35.3662,35.3468,35.5076,19.1668,19.1657,19.1843,0.5402813986235445,False,True,0.9969165431892649,False,True,1013280
128,32,random,1,dependent,28.3156,28.3097,28.3454,35.8604,35.7596,36.1338,28.3658,28.3593,28.4489,0.7896063624499449,False,True,0.9982302632042812,False,True,1031083
128,32,random,1,independent,14.91,14.9039,14.9128,30.179,30.1307,30.5962,14.987,14.9838,15.0832,0.4940521554723484,False,True,0.9948622139187295,False,True,1027256
128,32,random,8192,dependent,53.4571,53.366,54.48,54.8531,54.7952,55.8721,53.3648,53.341,54.1716,0.9745502077366639,False,True,1.0017296045333253,False,False,1019827
128,32,random,8192,independent,28.6981,28.6645,29.0761,35.6949,35.5489,36.2205,28.7619,28.7368,29.1919,0.8039832020820903,False,True,0.9977817877122165,False,False,1023440
128,32,shared,1,dependent,28.295,28.2949,28.2973,35.6674,35.6506,35.9753,28.3469,28.3459,28.352,0.7933014461384906,False,True,0.9981691119663879,False,True,1010071
128,32,shared,1,independent,14.9064,14.9057,14.9079,30.0828,30.0819,30.5475,14.9914,14.9873,14.9946,0.49551238581515017,False,True,0.9943300825806796,False,True,999816
128,32,shared,8192,dependent,53.6366,53.4623,53.7398,55.1412,54.7218,55.3796,53.5937,53.4703,53.6457,0.9727136877688553,False,True,1.0008004672190949,False,False,1023585
128,32,shared,8192,independent,28.6435,28.621,28.6516,35.5494,35.5356,35.7479,28.7449,28.7197,28.7636,0.8057379308792835,False,True,0.9964724177158383,False,True,1024032
128,63,random,1,dependent,25.2056,25.1854,25.3577,25.5543,25.5281,25.5551,25.3567,25.3352,25.3764,0.9863545469842648,False,True,0.9940410226882835,False,False,2031628
128,63,random,1,independent,11.6682,11.6676,11.6685,11.8351,11.8028,11.8509,11.7318,11.7249,11.7322,0.9858978800348117,False,True,0.9945788370071089,False,True,2050336
128,63,random,8192,dependent,56.2845,56.2547,56.3172,56.3056,56.298,56.3425,56.8264,56.8214,56.9579,0.9996252592992527,False,False,0.9904639392958203,False,True,2055496
128,63,random,8192,independent,25.6805,25.6465,25.6833,25.7728,25.698,25.7737,25.7455,25.691,25.7603,0.9964187049913086,False,True,0.9974752869433493,False,True,2073616
128,63,shared,1,dependent,25.1565,25.152,25.1624,25.5135,25.4953,25.5309,25.333,25.2966,25.3405,0.9860074078429067,False,True,0.9930328030631983,False,True,2005932
128,63,shared,1,independent,11.6726,11.6609,11.8815,11.8515,11.8383,11.8572,11.7244,11.7207,11.7441,0.9849048643631607,False,False,0.9955818634642284,False,False,1983224
128,63,shared,8192,dependent,56.7691,56.4182,57.0003,56.6134,56.5478,57.2659,56.8958,56.8608,56.9991,1.0027502322771642,False,False,0.9977731220933707,False,False,2059523
128,63,shared,8192,independent,25.668,25.6249,25.7598,25.7631,25.7523,25.859,25.773,25.7228,25.8321,0.9963086740337924,False,False,0.9959259690373646,False,False,2040312
