key_bits,count,shape,windows,pattern,binary_ns,binary_min,binary_max,simd_ns,simd_min,simd_max,automatic_ns,automatic_min,automatic_max,simd_ratio,simd_disjoint_win,simd_disjoint_loss,automatic_ratio,automatic_disjoint_win,automatic_disjoint_loss,checksum
32,1,random,1,dependent,6.79779,6.64711,6.82449,12.1892,12.0589,12.3202,6.75266,6.65601,6.84612,0.5576895940668789,False,True,1.006683292213735,False,False,8336
32,1,random,1,independent,1.69626,1.68927,1.70135,2.51517,2.50244,2.55458,1.82407,1.81071,1.83487,0.6744116699865218,False,True,0.9299314171057032,False,True,7024
32,1,random,8192,dependent,22.4412,20.9192,22.8539,24.7205,24.4662,26.4695,21.1035,20.9751,22.5264,0.9077971723872897,False,True,1.0633875897362997,False,False,19281
32,1,random,8192,independent,2.70209,2.55966,2.73259,3.17447,3.16748,3.22533,2.77391,2.75993,3.01743,0.851194057590716,False,True,0.9741087490221385,False,True,16216
32,1,shared,1,dependent,6.65474,6.65157,6.86073,12.3844,12.0481,12.558,6.66364,6.64711,6.862,0.537348599851426,False,True,0.9986643936347102,False,False,8336
32,1,shared,1,independent,1.63269,1.62315,1.69563,2.50816,2.50435,2.5743,1.76048,1.75285,1.8317,0.6509512949732074,False,True,0.9274118422248477,False,True,7024
32,1,shared,8192,dependent,21.5772,21.4132,22.6796,24.9462,24.6728,25.0009,21.0686,21.0565,21.6122,0.864949371046492,False,True,1.0241401896661384,False,False,19281
32,1,shared,8192,independent,2.772,2.44649,2.79999,3.18336,3.14903,3.1929,3.01552,2.60672,3.02061,0.8707780458383594,False,True,0.9192444420862736,False,False,16216
32,2,random,1,dependent,11.7334,11.7257,11.7861,12.3825,12.2732,12.7824,11.7791,11.7582,11.8383,0.9475792449020795,False,True,0.9961202468779449,False,False,48792
32,2,random,1,independent,2.78409,2.72496,2.80698,2.57811,2.53932,2.59145,2.89536,2.89345,2.98563,1.0798957375752003,True,False,0.9615695457559681,False,True,49344
32,2,random,8192,dependent,26.5853,26.4931,28.3184,25.4116,25.205,26.3952,27.3641,27.0201,28.0832,1.0461875678823844,True,False,0.9715393526554865,False,False,49048
32,2,random,8192,independent,4.97818,4.69525,5.11298,3.31624,3.30925,3.38809,5.16956,4.76773,5.38635,1.5011519069789883,True,False,0.9629794411903528,False,False,49216
32,2,shared,1,dependent,11.7849,11.6107,11.8631,12.399,12.3094,12.7843,11.7455,11.7385,11.8268,0.9504718122429229,False,True,1.0033544761823678,False,False,48792
32,2,shared,1,independent,2.79362,2.7256,2.79872,2.50499,2.50308,2.67856,2.95067,2.8871,3.00598,1.115222016854359,True,False,0.946774800299593,False,True,49344
32,2,shared,8192,dependent,26.7073,26.6749,26.7461,25.7645,25.1013,25.9139,26.9833,26.5878,27.5491,1.036592986473636,True,False,0.9897714512309466,False,False,49048
32,2,shared,8192,independent,5.11932,4.5484,5.16064,3.31688,3.31497,3.66783,5.29735,4.74167,5.33168,1.5434142929500012,True,False,0.966392630277403,False,False,49216
32,3,random,1,dependent,10.3041,10.2959,10.6799,14.2225,14.197,14.2371,10.3715,10.3105,10.5826,0.724492880998418,False,True,0.993501422166514,False,False,47555
32,3,random,1,independent,2.15848,2.1534,2.20361,2.57047,2.51071,2.60226,2.31871,2.30789,2.35812,0.8397219185596408,False,True,0.9308969211328714,False,True,44400
32,3,random,8192,dependent,23.997,23.8241,25.6042,25.8783,25.8242,25.9145,23.77,23.7293,23.8482,0.9273020252489538,False,True,1.0095498527555742,False,False,82608
32,3,random,8192,independent,3.71297,3.45039,3.99907,3.14648,3.10262,3.20816,4.02579,3.77528,4.27754,1.1800392819913046,True,False,0.9222959965621654,False,False,82056
32,3,shared,1,dependent,10.3302,10.3022,10.5476,14.1405,13.9917,14.1551,10.3308,10.2946,10.5127,0.7305399384745943,False,True,0.9999419212452084,False,False,47555
32,3,shared,1,independent,2.15404,2.14894,2.16675,2.5228,2.50435,2.53423,2.33269,2.30916,2.34923,0.8538290788013319,False,True,0.9234145985964702,False,True,44400
32,3,shared,8192,dependent,24.3524,23.9652,24.416,26.6374,26.1059,27.7856,24.6887,24.2329,25.2081,0.9142183546442221,False,True,0.986378383632998,False,False,82608
32,3,shared,8192,independent,3.92024,3.5712,4.07219,3.29971,3.14903,3.42052,4.10588,3.72188,4.43268,1.1880559200657028,True,False,0.9547867935740938,False,False,82056
32,4,random,1,dependent,16.8368,16.5774,16.8692,12.2166,12.2039,12.4658,11.4047,11.336,11.8268,1.3781903311887105,True,False,1.476303629205503,True,False,105032
32,4,random,1,independent,3.9355,3.92151,4.12878,2.08727,2.08601,2.14195,1.09737,1.09737,1.12915,1.8854772022785744,True,False,3.5863017942899846,True,False,105904
32,4,random,8192,dependent,31.4935,31.299,31.9398,25.081,24.821,26.7309,23.6855,23.1489,23.9417,1.2556716239384396,True,False,1.3296531633277744,True,False,116017
32,4,random,8192,independent,7.39415,6.68335,7.53784,3.16238,3.14267,3.20116,2.03006,1.96774,2.03069,2.338159866935662,True,False,3.6423307685487125,True,False,116824
32,4,shared,1,dependent,17.0778,16.7802,17.4567,12.3431,12.1988,12.9725,11.3945,11.3665,11.6914,1.383590832124831,True,False,1.4987757251305454,True,False,105032
32,4,shared,1,independent,4.00734,3.93867,4.04802,2.1235,2.08983,2.22778,1.0999,1.09737,1.11771,1.8871391570520368,True,False,3.6433675788708064,True,False,105904
32,4,shared,8192,dependent,31.4382,31.3015,31.5234,25.0816,24.3969,25.7702,23.3421,23.1724,24.5654,1.2534367823424342,True,False,1.3468453995141825,True,False,116017
32,4,shared,8192,independent,7.10043,6.54919,7.3204,3.11089,3.07465,3.16811,1.99828,1.93532,2.02625,2.2824432879336785,True,False,3.5532708128990933,True,False,116824
32,5,random,1,dependent,16.5551,16.4458,16.7389,27.01,26.5776,29.7953,16.6365,16.3918,16.6639,0.61292484265087,False,True,0.9951071439305141,False,False,129799
32,5,random,1,independent,3.94377,3.93867,3.96538,11.0041,10.725,11.1434,4.05374,4.04167,4.12878,0.35839096336819914,False,True,0.9728719651482335,False,True,130168
32,5,random,8192,dependent,32.5769,31.7008,36.7972,40.0422,39.6055,40.5769,31.7726,31.2494,32.4739,0.8135641897797824,False,True,1.0253142644920465,False,False,148254
32,5,random,8192,independent,7.26445,6.76155,7.96382,14.4641,14.2644,15.6225,7.60841,7.0699,7.60968,0.5022400287608632,False,True,0.9547921313388736,False,False,146368
32,5,shared,1,dependent,16.7192,16.6276,16.7567,27.5796,27.1117,29.2314,16.847,16.3403,17.1801,0.6062161887772122,False,True,0.9924140796580994,False,False,129799
32,5,shared,1,independent,3.94312,3.93867,4.22096,10.5553,10.0873,11.3258,4.31824,4.05565,4.43015,0.3735677811147006,False,True,0.9131312757049167,False,False,130168
32,5,shared,8192,dependent,31.7313,31.6188,32.2107,42.0036,40.3099,43.8156,34.8447,33.027,35.6789,0.7554423906522298,False,True,0.9106492522535707,False,True,148254
32,5,shared,8192,independent,7.60777,6.79843,7.76926,15.5754,14.9574,15.8679,7.57599,6.95547,7.76672,0.48844780872401355,False,True,1.0041948313025757,False,False,146368
32,6,random,1,dependent,16.8775,16.7179,17.1356,27.1282,26.9731,29.4196,16.8883,16.5977,16.936,0.6221385864156118,False,True,0.9993605040175744,False,False,187144
32,6,random,1,independent,3.96857,3.95203,3.99208,9.80441,9.68742,10.5972,4.10588,4.04803,4.11987,0.4047739741606073,False,True,0.9665577172250529,False,True,190040
32,6,random,8192,dependent,33.9826,32.0619,35.1505,40.6831,40.507,41.1472,32.7504,31.7338,33.8364,0.8353001614921183,False,True,1.0376239679515364,False,False,176605
32,6,random,8192,independent,7.01904,6.68843,7.5531,9.67216,9.39496,9.72876,7.15573,6.87917,7.93329,0.7256951911465485,False,True,0.9808978259380944,False,False,179576
32,6,shared,1,dependent,16.8565,16.8514,17.2933,27.1975,26.7544,30.7897,17.1019,16.6753,17.4923,0.6197812298924533,False,True,0.9856507171717762,False,False,187144
32,6,shared,1,independent,3.98318,3.94693,4.10271,10.3118,10.0473,10.479,4.08873,4.04868,4.12433,0.3862739773851316,False,True,0.9741851381724888,False,False,190040
32,6,shared,8192,dependent,32.4923,31.8324,32.9253,40.411,40.1274,41.0296,31.8451,31.8069,32.2901,0.8040459280888866,False,True,1.0203233778509095,False,False,176605
32,6,shared,8192,independent,6.79716,6.60896,7.28862,9.49924,9.42865,9.75101,7.00822,6.91287,7.75847,0.7155477701374005,False,True,0.9698839362919544,False,False,179576
32,7,random,1,dependent,13.9014,13.5593,14.0991,25.9005,25.8872,28.2574,13.511,13.485,14.2059,0.536723229281288,False,True,1.0288949744652507,False,False,221112
32,7,random,1,independent,2.7574,2.7415,2.85466,3.94566,3.92723,4.14975,3.36647,3.35948,3.44403,0.6988437929269121,False,True,0.8190775500747073,False,True,224024
32,7,random,8192,dependent,28.9447,28.4704,29.6815,41.6578,40.9164,42.1925,28.4386,28.3858,28.7145,0.6948206578359875,False,True,1.0177962346950975,False,False,212536
32,7,random,8192,independent,4.51343,4.46956,5.64194,5.77927,5.76656,6.09779,4.83768,4.68636,5.62413,0.7809688766920388,False,True,0.9329740702154752,False,False,213432
32,7,shared,1,dependent,13.6732,13.4277,13.6859,26.4378,25.9107,27.3603,13.5873,13.4201,13.717,0.5171837293572082,False,True,1.006322080177813,False,False,221112
32,7,shared,1,independent,2.81842,2.74022,2.86801,3.96855,3.9088,4.25467,3.34105,3.33723,3.41606,0.7101888599110506,False,True,0.8435731282081981,False,True,224024
32,7,shared,8192,dependent,28.3922,28.2885,29.3452,41.4937,40.9292,41.9146,28.6999,28.2987,29.644,0.6842532721834881,False,True,0.9892787082881822,False,False,212536
32,7,shared,8192,independent,4.58145,4.55794,5.04684,5.78625,5.78117,6.01323,4.97627,4.76456,5.55548,0.7917822423849644,False,True,0.9206594497485063,False,False,213432
32,8,random,1,dependent,21.7412,21.5886,21.9084,31.7751,31.5546,32.8744,21.6153,21.6071,24.4509,0.6842212927732721,False,True,1.0058245779609813,False,False,222493
32,8,random,1,independent,5.68581,5.49507,5.89116,15.1094,14.5982,15.6498,5.69406,5.64766,5.75638,0.3763094497465154,False,True,0.9985511216952403,False,False,220664
32,8,random,8192,dependent,36.8659,36.74,38.4706,46.3034,46.018,46.4312,37.7076,37.1087,40.3964,0.7961812739453259,False,True,0.977678239930412,False,False,246296
32,8,random,8192,independent,10.1376,9.10504,10.4656,17.5107,17.1496,17.7994,10.3696,9.16862,10.3963,0.5789374496736281,False,True,0.9776269094275576,False,False,245912
32,8,shared,1,dependent,21.4456,21.4062,21.5282,31.8031,31.7014,32.91,21.6312,21.4392,23.2423,0.6743242010998928,False,True,0.9914198010281445,False,False,222493
32,8,shared,1,independent,5.45184,5.44484,5.45819,14.857,14.6326,14.9155,5.54529,5.54276,5.57454,0.3669542976374773,False,True,0.9831478606168479,False,True,220664
32,8,shared,8192,dependent,37.6638,36.4965,39.7313,45.7726,44.1742,47.0212,38.463,37.0992,38.4769,0.8228459820940913,False,True,0.979221589579596,False,False,246296
32,8,shared,8192,independent,9.61177,9.37207,9.66644,17.1515,17.0816,18.8573,9.84955,9.64609,10.5896,0.5604040462933272,False,True,0.9758587955794934,False,False,245912
32,9,random,1,dependent,22.1984,21.8671,22.3777,32.2825,32.1897,33.61,22.3039,21.7457,23.6174,0.6876295206381167,False,True,0.9952698855357135,False,False,273740
32,9,random,1,independent,5.45439,5.45058,5.81805,14.7909,14.6828,15.4661,5.64067,5.55673,5.69215,0.3687666064945338,False,True,0.9669755543224475,False,False,273536
32,9,random,8192,dependent,38.3364,38.2538,38.894,47.313,45.4534,49.4277,38.168,38.0904,40.0664,0.8102720182613657,False,True,1.0044120729406834,False,False,279796
32,9,random,8192,independent,9.38606,9.37781,10.2742,18.9177,18.8694,19.4918,10.1662,9.39178,10.5324,0.4961522806683688,False,True,0.9232613956050443,False,False,279456
32,9,shared,1,dependent,21.9402,21.5874,22.2295,32.2622,32.203,33.9953,21.5931,21.5238,23.0039,0.6800590164340932,False,True,1.016074579379524,False,False,273740
32,9,shared,1,independent,5.45821,5.44803,5.7513,14.7565,14.6268,15.0681,5.54213,5.53703,5.55547,0.36988513536407686,False,True,0.984857807377308,False,False,273536
32,9,shared,8192,dependent,37.5951,37.4082,38.0828,46.9335,46.8318,47.2698,37.5582,37.5322,37.6078,0.8010291156636518,False,True,1.000982475198492,False,False,279796
32,9,shared,8192,independent,9.90486,9.37144,11.1504,18.9133,18.8217,19.1231,9.80568,9.68997,10.8318,0.5236981383470891,False,True,1.0101145458550553,False,False,279456
32,10,random,1,dependent,21.457,21.4125,21.5149,31.6334,31.3568,32.2927,21.7037,21.534,24.0517,0.6783020478355156,False,True,0.9886332745107976,False,True,306694
32,10,random,1,independent,5.53641,5.45502,5.59361,12.853,12.502,13.12,5.54721,5.53831,5.55928,0.4307484633937602,False,True,0.9980530753297604,False,False,306840
32,10,random,8192,dependent,37.1679,37.0445,37.8672,46.1184,45.8082,46.3874,38.2099,37.3999,39.1884,0.8059234492089925,False,True,0.9727295805537309,False,False,311217
32,10,random,8192,independent,9.6906,9.6302,9.72176,11.6005,11.582,12.2077,10.1007,9.8718,11.1847,0.8353605448041033,False,True,0.9593988535448038,False,True,313864
32,10,shared,1,dependent,21.5492,21.3655,22.7852,31.1909,30.9664,32.7676,21.4551,21.3763,21.4793,0.6908809941361101,False,True,1.0043859035846954,False,False,306694
32,10,shared,1,independent,5.48109,5.43341,5.49698,12.7379,12.5516,13.0558,5.53894,5.53703,5.60188,0.43029777278829323,False,True,0.9895557633771083,False,True,306840
32,10,shared,8192,dependent,37.3268,37.2117,37.3357,44.8653,44.6008,46.3047,37.4832,37.2721,37.604,0.831974822412867,False,True,0.9958274640372221,False,False,311217
32,10,shared,8192,independent,9.85081,9.40132,10.1445,11.8014,11.6418,11.8065,9.79042,9.28433,10.2132,0.8347153727523853,False,True,1.0061682747011875,False,False,313864
32,11,random,1,dependent,21.7317,21.6192,22.8176,27.5389,27.2706,29.9543,21.7673,21.4831,22.2842,0.789127379815461,False,True,0.9983645192559482,False,False,347792
32,11,random,1,independent,5.45566,5.43849,5.46138,4.34811,4.29218,4.85739,5.59488,5.53575,5.62668,1.2547198667926984,True,False,0.975116535117822,False,True,351456
32,11,random,8192,dependent,38.8145,38.14,41.9865,44.0833,43.4361,46.9945,38.3307,37.6555,40.2171,0.8804808169987275,False,True,1.0126217366236463,False,False,346098
32,11,random,8192,independent,9.89597,9.8737,10.0778,6.87917,6.46019,7.86591,10.0625,9.73383,10.643,1.4385412775087691,True,False,0.9834504347826087,False,False,345584
32,11,shared,1,dependent,21.4329,21.3782,21.7997,28.3756,27.4938,29.5728,21.4017,21.382,21.5543,0.7553285216876472,False,True,1.001457828116458,False,False,347792
32,11,shared,1,independent,5.46646,5.46201,5.58281,4.32079,4.27437,4.34177,5.55548,5.53703,5.65656,1.2651529002798099,True,False,0.9839761820760762,False,False,351456
32,11,shared,8192,dependent,39.3823,38.0281,39.9564,44.2448,42.5975,48.42,39.182,37.0382,39.5349,0.8901000795573718,False,True,1.005112041243428,False,False,346098
32,11,shared,8192,independent,9.68933,9.23982,10.3505,6.61595,6.15437,6.7679,9.74846,9.25699,10.2882,1.4645409956242113,True,False,0.9939344265658371,False,False,345584
32,12,random,1,dependent,21.7393,21.2307,22.9371,33.4485,31.8057,35.5002,21.8341,21.4857,23.8444,0.649933479827197,False,True,0.9956581677284615,False,False,368786
32,12,random,1,independent,5.55482,5.43532,5.57455,12.6546,12.2687,14.005,5.56628,5.53767,5.77672,0.43895658495724876,False,True,0.9979411743570212,False,False,365160
32,12,random,8192,dependent,40.8141,38.4439,41.818,48.275,47.7562,51.6256,39.5832,38.6575,40.9813,0.8454500258933196,False,True,1.0310965257988238,False,False,383544
32,12,random,8192,independent,9.64291,9.6391,10.6525,15.0286,15.0204,15.4673,9.81903,9.56407,10.6633,0.641637278256125,False,True,0.9820634013746776,False,False,375944
32,12,shared,1,dependent,22.2963,21.3083,22.3395,33.989,33.5617,34.6451,22.5194,21.3604,23.1215,0.6559857600988556,False,True,0.9900929864916471,False,False,368786
32,12,shared,1,independent,6.40042,5.48935,6.77235,13.6871,12.4963,14.7139,5.68008,5.56882,6.07935,0.46762425933908575,False,True,1.1268186363572343,False,False,365160
32,12,shared,8192,dependent,38.6174,38.4216,40.9476,48.1974,47.6341,56.2312,40.8688,40.1999,43.8042,0.8012340914655148,False,True,0.9449115217476413,False,False,383544
32,12,shared,8192,independent,10.3175,9.60095,10.7682,15.5099,15.0502,16.7821,9.81648,9.60033,10.1674,0.6652202786607264,False,True,1.0510386615161442,False,False,375944
32,13,random,1,dependent,22.2797,21.3203,23.777,33.8395,33.2762,38.0955,22.1939,21.4405,23.3796,0.6583932977733122,False,True,1.0038659271241197,False,False,409816
32,13,random,1,independent,5.4709,5.46391,5.85301,15.3109,15.2486,16.3987,5.56438,5.54974,5.87909,0.35732060166286767,False,True,0.9832002846678337,False,False,406056
32,13,random,8192,dependent,40.6793,38.3943,41.7805,50.1213,48.2705,50.9288,41.0372,40.7117,41.1593,0.8116170171164754,False,True,0.991278644741844,False,False,408467
32,13,random,8192,independent,10.4892,10.0365,11.1472,18.3531,17.7536,22.2575,10.9838,10.0346,11.6819,0.5715219772136587,False,True,0.9549700467961908,False,False,406744
32,13,shared,1,dependent,21.6395,21.4869,23.4597,34.0703,33.3341,34.0919,22.4552,21.4024,23.5189,0.6351426315588651,False,True,0.9636743382379137,False,False,409816
32,13,shared,1,independent,5.5116,5.47282,5.86319,15.5525,15.3243,15.6485,5.68581,5.57137,6.32159,0.35438675454107055,False,True,0.9693605660407224,False,False,406056
32,13,shared,8192,dependent,39.0123,38.126,39.9793,51.8589,49.2363,54.1929,40.6157,38.1451,41.865,0.7522778153798095,False,True,0.9605226550324137,False,False,408467
32,13,shared,8192,independent,10.43,9.95064,10.9634,18.9253,18.8986,19.2833,10.5546,10.018,10.6869,0.5511141170813673,False,True,0.98819472078525,False,False,406744
32,14,random,1,dependent,22.707,21.9739,22.8469,31.943,30.7426,32.7327,22.0655,21.9231,23.4438,0.7108599693203519,False,True,1.029072534046362,False,False,454656
32,14,random,1,independent,5.60443,5.45247,5.63876,9.74527,9.48715,9.76689,5.63304,5.54213,5.7106,0.575092326841637,False,True,0.9949210373084515,False,False,455264
32,14,random,8192,dependent,38.8902,38.2754,39.1394,48.8447,47.7778,51.2473,38.9659,38.8756,39.6544,0.796201020786288,False,True,0.998057275720566,False,False,440909
32,14,random,8192,independent,9.94237,9.74655,10.1445,11.9635,11.5827,12.5624,10.2812,9.64291,10.4129,0.8310586366865884,False,True,0.9670437303038556,False,False,439440
32,14,shared,1,dependent,22.2918,21.6128,22.3808,30.913,30.777,33.7575,21.965,21.6351,22.4024,0.7211140943939442,False,True,1.0148782153425904,False,False,454656
32,14,shared,1,independent,5.46265,5.43658,5.85747,9.50368,9.49033,10.0187,5.54912,5.53448,5.75256,0.574793132765413,False,True,0.9844173490571477,False,False,455264
32,14,shared,8192,dependent,39.8642,38.7408,40.3608,49.7971,47.4364,50.3216,41.75,38.4699,41.9642,0.8005325611330779,False,True,0.9548311377245509,False,False,440909
32,14,shared,8192,independent,10.409,9.62701,11.6634,12.4702,11.6793,12.5128,10.4097,10.0428,10.4682,0.8347099485172652,False,True,0.9999327550265618,False,False,439440
32,15,random,1,dependent,17.7733,17.5838,18.617,30.0338,28.8499,30.4089,17.6201,17.5997,17.6907,0.5917765983658412,False,True,1.0086946158080827,False,False,426017
32,15,random,1,independent,3.39954,3.39763,3.49489,4.58908,4.46765,4.61707,3.78926,3.75874,3.78928,0.7407890034603886,False,True,0.8971514227052247,False,True,434128
32,15,random,8192,dependent,35.4411,33.4129,36.3636,45.7948,45.4432,46.9386,34.1072,33.7957,37.564,0.7739110117305894,False,True,1.0391090444246376,False,False,484050
32,15,random,8192,independent,6.57907,6.3235,6.78508,7.04893,7.02159,7.16908,6.85501,6.20714,7.09915,0.9333430747645386,False,True,0.9597462294001029,False,False,481248
32,15,shared,1,dependent,17.7383,17.6055,18.0709,30.145,29.8303,30.1781,17.7816,17.615,17.8204,0.5884325758832311,False,True,0.9975648985468123,False,False,426017
32,15,shared,1,independent,3.42178,3.39444,3.52034,4.58209,4.43968,4.673,3.76765,3.7562,3.83377,0.7467727609016847,False,True,0.9082000716627074,False,True,434128
32,15,shared,8192,dependent,33.8898,33.7327,34.8358,45.7732,45.5335,48.8192,34.1059,33.9343,35.9192,0.7403852035689006,False,True,0.9936638528817595,False,False,484050
32,15,shared,8192,independent,6.64838,5.69344,6.87027,7.04765,6.65221,7.16908,6.72531,5.97255,6.89062,0.9433470731378545,False,False,0.9885611220895394,False,False,481248
32,16,random,1,dependent,26.584,26.5592,26.6374,33.2114,32.7231,33.9775,26.7982,26.5325,27.2484,0.8004480389263928,False,True,0.9920069258383025,False,False,451938
32,16,random,1,independent,7.18689,7.15637,7.47108,14.1544,13.6865,14.6097,7.20087,7.19388,7.20088,0.5077495337138981,False,True,0.9980585679230426,False,False,456520
32,16,random,8192,dependent,47.6144,46.3556,47.9355,49.324,48.0188,50.3979,46.243,46.1521,47.2463,0.9653393885329657,False,True,1.0296563804251455,False,False,504410
32,16,random,8192,independent,12.9077,12.6425,13.1302,15.1393,14.4335,15.1933,12.9216,12.893,13.0024,0.8525955625425218,False,True,0.9989242818226846,False,False,504104
32,16,shared,1,dependent,26.5942,26.5795,27.6133,34.1117,33.0524,34.1485,26.5579,26.5554,26.5719,0.7796210684310663,False,True,1.0013668249372127,True,False,451938
32,16,shared,1,independent,7.20596,7.11696,7.39479,13.8899,13.5326,14.3274,7.19643,7.17673,7.29308,0.5187913519895752,False,True,1.0013242677271925,False,False,456520
32,16,shared,8192,dependent,46.7695,46.4694,47.7676,47.3137,46.9589,49.537,46.2341,45.976,48.09,0.9884980460204973,False,False,1.0115801973002612,False,False,504410
32,16,shared,8192,independent,12.661,12.6031,13.3578,14.9988,14.8328,15.0064,13.2014,12.9795,13.2548,0.8441341974024589,False,True,0.9590649476570666,False,False,504104
32,17,random,1,dependent,26.7766,26.46,28.0361,38.5278,37.9601,40.7963,26.4365,26.282,27.1759,0.6949942638821838,False,True,1.0128647892118852,False,False,506819
32,17,random,1,independent,7.24666,7.11887,7.58998,17.6156,17.3499,17.966,7.40369,7.17101,7.73177,0.4113774154726492,False,True,0.9787903059150235,False,False,507840
32,17,random,8192,dependent,46.793,46.3002,46.9983,56.7684,54.5616,57.6566,46.828,46.0262,47.1808,0.8242790002888931,False,True,0.9992525839241478,False,False,540205
32,17,random,8192,independent,12.7627,12.5999,13.8454,17.8445,17.4262,18.3487,12.7068,12.593,12.8988,0.715217574042422,False,True,1.0043992193156421,False,False,542088
32,17,shared,1,dependent,26.6393,26.3532,28.4157,39.3671,38.0255,41.7074,26.4803,26.3456,28.7107,0.6766894183213902,False,True,1.0060044636956529,False,False,506819
32,17,shared,1,independent,7.18944,7.16844,7.2619,17.3689,17.2411,17.7867,7.35092,7.27654,7.46219,0.41392604022131513,False,True,0.9780326816235246,False,True,507840
32,17,shared,8192,dependent,46.6639,46.5755,46.7714,55.6221,54.1763,62.8096,46.9017,45.1914,48.2998,0.8389453113061175,False,True,0.9949298213071168,False,False,540205
32,17,shared,8192,independent,12.9019,12.6394,13.7634,18.0747,17.1242,18.3283,13.1524,12.1466,13.5034,0.7138099110911937,False,True,0.9809540464097807,False,False,542088
32,18,random,1,dependent,26.6609,26.584,27.139,38.2214,38.1749,39.004,27.1117,26.4632,28.2383,0.6975385517014029,False,True,0.9833724923188145,False,False,540638
32,18,random,1,independent,7.13794,7.12077,7.26001,17.0854,16.9868,17.1153,7.26447,7.24283,7.33948,0.4177800929448535,False,True,0.9825823494349898,False,False,542560
32,18,random,8192,dependent,48.8415,47.3925,49.8346,58.0641,57.141,58.9282,47.2024,45.7897,48.2051,0.841165195017231,False,True,1.0347249292408862,False,False,578320
32,18,random,8192,independent,12.9121,12.3628,13.3743,21.4132,20.6019,21.6153,13.3445,13.0692,13.6623,0.6029972166700914,False,True,0.9675971373974297,False,False,569808
32,18,shared,1,dependent,27.4919,26.6285,27.5828,42.0424,40.3856,43.5143,27.7939,27.3577,28.5892,0.6539089110041292,False,True,0.9891343064485373,False,False,540638
32,18,shared,1,independent,7.14238,7.11949,7.73111,17.2558,16.9468,17.5514,7.34457,7.22249,7.63574,0.4139118441335667,False,True,0.9724708185775341,False,False,542560
32,18,shared,8192,dependent,48.3615,46.4725,52.1405,57.6814,56.7398,65.3184,51.5957,46.3123,52.2645,0.8384245181288943,False,True,0.9373164817998398,False,False,578320
32,18,shared,8192,independent,12.921,12.5879,14.9345,22.5385,20.8009,22.7292,13.2427,12.5631,13.7355,0.5732857111165339,False,True,0.9757073708533758,False,False,569808
32,19,random,1,dependent,27.0138,26.3284,27.7761,40.9921,40.439,44.7712,26.7448,26.5598,27.5345,0.6590001488091608,False,True,1.0100580299721815,False,False,629544
32,19,random,1,independent,7.13412,7.13348,7.26381,20.0659,19.8606,23.7331,7.27971,7.21678,7.53529,0.3555345137771045,False,True,0.9800005769460597,False,False,631040
32,19,random,8192,dependent,51.3694,46.7726,55.4606,62.1064,60.6283,63.2305,46.5164,45.9919,47.6271,0.8271192662913966,False,True,1.1043287958655443,False,False,605055
32,19,random,8192,independent,13.2364,12.9414,16.9818,24.5247,24.2926,25.6564,13.2148,13.0812,13.8404,0.5397171015343715,False,True,1.0016345309804158,False,False,609400
32,19,shared,1,dependent,26.8815,26.4797,27.3787,40.6354,39.9265,42.4283,26.8625,26.6921,26.9864,0.6615291100862795,False,True,1.0007073057235922,False,False,629544
32,19,shared,1,independent,7.16209,7.13286,7.37762,20.5262,19.9121,20.9541,7.35791,7.20534,7.47362,0.3489243016242656,False,True,0.9733864643628422,False,False,631040
32,19,shared,8192,dependent,46.332,46.0078,48.9171,61.1248,58.6395,66.4419,46.3956,46.0358,47.1865,0.7579902101929168,False,True,0.9986291803533094,False,False,605055
32,19,shared,8192,independent,12.5809,12.5065,12.5828,25.7988,23.4032,31.1146,12.8237,12.7977,13.1054,0.4876544645487387,False,True,0.9810663069161006,False,True,609400
32,20,random,1,dependent,27.5211,26.179,27.9039,40.4771,40.2927,40.7193,26.556,26.3252,27.0106,0.6799177806710461,False,True,1.0363420695887935,False,False,662703
32,20,random,1,independent,7.37825,7.17862,7.5639,21.5664,20.558,21.7978,7.34584,7.28671,7.41896,0.3421178314415016,False,True,1.004412020953356,False,False,659488
32,20,random,8192,dependent,48.3913,47.6901,50.3419,62.926,62.4536,63.7252,49.5491,47.7352,53.3498,0.769019165368846,False,True,0.9766332789092032,False,False,644727
32,20,random,8192,independent,12.743,12.6483,13.1753,28.4506,26.6387,28.89,12.8314,12.4906,12.8428,0.4478991655712006,False,True,0.99311065043565,False,False,645600
32,20,shared,1,dependent,26.8968,26.2896,29.1284,40.6055,40.1974,41.8256,26.6844,26.4244,27.9204,0.6623930255753531,False,True,1.0079597067949813,False,False,662703
32,20,shared,1,independent,7.14493,7.14047,7.4304,21.0419,20.1937,21.1544,7.19516,7.19452,7.30705,0.33955726431548483,False,True,0.993018918272839,False,False,659488
32,20,shared,8192,dependent,47.2565,46.8235,50.1893,61.1483,60.5361,67.0439,47.9062,46.8483,48.5141,0.7728178870058531,False,True,0.9864380810834507,False,False,644727
32,20,shared,8192,independent,12.7335,12.5847,14.7521,27.9325,26.9553,29.5931,13.1277,12.1333,13.5835,0.4558668218025597,False,True,0.9699718914966063,False,False,645600
32,21,random,1,dependent,26.6666,26.6291,26.9559,43.1792,42.8956,43.4157,26.9394,26.6476,27.3406,0.6175797606254863,False,True,0.9898735680824369,False,False,640290
32,21,random,1,independent,7.31468,7.1996,7.77309,22.2301,22.0388,22.4063,7.35092,7.20279,7.58234,0.32904395391833596,False,True,0.9950700048429312,False,False,636696
32,21,random,8192,dependent,47.6837,47.156,52.3694,61.2958,60.5183,62.4676,47.0441,46.9888,47.1319,0.7779276883571142,False,True,1.0135957537714613,True,False,671287
32,21,random,8192,independent,13.0692,12.8536,13.1658,27.085,26.9769,27.9166,12.8148,12.3723,13.2001,0.4825253830533506,False,True,1.0198520460717295,False,False,664472
32,21,shared,1,dependent,26.6012,26.5223,26.6889,43.0005,42.8492,43.9758,27.2147,26.6927,27.221,0.6186253648213392,False,True,0.9774570360871147,False,True,640290
32,21,shared,1,independent,7.28352,7.20024,7.30705,22.6542,22.3579,23.3593,7.2778,7.20024,7.28099,0.3215085944328204,False,True,1.0007859517986204,False,False,636696
32,21,shared,8192,dependent,47.0142,46.3708,47.7219,61.4967,60.3339,62.5095,47.6144,46.5317,48.0779,0.7644995585128959,False,True,0.9873945697100037,False,False,671287
32,21,shared,8192,independent,12.6133,12.4556,13.2395,26.4861,25.2895,26.6037,12.7144,12.6699,13.1772,0.476223377545203,False,True,0.9920483860819229,False,False,664472
32,22,random,1,dependent,26.5477,26.4498,26.8415,43.8181,43.0152,44.0782,26.4626,26.4123,26.5789,0.6058615047206519,False,True,1.0032158593637814,False,False,760273
32,22,random,1,independent,7.17036,7.15256,7.28862,20.902,20.8556,21.6948,7.28226,7.25174,7.57599,0.3430465984116352,False,True,0.984633891127205,False,False,766264
32,22,random,8192,dependent,48.612,47.9813,48.701,62.13,60.9957,63.2845,47.9399,47.011,48.5376,0.7824239497827137,False,True,1.0140196370872696,False,False,704106
32,22,random,8192,independent,12.5237,12.455,12.9897,23.8889,23.7554,24.4516,12.7551,12.6915,12.7805,0.5242476631406218,False,True,0.9818582370973179,False,False,702736
32,22,shared,1,dependent,26.6399,26.5115,26.9089,43.7349,43.3102,43.9351,26.5923,26.4969,26.9222,0.609122234188257,False,True,1.001789991839743,False,False,760273
32,22,shared,1,independent,7.35092,7.14938,7.36746,21.6045,20.9624,22.253,7.22821,7.17862,7.2937,0.3402494850609827,False,True,1.0169765405266311,False,False,766264
32,22,shared,8192,dependent,47.0695,47.0517,47.3137,61.8286,61.6881,62.4549,47.1242,47.1115,47.8102,0.7612900825831411,False,True,0.9988392375891791,False,False,704106
32,22,shared,8192,independent,12.7888,12.729,12.9236,24.8941,23.819,26.5121,13.0011,12.7309,13.5072,0.5137281524537942,False,True,0.9836706124866358,False,False,702736
32,23,random,1,dependent,26.7576,26.659,27.6362,43.8627,43.2097,44.3535,26.5865,26.4734,27.3107,0.6100308462543346,False,True,1.006435597013522,False,False,783680
32,23,random,1,independent,7.52702,7.1748,7.5639,21.2072,20.4245,21.8379,7.43675,7.19896,7.4431,0.35492757176807876,False,True,1.0121383668941406,False,False,777296
32,23,random,8192,dependent,47.6538,47.5636,52.4095,63.8053,61.0968,63.9954,48.9775,47.8554,50.141,0.7468627214353666,False,True,0.9729733040681945,False,False,735065
32,23,random,8192,independent,12.8155,12.4194,14.8449,22.4323,22.3459,25.1179,13.3171,13.0507,15.4171,0.5712967462097065,False,True,0.962334141817663,False,False,732360
32,23,shared,1,dependent,26.563,26.4034,27.7793,44.4749,43.9301,44.9454,26.811,26.4397,27.497,0.5972582287987157,False,True,0.9907500652717168,False,False,783680
32,23,shared,1,independent,7.21486,7.15701,7.28226,21.9828,20.3533,22.5932,7.22885,7.16019,7.30261,0.32820477828120165,False,True,0.9980646990876832,False,False,777296
32,23,shared,8192,dependent,50.2675,48.0989,52.9645,63.4066,63.3812,63.7798,48.1421,47.5953,49.2776,0.7927802468512741,False,True,1.044148468803812,False,False,735065
32,23,shared,8192,independent,12.6178,12.5821,12.8969,24.1674,23.646,24.2189,13.0424,12.8021,13.408,0.5221000190339052,False,True,0.9674446420904128,False,False,732360
32,24,random,1,dependent,26.4778,26.3805,27.0913,42.9071,42.8022,43.3846,26.954,26.4626,27.8397,0.6170960050900667,False,True,0.9823328633968983,False,False,708468
32,24,random,1,independent,7.19833,7.13412,7.22122,16.5939,16.571,16.8501,7.20088,7.19261,7.27463,0.43379374348405136,False,True,0.9996458766150804,False,False,700264
32,24,random,8192,dependent,49.8206,48.5827,54.5381,64.7424,62.61,66.0051,50.8951,47.945,55.734,0.7695204379201265,False,True,0.9788879479556971,False,False,764911
32,24,random,8192,independent,12.9833,12.7831,13.1022,21.0959,20.6146,24.0351,12.9554,12.8765,14.0279,0.6154418631108415,False,True,1.0021535421523071,False,False,763336
32,24,shared,1,dependent,27.4245,27.1664,28.9955,43.6579,42.7272,45.3974,27.1626,26.6991,31.0618,0.6281680978700304,False,True,1.009641934130017,False,False,708468
32,24,shared,1,independent,7.19771,7.15446,7.69615,17.2857,16.7872,17.6811,7.26573,7.19197,7.32295,0.4163967904105706,False,True,0.9906382428193726,False,False,700264
32,24,shared,8192,dependent,56.4601,50.2586,56.5713,66.4647,62.9603,68.0326,49.2255,48.172,50.869,0.8494749844654381,False,True,1.1469685427268388,False,False,764911
32,24,shared,8192,independent,13.2745,12.668,13.993,21.7222,20.7761,23.7052,12.9229,12.9013,13.5899,0.6111029269595161,False,True,1.0272075153409839,False,False,763336
32,25,random,1,dependent,28.2968,26.5732,28.3445,45.7109,44.164,48.3646,28.0571,27.9039,28.0857,0.6190383475276138,False,True,1.0085432920722386,False,False,744468
32,25,random,1,independent,7.37254,7.30579,7.61858,15.159,15.1291,15.2543,7.34138,7.31406,8.1145,0.4863473843921103,False,True,1.0042444336078502,False,False,747384
32,25,random,8192,dependent,48.9464,48.8555,55.2584,66.7089,63.3723,76.8433,53.5164,48.3691,61.5565,0.7337311812966485,False,True,0.9146056162223168,False,False,801520
32,25,random,8192,independent,12.9452,12.8555,15.8634,19.7741,19.5885,21.0031,12.9147,12.6438,12.963,0.6546543205506192,False,True,1.0023616499028238,False,False,800928
32,25,shared,1,dependent,27.6451,26.7277,30.6168,44.15,43.8302,46.6728,27.6241,26.7213,28.4837,0.6261630804077011,False,True,1.0007602057623597,False,False,744468
32,25,shared,1,independent,7.21486,7.13794,7.36809,15.0197,14.8869,17.6818,7.28288,7.274,7.33438,0.48035979413703334,False,True,0.9906602882376203,False,False,747384
32,25,shared,8192,dependent,48.1364,47.6621,53.9125,64.6451,64.2821,65.4984,50.5422,49.4601,52.2779,0.7446256560822089,False,True,0.9524001725290945,False,False,801520
32,25,shared,8192,independent,13.113,13.1111,13.3584,19.4588,19.3386,20.1683,13.1823,13.0952,14.0533,0.6738853372253171,False,True,0.9947429507749027,False,False,800928
32,26,random,1,dependent,27.0907,26.6291,28.4163,45.1934,44.7235,45.7204,27.5148,26.4854,28.1601,0.5994392986586538,False,True,0.9845864770959628,False,False,925303
32,26,random,1,independent,7.27908,7.15192,7.29053,16.1495,16.086,16.997,7.25046,7.17609,7.72794,0.45073098238335557,False,True,1.0039473357552486,False,False,929696
32,26,random,8192,dependent,51.8824,49.181,54.1096,66.2473,62.7518,66.6262,49.1079,49.0074,56.392,0.7831624836031054,False,True,1.0564980379938869,False,False,840022
32,26,random,8192,independent,13.9694,12.8123,14.4927,18.5045,17.8763,19.1466,13.2395,12.8587,13.2841,0.7549190737388203,False,True,1.0551304807583368,False,False,841576
32,26,shared,1,dependent,26.6241,26.5077,27.9401,43.6039,43.5168,48.5172,26.8269,26.4244,26.8466,0.6105898784283057,False,True,0.9924404236046654,False,False,925303
32,26,shared,1,independent,7.30515,7.14684,7.47299,16.2188,16.2074,16.3937,7.60715,7.2511,7.63829,0.4504124842775051,False,True,0.9603005067600876,False,False,929696
32,26,shared,8192,dependent,50.4436,48.9712,53.8209,66.4228,66.2905,66.8977,53.0866,52.0929,53.491,0.7594320022642829,False,True,0.9502134248567436,False,False,840022
32,26,shared,8192,independent,13.0177,12.8358,13.5549,18.3042,18.2947,18.6628,13.3673,13.0399,13.7221,0.7111865036439723,False,True,0.9738466257209758,False,False,841576
32,27,random,1,dependent,27.2662,26.6336,28.1232,43.9809,43.1156,44.2467,26.8453,26.4664,27.607,0.6199554806745656,False,True,1.015678722159931,False,False,890439
32,27,random,1,independent,7.27019,7.18054,7.56392,13.0342,12.8714,13.1575,7.26509,7.25682,7.32613,0.5577779994169186,False,True,1.0007019871742815,False,False,882520
32,27,random,8192,dependent,50.2847,49.7805,53.9595,65.9421,63.3367,71.1352,49.2992,47.9959,49.6477,0.7625583655964855,False,True,1.019990182396469,True,False,856380
32,27,random,8192,independent,13.1143,12.4785,13.6477,16.6861,16.6658,16.8495,13.1168,12.881,13.6395,0.7859415921036073,False,True,0.9998094047328617,False,False,863928
32,27,shared,1,dependent,26.9966,26.7569,27.064,43.6567,42.9478,45.2448,27.6108,26.6266,29.2848,0.6183838906742837,False,True,0.9777550813449809,False,False,890439
32,27,shared,1,independent,7.22122,7.13094,7.36365,13.0304,12.874,13.7215,7.43039,7.18181,7.87926,0.5541825270137525,False,True,0.9718493914855074,False,False,882520
32,27,shared,8192,dependent,52.1615,48.1084,63.2089,72.0997,65.9326,75.8114,49.4823,48.6825,54.2622,0.7234634818175387,False,True,1.0541446133263812,False,False,856380
32,27,shared,8192,independent,12.8778,12.3882,13.5422,17.5711,17.1337,20.6038,12.9274,12.853,13.2205,0.7328966314004245,False,True,0.9961631882667822,False,False,863928
32,28,random,1,dependent,27.6674,26.5973,35.9879,46.2786,43.2212,49.654,27.5739,26.6577,28.0323,0.5978443600281772,False,True,1.003390887759802,False,False,864164
32,28,random,1,independent,7.29942,7.22694,7.43167,13.2148,13.0024,13.9421,7.32484,7.30005,7.34775,0.55236704301238,False,True,0.9965296170291774,False,False,870424
32,28,random,8192,dependent,51.1386,49.839,56.3647,69.0212,68.6003,72.684,49.7665,48.8192,61.0612,0.7409114880645368,False,True,1.027570755427848,False,False,912605
32,28,random,8192,independent,13.2618,12.8053,13.6623,15.4228,15.3453,16.3803,12.9337,12.523,13.4157,0.859882770962471,False,True,1.0253678375097612,False,False,903624
32,28,shared,1,dependent,26.72,26.6463,26.9896,43.5028,42.9389,44.3878,27.0755,26.666,29.5143,0.6142133379920373,False,True,0.9868700485678934,False,False,864164
32,28,shared,1,independent,7.3134,7.13794,7.83475,13.127,12.9401,13.401,7.39098,7.20596,8.6422,0.557126533099718,False,True,0.9895034217383892,False,False,870424
32,28,shared,8192,dependent,48.9585,48.6933,51.4482,65.2803,65.183,70.1097,51.0426,49.5497,55.9572,0.7499735754890833,False,True,0.9591693996779161,False,False,912605
32,28,shared,8192,independent,12.9725,12.9286,13.2745,15.529,15.2289,16.3797,13.1448,12.5732,13.4786,0.8353725288170519,False,True,0.9868921550727284,False,False,903624
32,29,random,1,dependent,28.1321,26.516,29.7972,44.7095,42.5956,51.2168,27.1085,27.0971,27.2878,0.6292197407709771,False,True,1.0377593743659739,False,False,946679
32,29,random,1,independent,7.14175,7.14049,7.40814,10.608,10.5375,13.1213,7.21994,7.16528,8.27852,0.6732418929110106,False,True,0.989170270113048,False,False,941040
32,29,random,8192,dependent,51.0705,48.6933,58.864,69.1407,66.1081,72.6948,49.9306,48.9108,51.5703,0.7386459784179218,False,True,1.0228296876063978,False,False,931192
32,29,random,8192,independent,13.5492,12.3482,14.3433,14.1875,14.0139,16.2258,13.4074,12.2623,14.2867,0.955009691629956,False,False,1.0105762489371541,False,False,932600
32,29,shared,1,dependent,27.2884,26.818,27.4213,43.326,43.0495,43.4329,26.7448,26.6323,29.356,0.6298388958131376,False,True,1.0203254464419251,False,False,946679
32,29,shared,1,independent,7.13921,7.13095,8.28552,10.6595,10.5699,10.6799,7.31149,7.1748,7.32295,0.6697509264036775,False,True,0.9764370873789063,False,False,941040
32,29,shared,8192,dependent,50.209,48.3799,58.7953,65.7349,64.8594,66.2746,53.2182,49.3781,55.9044,0.7638103959996898,False,True,0.9434554344190521,False,False,931192
32,29,shared,8192,independent,12.8581,12.4366,13.0234,14.2523,14.0158,14.3661,12.8117,12.3158,12.8765,0.902177192453148,False,True,1.0036216895493963,False,False,932600
32,30,random,1,dependent,26.8669,26.6921,26.9947,43.6541,43.4469,44.3128,26.8186,26.7601,27.0634,0.6154496370329476,False,True,1.0018009888659363,False,False,849988
32,30,random,1,independent,7.15065,7.13985,7.15511,9.31485,9.21123,9.38733,7.22249,7.16209,7.23903,0.7676613149970208,False,True,0.9900532918702553,False,True,853272
32,30,random,8192,dependent,49.7233,48.4187,50.7533,64.4538,64.427,66.5162,49.3679,49.2655,49.4194,0.771456454080287,False,True,1.0071990098829402,False,False,957998
32,30,random,8192,independent,13.0971,12.7983,13.4411,13.3139,12.846,13.3483,13.1957,12.8638,13.3597,0.983716266458363,False,False,0.9925278689269988,False,False,963648
32,30,shared,1,dependent,26.7658,26.6965,27.0659,42.9007,42.867,43.3375,27.5784,27.0112,28.4379,0.6239012417046808,False,True,0.9705349113799205,False,False,849988
32,30,shared,1,independent,7.22122,7.21422,7.48189,9.30913,9.28688,9.36572,7.34456,7.29816,7.34584,0.7757137347958402,False,True,0.9832066182317252,False,False,853272
32,30,shared,8192,dependent,49.9496,48.8332,51.0063,66.7057,64.5409,67.4254,49.5936,48.4708,49.8447,0.7488055743362262,False,True,1.0071783455929797,False,False,957998
32,30,shared,8192,independent,13.478,12.6508,14.0362,13.1117,12.7087,13.5384,13.2942,13.0838,13.5867,1.0279368808011164,False,False,1.0138255780716403,False,False,963648
32,31,random,1,dependent,21.225,21.1995,21.4856,42.8397,42.6013,43.6395,21.595,21.1531,21.8595,0.4954516488210702,False,True,0.9828664042602455,False,False,1010273
32,31,random,1,independent,4.21333,4.15993,4.26738,8.14183,7.96635,8.15518,4.33667,4.30806,4.34303,0.5174917678212392,False,True,0.9715588227833799,False,True,1020608
32,31,random,8192,dependent,43.1023,42.4582,43.4844,66.0368,66.0095,66.6008,43.911,43.5359,44.2575,0.6527012211373052,False,True,0.9815832023866456,False,True,1000206
32,31,random,8192,independent,7.38144,7.1532,8.39171,12.9871,12.4709,13.0717,7.53848,7.2988,8.44829,0.568367071940618,False,True,0.9791682142819241,False,False,1003024
32,31,shared,1,dependent,21.5543,21.183,21.7152,43.2898,43.0692,44.2969,21.4144,21.2173,22.1475,0.4979071282380607,False,True,1.0065329871488344,False,False,1010273
32,31,shared,1,independent,4.19681,4.18663,4.21779,8.03502,8.01022,8.06618,4.33221,4.27946,4.34048,0.5223148168890681,False,True,0.9687457440890447,False,True,1020608
32,31,shared,8192,dependent,43.1334,42.4709,43.4164,65.382,65.2167,72.9841,43.3369,43.1747,47.8872,0.6597136826649537,False,True,0.9953042326516203,False,False,1000206
32,31,shared,8192,independent,7.1373,7.09215,7.96255,11.5102,11.4314,12.434,7.68152,7.30133,8.67271,0.62008479435631,False,True,0.9291520428248575,False,False,1003024
32,32,random,1,dependent,31.2176,31.1769,31.4147,43.9917,43.3648,46.416,31.7141,31.1972,33.5617,0.7096247701270921,False,True,0.9843445029182604,False,False,1061694
32,32,random,1,independent,9.33711,9.24811,9.42168,10.2749,10.2367,10.2819,9.32756,9.24556,10.0053,0.9087300119709193,False,True,1.001023847608592,False,False,1068504
32,32,random,8192,dependent,61.8121,59.536,64.1473,68.5145,67.241,72.6299,61.0587,59.9886,62.2349,0.9021754519116392,False,True,1.0123389459651122,False,False,1045643
32,32,random,8192,independent,17.1337,16.7351,19.7697,14.9059,14.8589,15.082,18.2432,17.1763,18.5229,1.1494575973272327,True,False,0.9391828188037186,False,False,1046296
32,32,shared,1,dependent,32.1528,31.3689,32.7422,44.1462,43.965,45.1603,31.7535,31.2608,34.2089,0.7283254277831387,False,True,1.0125749917331948,False,False,1061694
32,32,shared,1,independent,9.33775,9.31549,9.60667,10.4866,10.3416,10.6093,9.41212,9.37715,9.44202,0.8904459023897164,False,True,0.9920984857821618,False,False,1068504
32,32,shared,8192,dependent,59.33,58.0177,64.6998,66.4164,64.7818,70.4282,61.4764,61.3581,62.8033,0.8933034611933197,False,True,0.9650857890182248,False,False,1045643
32,32,shared,8192,independent,17.2373,17.0161,17.5514,15.0235,14.7737,15.1037,17.3575,17.2272,18.1942,1.147355809232203,True,False,0.9930750396082385,False,False,1046296
32,63,random,1,dependent,25.3652,25.1853,25.6144,25.8439,25.1115,25.9972,25.4561,25.3398,26.0124,0.9814772538200504,False,False,0.9964291466485441,False,False,2107725
32,63,random,1,independent,5.0246,5.02141,5.15366,7.15446,7.12967,7.18626,5.16064,5.1543,5.29861,0.702303178716493,False,True,0.9736389285049917,False,True,2128488
32,63,random,8192,dependent,53.7682,52.7903,54.3016,56.4156,53.5062,56.694,53.9023,53.6143,55.4161,0.9530732634235921,False,False,0.9975121655291148,False,False,2060924
32,63,random,8192,independent,9.46173,9.21249,9.52086,10.102,9.79042,10.1045,9.44392,9.23665,9.52403,0.9366194812908334,False,True,1.0018858694271022,False,False,2057520
32,63,shared,1,dependent,25.9012,25.7899,28.4112,25.1484,25.1096,25.1573,25.4803,25.2775,25.657,1.0299343099362186,True,False,1.0165186438150258,True,False,2107725
32,63,shared,1,independent,5.09897,5.09453,5.13458,7.16083,7.12521,7.267,5.26111,5.15811,5.34248,0.7120641043007584,False,True,0.9691814084860417,False,True,2128488
32,63,shared,8192,dependent,53.8578,52.8164,57.4818,55.8414,55.1434,56.2572,54.2132,52.8412,54.285,0.964477967959256,False,False,0.9934444009945916,False,False,2060924
32,63,shared,8192,independent,9.91821,9.72366,10.4421,10.1713,9.66199,10.3594,9.57744,9.31358,10.0657,0.9751172416505265,False,False,1.0355804891495015,False,False,2057520
64,1,random,1,dependent,7.41196,7.40433,7.46219,7.88307,7.66945,7.92122,7.72731,7.43866,7.81696,0.9402377500136367,False,True,0.9591901968472857,False,False,23808
64,1,random,1,independent,1.86412,1.82787,1.99127,2.09109,2.08919,2.11653,1.9919,1.97601,2.01797,0.8914585216322588,False,True,0.9358501932827953,False,False,20656
64,1,random,8192,dependent,23.3141,22.7451,23.372,20.6426,20.3349,21.5098,23.6638,22.9219,24.1941,1.1294168370263435,True,False,0.9852221536693178,False,False,19856
64,1,random,8192,independent,2.77901,2.76437,2.84004,3.10262,3.0314,3.11534,2.97675,2.94304,3.05238,0.8956978295762936,False,True,0.9335718484924834,False,True,16472
64,1,shared,1,dependent,7.48508,7.43803,7.50034,7.6313,7.49144,7.69107,7.40814,7.39734,7.47934,0.9808394375794425,False,False,1.0103858728371764,False,False,23808
64,1,shared,1,independent,1.83487,1.8317,1.89209,2.08983,2.08983,2.10127,1.97729,1.9722,2.24431,0.8779996459042123,False,True,0.9279721234619099,False,True,20656
64,1,shared,8192,dependent,23.5628,23.3065,23.859,20.8511,20.4385,22.1049,23.8667,23.2697,24.2081,1.1300506927692064,True,False,0.9872667775603664,False,False,19856
64,1,shared,8192,independent,2.83432,2.74722,2.93159,3.0988,3.05431,3.21388,3.04286,2.95129,3.11089,0.9146508325803536,False,True,0.9314657920508994,False,True,16472
64,2,random,1,dependent,14.3166,14.2358,14.9256,14.0991,13.9128,14.6478,14.2415,14.1824,14.3534,1.0154265165861651,False,False,1.005273320928273,False,False,42952
64,2,random,1,independent,3.63605,3.58136,3.88844,2.56729,2.50562,2.60989,3.70534,3.70407,3.74921,1.4162988988388534,True,False,0.9812999616769311,False,False,44304
64,2,random,8192,dependent,31.1165,31.0593,31.7453,25.416,24.8756,25.4892,31.4859,31.112,31.6092,1.2242878501731191,True,False,0.9882677643008457,False,False,49199
64,2,random,8192,independent,6.3591,6.21414,6.39789,3.46439,3.35057,3.47202,6.61659,6.29869,6.69606,1.8355612387750802,True,False,0.9610841838469664,False,False,49216
64,2,shared,1,dependent,14.7858,14.4215,15.0013,14.3846,14.2155,14.4507,14.7044,14.4997,14.7177,1.0278909389207902,False,False,1.0055357580044069,False,False,39312
64,2,shared,1,independent,3.59599,3.58073,3.69644,2.50435,2.50435,2.52023,3.71933,3.71234,3.79372,1.435897538283387,True,False,0.966838113316108,False,True,39032
64,2,shared,8192,dependent,31.4134,30.8272,32.1643,25.1153,24.9589,25.1942,31.505,31.0434,33.8395,1.2507674604723016,True,False,0.9970925249960324,False,False,48928
64,2,shared,8192,independent,6.22432,6.19063,6.46083,3.3989,3.35884,3.46439,6.43985,6.28979,6.61531,1.8312748242078318,True,False,0.9665318291575113,False,False,49280
64,3,random,1,dependent,12.565,12.5618,13.375,14.5829,14.5582,14.6929,12.7169,12.5192,13.5269,0.8616256025893341,False,True,0.9880552650410084,False,False,88744
64,3,random,1,independent,2.81779,2.79045,2.90871,2.60925,2.60672,2.61307,2.93097,2.92969,3.01361,1.0799233496215388,True,False,0.9613847975243691,False,True,87856
64,3,random,8192,dependent,29.1627,28.7298,29.3407,25.3836,24.8833,26.5566,30.3923,28.8595,30.4292,1.1488795915472982,True,False,0.9595423840907072,False,False,82536
64,3,random,8192,independent,4.51532,4.48799,5.18291,3.65321,3.58646,3.67801,4.80333,4.70862,4.95847,1.2359869813123252,True,False,0.9400395142536532,False,False,82200
64,3,shared,1,dependent,12.3749,12.3723,13.2599,14.5442,14.3954,14.6701,12.3914,12.3901,13.2376,0.8508477606193534,False,True,0.9986684313314073,False,False,98752
64,3,shared,1,independent,2.78918,2.78664,2.88835,2.63977,2.61179,2.64995,2.94368,2.92206,3.10072,1.0565996279978938,True,False,0.9475146755082073,False,True,99624
64,3,shared,8192,dependent,28.2122,27.8753,28.7298,24.6321,24.4834,24.6366,28.5454,28.5206,29.7,1.1453428656103215,True,False,0.9883273662306361,False,False,82984
64,3,shared,8192,independent,4.49498,4.44984,4.61514,3.56674,3.53368,3.65894,4.6355,4.63168,4.86119,1.2602488546964457,True,False,0.9696861180023729,False,True,82952
64,4,random,1,dependent,20.8556,20.8085,20.8639,14.78,14.7203,14.808,14.6885,14.6173,14.9339,1.4110690121786198,True,False,1.419859073424788,True,False,111780
64,4,random,1,independent,5.72905,5.64893,5.73921,2.67538,2.66965,2.69063,1.62061,1.61617,1.6295,2.141396736164582,True,False,3.5351194920431195,True,False,112112
64,4,random,8192,dependent,37.9321,37.8539,38.1222,26.2165,26.0137,26.8091,25.8547,25.6252,26.0194,1.4468788739915701,True,False,1.467125899739699,True,False,115664
64,4,random,8192,independent,9.75545,9.65245,9.81648,3.60553,3.59726,3.65384,2.59271,2.58827,2.60672,2.705690980244236,True,False,3.762646034458154,True,False,115208
64,4,shared,1,dependent,21.272,21.04,21.8487,14.5683,14.4901,14.7393,14.4768,14.3693,14.8614,1.4601566414749831,True,False,1.4693854995579132,True,False,97067
64,4,shared,1,independent,5.70107,5.63875,5.79579,2.66393,2.66011,2.68364,1.64032,1.61552,1.65813,2.1400975250851184,True,False,3.475584032383925,True,False,97840
64,4,shared,8192,dependent,38.7929,37.8863,40.6272,26.0893,26.0194,27.874,25.8675,25.287,27.1339,1.4869275910047415,True,False,1.4996772011210981,True,False,115082
64,4,shared,8192,independent,9.60603,9.53865,10.0683,3.66211,3.64621,3.72124,2.6048,2.59209,2.66075,2.6230861443266313,True,False,3.6878186425061426,True,False,115488
64,5,random,1,dependent,21.0444,20.9243,21.2644,22.8856,22.3293,25.2489,20.9262,20.9033,21.3203,0.9195476631593665,False,True,1.005648421595894,False,False,148428
64,5,random,1,independent,5.63876,5.62668,5.64384,10.8,10.5228,11.2915,5.64828,5.63748,5.71568,0.5221074074074075,False,True,0.9983145311493058,False,False,146720
64,5,random,8192,dependent,37.6727,37.4985,39.0739,35.2198,34.9795,35.7984,39.3117,37.5996,40.7403,1.0696454835064366,True,False,0.9583075776422795,False,False,145776
64,5,random,8192,independent,9.78851,9.61494,9.92139,15.4832,15.0509,15.9747,10.0975,9.76753,10.1636,0.6322019995866488,False,True,0.969399356276306,False,False,147032
64,5,shared,1,dependent,20.7564,20.7405,20.7844,23.1355,22.9111,25.6271,20.8454,20.7074,21.2561,0.8971666918804434,False,True,0.9957304729100904,False,False,138346
64,5,shared,1,independent,5.62987,5.62286,5.6572,12.3475,11.989,12.3774,5.65974,5.64893,5.66228,0.45595221704798544,False,True,0.9947223724057996,False,False,140264
64,5,shared,8192,dependent,37.0699,36.9117,39.1038,34.8116,34.6788,36.2123,38.1095,37.8977,38.5679,1.0648720541428718,True,False,0.9727207126831893,False,False,145377
64,5,shared,8192,independent,9.85083,9.7599,10.0066,14.7699,14.7228,15.2175,10.0358,9.88707,10.081,0.6669530599394715,False,True,0.9815689830407143,False,False,145384
64,6,random,1,dependent,21.649,20.5809,22.5239,21.9281,21.7457,23.414,20.654,20.642,22.1348,0.9872720390731528,False,False,1.0481746877118234,False,False,174064
64,6,random,1,independent,5.66101,5.61142,6.07872,6.77808,6.71513,6.92558,5.70869,5.68073,5.71251,0.8351937421806765,False,True,0.9916478211288404,False,False,175872
64,6,random,8192,dependent,38.1985,37.7216,38.9373,34.8867,34.7983,35.8531,38.9544,37.6778,39.4809,1.0949301596310343,True,False,0.9805952600989876,False,False,179624
64,6,random,8192,independent,10.0492,9.82349,10.0835,11.4931,11.4619,11.4937,9.92522,9.88705,10.1058,0.8743680991203419,False,True,1.0124914107697363,False,False,181152
64,6,shared,1,dependent,20.7958,20.7907,22.9225,22.7375,22.4145,23.8972,21.335,20.8346,21.3699,0.9146036283672347,False,False,0.9747269744551207,False,False,157974
64,6,shared,1,independent,5.8511,5.61269,6.01068,7.02286,7.01904,7.21805,5.7036,5.65848,5.75957,0.8331505967654204,False,True,1.0258608598078407,False,False,157464
64,6,shared,8192,dependent,38.4718,37.5563,41.5325,34.9477,34.6152,36.6414,38.4725,37.9613,39.8019,1.1008392540853906,True,False,0.9999818051855223,False,False,184610
64,6,shared,8192,independent,9.758,9.62384,9.91821,11.6838,11.097,11.6978,9.91312,9.79678,10.7148,0.835173488077509,False,True,0.9843520506157496,False,False,183552
64,7,random,1,dependent,18.0759,18.0359,18.919,22.1545,21.6427,23.4235,18.8999,18.1478,19.3577,0.8159019612268389,False,True,0.9564018857242632,False,False,212621
64,7,random,1,independent,3.93359,3.92468,4.06393,4.85802,4.776,5.20389,3.98827,3.98763,4.06773,0.809710540508273,False,True,0.9862897948233195,False,False,212304
64,7,random,8192,dependent,37.1901,34.2871,37.3999,34.8008,34.4156,36.1646,36.623,35.0164,36.726,1.06865646766741,False,False,1.0154848046309697,False,False,211681
64,7,random,8192,independent,6.60196,6.53329,6.96309,8.18379,8.14819,8.19969,6.82323,6.77681,6.90778,0.806711804677295,False,True,0.9675710770412254,False,False,211976
64,7,shared,1,dependent,18.151,18.1084,18.5445,21.7851,21.7044,24.4993,18.2076,18.0798,19.2458,0.8331841487989498,False,True,0.9968914079834794,False,False,190392
64,7,shared,1,independent,3.87254,3.8662,3.98572,4.86502,4.84467,4.95274,4.07346,4.00288,4.09953,0.7959967276599068,False,True,0.9506758382308897,False,True,186904
64,7,shared,8192,dependent,35.8791,35.2332,37.0343,36.3445,34.6565,37.0108,35.979,34.2185,36.0527,0.9871947612431043,False,False,0.9972233803051781,False,False,213489
64,7,shared,8192,independent,6.69734,6.63693,6.81815,8.10368,8.07634,8.37009,6.76346,6.68271,7.09534,0.8264566221765912,False,True,0.990223938634959,False,False,212504
64,8,random,1,dependent,27.8002,27.7456,29.6256,27.9255,26.0251,27.9675,28.1188,27.9751,30.1056,0.995513061538737,False,False,0.9886695022547193,False,False,253542
64,8,random,1,independent,8.08015,8.04648,8.35164,12.1797,12.1015,12.6801,8.39043,8.10306,9.25955,0.6634112498665813,False,True,0.963019773718391,False,False,253632
64,8,random,8192,dependent,47.2043,45.7128,49.5796,41.0678,38.1241,42.3114,51.2136,46.6468,58.4717,1.1494236360360186,True,False,0.9217141540528297,False,False,248904
64,8,random,8192,independent,14.4838,14.3553,16.3352,17.2361,16.2913,17.2526,14.6968,14.2511,15.323,0.8403177052813572,False,False,0.9855070491535572,False,False,247624
64,8,shared,1,dependent,27.5243,27.4474,28.0278,25.362,24.3594,26.0811,30.5125,26.9279,31.8692,1.085257471808217,True,False,0.9020663662433429,False,False,295445
64,8,shared,1,independent,8.17871,8.02612,8.23975,10.0377,9.9875,11.2521,8.10941,8.06999,8.48961,0.8147992069896491,False,True,1.0085456278570204,False,False,295840
64,8,shared,8192,dependent,47.7803,47.7104,54.4078,41.2127,38.6448,43.6827,49.9318,45.6963,51.2422,1.1593586443013926,True,False,0.9569112269135099,False,False,248304
64,8,shared,8192,independent,14.3496,14.1977,15.3885,16.2195,16.2061,16.4248,14.3732,14.2644,16.1775,0.8847128456487562,False,True,0.9983580552695294,False,False,247168
64,9,random,1,dependent,28.7279,27.5523,31.1489,29.2511,28.1601,29.4456,28.2625,27.6642,30.6905,0.9821134931677783,False,False,1.016467049977886,False,False,281862
64,9,random,1,independent,8.05537,8.05028,8.18188,14.2988,14.2454,14.4532,8.38406,8.12912,8.76744,0.5633598623660727,False,True,0.9607958435411961,False,False,279376
64,9,random,8192,dependent,50.8792,45.2995,52.7134,42.1944,40.8662,42.7475,48.5687,47.0244,50.5988,1.2058282615702556,True,False,1.047571790062324,False,False,278886
64,9,random,8192,independent,15.0808,14.9918,15.1126,19.8231,19.1002,20.1333,15.5506,14.075,15.5977,0.7607690018211077,False,True,0.9697889470502746,False,False,276832
64,9,shared,1,dependent,27.5421,27.4754,27.6305,29.3795,29.1748,31.0574,27.4734,27.2337,31.7294,0.9374597933933525,False,True,1.0025006005809256,False,False,265604
64,9,shared,1,independent,8.21367,8.16663,8.71913,15.5392,15.0414,15.8507,8.4451,8.09352,8.5659,0.5285774042421747,False,True,0.9725959432096719,False,False,263552
64,9,shared,8192,dependent,47.1191,46.4439,52.2537,42.4716,41.6285,43.7024,47.5006,46.559,49.5033,1.1094260635342206,True,False,0.9919685225028737,False,False,281740
64,9,shared,8192,independent,14.3153,14.0368,14.8195,18.4085,18.1293,19.0525,14.9174,14.1627,17.4688,0.7776461960507375,False,True,0.959637738479896,False,False,279304
64,10,random,1,dependent,27.6743,27.6375,29.4997,27.3438,27.2554,29.4317,27.6934,27.5605,28.3915,1.0120868350412158,False,False,0.9993103049824146,False,False,320022
64,10,random,1,independent,8.32176,8.04584,8.33066,8.76617,8.51122,9.10315,8.31731,8.08397,8.54301,0.9493039719740775,False,True,1.0005350287532866,False,False,316712
64,10,random,8192,dependent,47.3862,46.5946,49.2732,40.3728,40.2184,46.3174,48.6685,47.1967,49.6114,1.1737159671858282,True,False,0.9736523624110051,False,False,311676
64,10,random,8192,independent,14.1207,13.9866,14.2193,12.2236,12.2147,12.5109,14.4272,14.2282,15.0261,1.1551997774796297,True,False,0.9787554064544749,False,True,313480
64,10,shared,1,dependent,28.4061,27.3571,28.6929,27.8657,26.9248,29.5321,27.1606,27.0735,28.8111,1.0193930172218892,False,False,1.0458568661958867,False,False,335789
64,10,shared,1,independent,8.17871,8.05345,8.34274,9.31804,9.26654,9.45155,8.68797,8.45337,9.65372,0.8777285781129938,False,True,0.9413833150897161,False,True,339192
64,10,shared,8192,dependent,49.5993,46.1655,52.0509,41.7652,40.7778,42.8969,48.1841,46.1623,49.9592,1.1875748230584313,True,False,1.0293706845204122,False,False,312870
64,10,shared,8192,independent,14.2988,14.2708,14.3286,12.0608,11.94,12.4474,14.2854,14.2091,14.9174,1.1855598301936854,True,False,1.000938020636454,False,False,312024
64,11,random,1,dependent,27.5084,27.4467,28.1073,26.7601,26.0824,27.49,27.7958,27.3603,28.197,1.0279632736798443,False,False,0.9896603083919154,False,False,345588
64,11,random,1,independent,8.31287,8.06427,8.35037,4.35384,4.33095,4.3551,8.2283,8.08653,8.34401,1.9093191297796888,True,False,1.010277943196043,False,False,344440
64,11,random,8192,dependent,47.053,46.8801,48.097,40.6787,40.074,43.6153,47.2584,46.9316,50.4348,1.1566987145606915,True,False,0.9956536827315354,False,False,343777
64,11,random,8192,independent,14.3089,14.2237,15.8119,6.93066,6.85883,6.94084,14.8048,14.7222,15.1761,2.0645797081374644,True,False,0.9665041067761807,False,False,343192
64,11,shared,1,dependent,28.4958,27.5599,28.6293,27.5421,26.0048,28.0622,28.0984,27.6852,28.7755,1.034626989227401,False,False,1.014143154058594,False,False,330560
64,11,shared,1,independent,8.35609,8.22195,8.72485,4.42123,4.37737,4.47209,8.5303,8.37772,8.77826,1.8899921515053502,True,False,0.9795775060666095,False,False,336352
64,11,shared,8192,dependent,48.3589,46.5844,50.0628,40.837,40.8192,43.1449,48.0671,46.7059,48.8281,1.1841932561157773,True,False,1.0060706803614112,False,False,343039
64,11,shared,8192,independent,14.3216,14.0947,14.829,7.05656,7.02667,7.44565,14.59,14.3782,14.595,2.029544140487716,True,False,0.9816038382453736,False,False,342144
64,12,random,1,dependent,28.4278,27.6318,29.6001,28.1798,27.6947,29.4183,29.0133,27.6089,31.3772,1.0088006302386816,False,False,0.9798195999765625,False,False,384531
64,12,random,1,independent,8.40314,8.05347,8.6797,11.9508,11.3989,12.3043,8.81512,8.15201,10.1121,0.7031445593600429,False,True,0.9532643911824229,False,False,382736
64,12,random,8192,dependent,48.6361,47.9953,51.1481,45.5729,42.9846,49.1428,50.5911,48.158,50.8792,1.0672153845816263,False,False,0.961356839444092,False,False,377232
64,12,random,8192,independent,14.9187,14.5842,15.178,15.2861,14.9276,16.5437,15.7115,14.4291,16.5583,0.9759650924696293,False,False,0.9495401457531107,False,False,378816
64,12,shared,1,dependent,29.9823,27.4035,30.3256,28.2154,27.6254,29.1144,27.8034,27.6636,27.9535,1.0626218306314992,False,False,1.078368113252336,False,False,439249
64,12,shared,1,independent,8.29823,8.01149,8.71404,10.018,9.70395,10.1274,8.42857,8.09224,8.62758,0.8283320023956877,False,True,0.9845359295823609,False,False,439512
64,12,shared,8192,dependent,52.2378,48.9216,54.4192,42.9325,41.8809,43.7444,49.5485,49.1079,51.899,1.2167425609969138,True,False,1.0542761133031273,False,False,379032
64,12,shared,8192,independent,15.084,14.9434,16.5017,15.405,14.9562,16.0618,15.2976,14.5391,16.9112,0.9791626095423563,False,False,0.9860370254157516,False,False,380976
64,13,random,1,dependent,28.3642,27.3616,28.5123,27.6782,27.0074,29.7604,28.9281,28.3095,30.2137,1.0247848487257118,False,False,0.9805068428275621,False,False,408794
64,13,random,1,independent,8.21941,8.13992,8.45909,16.1858,16.1012,16.4458,8.65491,8.61168,9.50432,0.5078161104177736,False,True,0.9496817413468194,False,True,404632
64,13,random,8192,dependent,53.1127,47.2469,53.1292,43.0431,43.0152,45.8864,50.6344,48.3507,50.7984,1.2339422578764074,True,False,1.048944986017411,False,False,401976
64,13,random,8192,independent,14.4952,14.1112,14.7076,19.5268,19.5026,19.9661,15.6116,13.9999,16.8724,0.7423233709568388,False,True,0.9284890722283431,False,False,405904
64,13,shared,1,dependent,28.6783,28.0374,28.9237,28.0298,27.2903,31.5698,29.0457,28.5511,29.3376,1.0231360908747118,False,False,0.9873509676131063,False,False,397089
64,13,shared,1,independent,8.08081,8.02422,8.10432,14.8023,14.7457,17.437,8.22958,8.0878,8.45845,0.5459158374036467,False,True,0.9819225282456698,False,False,394216
64,13,shared,8192,dependent,49.1212,48.0932,49.7392,43.4526,42.2745,44.7928,49.902,47.8071,52.7903,1.1304547944196666,True,False,0.9843533325317623,False,False,405420
64,13,shared,8192,independent,14.9415,14.3973,14.9523,21.2129,19.7131,23.6193,15.0503,13.7151,15.077,0.70435913995729,False,True,0.9927709082210986,False,False,409272
64,14,random,1,dependent,29.3751,27.5688,29.548,27.2484,27.0627,27.8797,29.1583,27.9827,29.494,1.0780486193684766,False,False,1.0074352757190919,False,False,439676
64,14,random,1,independent,8.11577,8.01913,8.49533,10.6023,10.4535,10.8217,8.23083,8.09416,8.4451,0.7654725861369702,False,True,0.9860208508740917,False,False,443336
64,14,random,8192,dependent,51.7864,49.8937,53.0802,47.0308,45.9124,47.4218,50.621,49.6833,52.002,1.1011167150037848,True,False,1.0230220659410125,False,False,435492
64,14,random,8192,independent,14.9886,14.8233,15.4095,14.4189,14.2193,14.5423,14.6503,14.4418,15.4781,1.0395106422820048,True,False,1.0230916773035366,False,False,441320
64,14,shared,1,dependent,29.6243,29.1634,30.6733,28.4436,27.5288,28.9752,28.9497,27.6375,29.0794,1.0415102167095587,True,False,1.0233024867269782,True,False,403294
64,14,shared,1,independent,8.20923,8.1075,8.29697,8.88698,8.8075,8.94228,8.28488,8.2016,8.39297,0.9237367474665185,False,True,0.9908689081797202,False,False,407320
64,14,shared,8192,dependent,51.3312,48.8529,53.1832,43.8658,43.1061,44.438,52.0833,50.6973,52.4604,1.1701872529396478,True,False,0.9855596707581893,False,False,434011
64,14,shared,8192,independent,14.5652,14.3032,14.5938,13.9936,13.9847,14.0273,14.6351,14.417,14.7813,1.0408472444546077,True,False,0.9952238112483004,False,False,438840
64,15,random,1,dependent,23.9188,23.4267,24.4954,26.7334,26.1167,26.7995,23.337,23.2194,26.3602,0.8947159732768747,False,True,1.0249303680850153,False,False,475899
64,15,random,1,independent,5.24585,5.2007,5.3533,5.50906,5.36156,5.65021,5.37555,5.34502,5.7265,0.9522223392012431,False,True,0.9758722363293059,False,False,476872
64,15,random,8192,dependent,44.824,44.3319,48.9419,43.904,43.1735,44.4883,45.7713,45.2328,47.1242,1.0209548104956268,False,False,0.979303624760494,False,False,468250
64,15,random,8192,independent,9.3689,9.23729,9.62131,9.14066,8.9442,9.52086,9.60478,9.25572,9.92966,1.0249697505431774,False,False,0.9754413948055031,False,False,472192
64,15,shared,1,dependent,24.5438,23.7045,26.8256,26.722,26.1071,27.8244,23.9658,23.6403,25.1045,0.9184866402215403,False,False,1.0241177010573401,False,False,493922
64,15,shared,1,independent,5.28653,5.24394,6.20206,5.49698,5.31323,5.78499,5.42386,5.34692,6.13467,0.9617153418786316,False,False,0.9746803936679781,False,False,493336
64,15,shared,8192,dependent,45.1196,43.9638,45.1279,45.536,44.3815,46.4236,44.4419,44.1901,46.0243,0.990855586788475,False,False,1.0152491230122924,False,False,462557
64,15,shared,8192,independent,8.96199,8.95819,12.2039,8.91812,8.86409,8.96327,9.11331,9.07388,9.31485,1.0049191982166645,False,False,0.9833957146196058,False,False,469168
64,16,random,1,dependent,36.9574,36.293,43.5162,31.4693,30.3338,39.1159,37.2219,34.3602,54.5508,1.17439536309991,False,False,0.9928939683358453,False,False,505699
64,16,random,1,independent,11.1116,11.1084,11.7486,12.3024,12.2935,12.3177,11.041,11.0029,11.5153,0.9032058785277668,False,True,1.0063943483380127,False,False,506656
64,16,random,8192,dependent,60.1489,59.4489,76.0752,45.4776,45.166,70.4632,62.0473,61.1827,84.4523,1.3226049747568032,False,False,0.9694039869583366,False,False,509488
64,16,random,8192,independent,20.4798,19.6393,49.2172,16.2798,15.7598,24.6506,20.9751,20.0176,42.675,1.2579884273762576,False,False,0.9763862865969649,False,False,506664
64,16,shared,1,dependent,34.8104,33.5712,35.4131,30.6168,28.7851,31.3905,34.214,33.5808,34.4461,1.1369705521151785,True,False,1.0174314608055184,False,False,545580
64,16,shared,1,independent,11.254,11.2343,16.7198,11.5776,11.5038,19.474,11.4174,10.9336,24.7396,0.9720494748479822,False,False,0.9856885105190323,False,False,544456
64,16,shared,8192,dependent,62.2406,59.7814,89.5367,47.8941,46.7663,61.5609,64.2885,60.1807,78.2871,1.2995462906704582,False,False,0.9681451581542578,False,False,507008
64,16,shared,8192,independent,19.6762,19.5077,20.5244,15.8488,15.7986,16.468,20.0895,19.4772,20.2859,1.2414946241986775,True,False,0.9794270638890963,False,False,509624
64,17,random,1,dependent,35.4398,34.476,42.5898,34.9655,33.165,36.5976,35.6929,34.4779,45.6085,1.0135647995881654,False,False,0.9929089538815842,False,False,535807
64,17,random,1,independent,11.4663,11.0696,20.5091,14.7012,14.4469,23.8857,11.6087,11.0753,23.3758,0.779956738225451,False,False,0.9877333379275888,False,False,533992
64,17,random,8192,dependent,63.1714,59.9181,66.2899,51.0744,50.9694,51.6923,61.9456,58.6929,65.897,1.2368505552683928,True,False,1.0197883304060338,False,False,541597
64,17,random,8192,independent,19.612,19.448,21.8302,18.2807,17.793,18.7887,19.9566,19.5096,20.9764,1.0728254388508098,True,False,0.9827325295892084,False,False,542776
64,17,shared,1,dependent,34.2986,33.9247,43.2256,35.1639,34.1371,46.5552,36.6357,34.4919,41.0245,0.9753923768410216,False,False,0.9362070330306231,False,False,492998
64,17,shared,1,independent,11.0722,10.9164,11.5064,15.5862,14.9949,15.7286,11.0143,10.9545,11.0861,0.7103848276039061,False,True,1.0052568025203599,False,False,487088
64,17,shared,8192,dependent,70.6564,60.5844,116.066,54.2126,50.3858,57.237,63.4995,61.0453,73.8277,1.3033206302593863,True,False,1.1127079740785362,False,False,547982
64,17,shared,8192,independent,20.6801,19.7741,22.0331,23.6912,18.4275,40.252,20.1168,19.9305,33.0817,0.8729021746471264,False,False,1.0280014714069832,False,False,547512
64,18,random,1,dependent,38.7236,33.8008,46.6029,36.9994,34.7697,37.2289,34.8536,33.9813,46.772,1.04660075568793,False,False,1.111035875777538,False,False,567126
64,18,random,1,independent,11.0315,10.9596,11.0798,18.7817,17.9145,24.3518,10.9615,10.9158,18.1929,0.5873536474334059,False,True,1.0063859873192538,False,False,572928
64,18,random,8192,dependent,63.0767,59.9238,65.7533,54.87,51.7909,66.6803,62.7842,59.4896,64.7977,1.149566247494077,False,False,1.0046588154344565,False,False,582374
64,18,random,8192,independent,20.6343,19.6183,55.9877,23.7586,22.0356,27.1091,19.8619,19.4244,42.003,0.8684981438300236,False,False,1.0388885252669684,False,False,579704
64,18,shared,1,dependent,35.588,34.1924,40.6431,38.8012,35.8028,45.8667,35.6852,35.6687,36.3623,0.9171881282022205,False,False,0.9972761817223947,False,False,541997
64,18,shared,1,independent,11.3379,10.9158,20.7227,18.7963,17.9253,28.8359,12.4556,10.9043,17.4109,0.6031985018328075,False,False,0.9102652622113747,False,False,542472
64,18,shared,8192,dependent,65.7031,60.4566,66.9072,55.7537,53.4668,58.7559,62.458,61.9539,64.2128,1.1784527304914294,True,False,1.0519565147779308,False,False,580281
64,18,shared,8192,independent,20.3285,19.6711,22.2244,21.5054,21.122,23.3828,20.0405,19.5351,20.8518,0.9452742101983687,False,False,1.0143708989296674,False,False,575312
64,19,random,1,dependent,35.4106,34.0532,37.7343,36.7101,36.5798,37.6981,34.9763,34.3246,35.9802,0.9646010226068576,False,False,1.0124169794975455,False,False,600060
64,19,random,1,independent,11.3926,11.0111,11.4301,20.8524,20.312,22.7273,11.0372,10.9673,11.7359,0.5463447852525369,False,True,1.0322001957018083,False,False,599664
64,19,random,8192,dependent,63.2458,62.2482,65.431,55.9635,55.6189,59.8806,63.9114,61.4719,64.0208,1.1301258856218785,True,False,0.98958558254083,False,False,609918
64,19,random,8192,independent,20.4462,19.4829,20.8073,23.9677,23.6187,24.3053,19.8135,19.7035,21.1932,0.8530730942059522,False,True,1.0319327731092436,False,False,609592
64,19,shared,1,dependent,34.8867,34.1244,41.3926,39.1432,36.4145,41.474,34.9369,34.3507,39.2145,0.8912582517525394,False,False,0.9985631238031993,False,False,564542
64,19,shared,1,independent,11.2082,10.9914,11.6596,23.5106,20.4455,24.2329,11.0423,10.9552,12.5434,0.47672964535145845,False,True,1.0150240439038969,False,False,563768
64,19,shared,8192,dependent,66.4686,61.0352,69.2622,59.2505,56.584,118.768,66.7941,60.4089,130.836,1.121823444527894,False,False,0.9951268150929498,False,False,604338
64,19,shared,8192,independent,20.841,19.392,21.4049,24.5902,24.1718,24.6112,20.1181,19.5529,20.1918,0.8475327569519565,False,True,1.0359328167172845,False,False,607600
64,20,random,1,dependent,35.0933,34.0258,37.5659,37.667,37.3777,38.8165,36.1735,36.0266,36.6675,0.9316722860859638,False,False,0.9701383609548427,False,False,635513
64,20,random,1,independent,10.9762,10.9259,11.1783,22.6587,21.5867,24.5616,11.1491,11.0544,11.1739,0.48441437505240814,False,True,0.9844920217775426,False,False,638872
64,20,random,8192,dependent,63.8371,62.3461,65.4672,59.2639,58.1786,71.9598,61.1318,60.6658,65.1086,1.0771667068822672,False,False,1.0442535636117374,False,False,650487
64,20,random,8192,independent,21.1207,19.3621,21.2593,28.2326,26.413,28.6605,21.2154,21.0031,22.6409,0.7480961725097935,False,True,0.9955362613950244,False,False,642320
64,20,shared,1,dependent,34.8136,34.2979,37.9518,38.9442,36.8811,40.4256,34.3526,34.3202,38.8629,0.8939354255575926,False,False,1.013419653825329,False,False,607890
64,20,shared,1,independent,11.68,11.6609,15.8075,23.0516,22.1093,23.166,11.0067,10.8992,16.297,0.5066893404362387,False,True,1.0611718317025085,False,False,610552
64,20,shared,8192,dependent,66.3013,64.462,87.1029,62.8313,61.9405,67.7071,66.7063,64.8918,94.1423,1.0552272513858538,False,False,0.9939286094416869,False,False,640311
64,20,shared,8192,independent,20.4239,19.6222,20.6674,26.6622,26.1529,29.3795,20.8594,19.591,21.3394,0.7660245591136515,False,True,0.9791221224004525,False,False,635248
64,21,random,1,dependent,34.6018,34.5567,36.2199,39.2558,38.36,52.3281,36.8811,34.4473,40.788,0.8814442706555463,False,True,0.938198697978097,False,False,676464
64,21,random,1,independent,11.4352,10.9374,12.7233,22.9251,22.5875,24.5711,10.9685,10.9673,13.0062,0.49880698448425526,False,True,1.0425491179286137,False,False,673968
64,21,random,8192,dependent,63.0004,60.0554,74.5767,59.2066,55.4365,95.485,67.7134,61.9049,69.2953,1.0640773157046681,False,False,0.9303978237690029,False,False,673085
64,21,random,8192,independent,20.5542,20.4099,26.7836,28.5295,26.1834,43.6891,21.6999,20.7367,46.896,0.7204542666362889,False,False,0.9472025216706069,False,False,676144
64,21,shared,1,dependent,36.1894,35.1079,36.1951,37.761,37.0496,40.1567,37.166,34.2795,40.081,0.9583803395037207,False,True,0.9737232954851208,False,False,646405
64,21,shared,1,independent,10.959,10.8852,11.048,23.304,21.3534,23.812,11.2394,10.9316,11.7887,0.4702626158599382,False,True,0.9750520490417638,False,False,642472
64,21,shared,8192,dependent,66.8875,63.7906,68.4802,58.183,57.4697,61.5171,70.4212,60.7917,74.1692,1.1496055548871664,True,False,0.9498205085968431,False,False,666546
64,21,shared,8192,independent,19.9362,19.5675,20.1696,26.5039,25.2234,27.9566,21.0896,20.4201,22.8844,0.7521987330166503,False,True,0.9453095364539867,False,True,675128
64,22,random,1,dependent,35.0749,34.7875,39.8172,37.8494,37.234,38.9582,34.778,34.2274,35.8944,0.9266963280791769,False,False,1.0085370061533154,False,False,702413
64,22,random,1,independent,10.9081,10.9037,11.041,19.249,19.2216,24.5832,11.1516,11.0461,17.5044,0.5666839835835628,False,True,0.9781645683130671,False,True,707168
64,22,random,8192,dependent,62.6278,61.7867,63.4893,58.1017,57.4849,59.6587,60.4693,59.9136,62.0155,1.077899613952776,True,False,1.035695799356037,False,False,696152
64,22,random,8192,independent,20.1505,19.7913,26.2674,24.0173,23.934,25.0098,19.996,19.5541,20.4296,0.8389993879411924,False,False,1.007726545309062,False,False,706288
64,22,shared,1,dependent,34.1365,34.0532,35.3406,36.5194,36.382,36.8347,34.0226,33.7976,34.099,0.9347497494482385,False,True,1.0033477747144546,False,False,690447
64,22,shared,1,independent,11.0601,10.945,11.1249,18.5089,17.9157,18.7276,10.9208,10.8719,11.1567,0.5975557704671807,False,True,1.0127554757893196,False,False,689704
64,22,shared,8192,dependent,63.413,60.147,63.7639,57.9681,56.1727,58.2434,62.9005,61.7587,63.7379,1.0939292472929076,True,False,1.008147788968291,False,False,702416
64,22,shared,8192,independent,19.467,19.3996,20.9656,24.587,23.6492,24.875,19.453,19.4073,20.6776,0.7917598731036727,False,True,1.0007196833393306,False,False,704768
64,23,random,1,dependent,35.3762,34.2369,54.6366,38.2767,36.6682,54.5514,35.1035,34.1721,50.0005,0.924222830076783,False,False,1.0077684561368525,False,False,741815
64,23,random,1,independent,11.3271,10.9876,12.1047,18.5165,18.4568,34.5179,11.5859,10.9069,11.968,0.611730078578565,False,True,0.9776625035603621,False,False,740824
64,23,random,8192,dependent,63.4931,61.0466,76.5654,59.5194,58.0832,93.2229,65.5187,61.7224,78.6374,1.0667631058108784,False,False,0.9690836356643219,False,False,736852
64,23,random,8192,independent,20.8238,19.5109,26.0588,24.7301,22.9683,27.9236,19.5853,19.4944,21.3089,0.8420426929126853,False,False,1.0632362026622006,False,False,734792
64,23,shared,1,dependent,34.8892,34.1867,132.531,38.3066,37.3904,96.4483,36.4056,33.8491,64.6979,0.910788219262477,False,False,0.9583470674841233,False,False,741830
64,23,shared,1,independent,11.5821,11.2686,16.0338,19.1943,19.1867,29.562,11.2311,10.9209,17.177,0.6034135133867867,False,True,1.031252504207068,False,False,736064
64,23,shared,8192,dependent,66.0763,61.0307,93.5822,59.4482,58.6058,80.2835,66.5684,63.8059,87.3922,1.111493703762267,False,False,0.9926076036077178,False,False,735977
64,23,shared,8192,independent,22.1132,20.5619,59.6574,23.4865,23.0255,36.1195,19.9865,19.6279,29.054,0.9415281118940668,False,False,1.1064068246066094,False,False,727552
64,24,random,1,dependent,34.0913,34.0271,37.2734,37.9753,36.4958,50.4576,34.2032,34.1619,34.366,0.89772299363007,False,False,0.9967283762922766,False,False,788400
64,24,random,1,independent,11.1001,11.0474,12.9814,18.5928,18.2489,21.5213,11.3398,11.1497,11.9909,0.5970106707972979,False,True,0.9788620610592779,False,False,779864
64,24,random,8192,dependent,68.1203,61.3549,78.2502,59.4387,59.4171,66.1952,62.6411,62.5954,63.5389,1.1460597220329516,False,False,1.0874697283412966,False,False,770641
64,24,random,8192,independent,19.8046,19.701,19.9852,21.8143,21.5766,22.4717,19.9807,19.249,20.0412,0.9078723589571979,False,True,0.9911864949676439,False,False,771192
64,24,shared,1,dependent,35.7997,35.4055,37.761,37.7966,36.7858,39.2106,35.1518,34.5173,35.4347,0.9471672055158401,False,False,1.0184314885724202,False,False,813878
64,24,shared,1,independent,11.3837,11.027,11.4212,17.2844,16.5532,17.7886,11.2159,11.0245,11.528,0.6586112332507925,False,True,1.0149609037170446,False,False,825064
64,24,shared,8192,dependent,64.3501,62.4402,64.4506,58.7851,58.6382,60.5329,61.5203,61.1769,64.1422,1.094666845850394,True,False,1.045997825108135,False,False,764718
64,24,shared,8192,independent,19.7341,19.6171,21.45,21.9104,21.7654,22.5468,19.851,19.729,19.9458,0.9006727398860817,False,True,0.9941111279028766,False,False,765928
64,25,random,1,dependent,34.1956,34.1473,34.5421,37.7254,36.726,37.9791,34.3533,33.9368,34.3869,0.906434391683057,False,True,0.9954094657572926,False,False,801331
64,25,random,1,independent,11.1097,10.9978,11.1961,15.7127,15.6256,15.7833,10.9552,10.9247,11.1173,0.7070522570913974,False,True,1.0141028917774209,False,False,801736
64,25,random,8192,dependent,65.6446,61.9094,67.8755,61.711,58.7559,64.9554,62.0963,61.6538,64.4353,1.0637422825752296,False,False,1.0571418909017123,False,False,811855
64,25,random,8192,independent,20.024,19.8758,20.8505,21.2529,20.9808,22.0261,19.9598,19.5745,20.2885,0.9421773028621977,False,True,1.0032164650948405,False,False,814448
64,25,shared,1,dependent,34.6101,34.1574,34.8167,36.7031,36.5079,40.0708,35.0285,34.2725,35.1639,0.9429748440867394,False,True,0.9880554405698218,False,False,797571
64,25,shared,1,independent,11.0582,10.9336,11.6533,15.1895,15.1164,15.2829,11.1847,11.0664,11.7461,0.7280160637282332,False,True,0.9886899067476106,False,False,804080
64,25,shared,8192,dependent,63.4524,63.139,69.4872,60.8629,59.639,63.3214,64.0577,62.4142,71.3787,1.042546444549964,False,False,0.9905507066285552,False,False,820948
64,25,shared,8192,independent,20.6362,20.2363,32.4669,21.7152,21.012,23.1387,19.7633,19.7461,25.3372,0.9503113026819923,False,False,1.044167725025679,False,False,821448
64,26,random,1,dependent,35.073,34.2159,35.7316,37.274,36.6408,39.5317,36.1754,34.4251,37.3713,0.9409507968020604,False,True,0.9695262526468262,False,False,836181
64,26,random,1,independent,10.987,10.9539,11.0512,15.1087,15.0986,15.1634,11.1669,10.8871,12.8072,0.7271969130368595,False,True,0.9838898888679938,False,False,835520
64,26,random,8192,dependent,67.8622,64.4067,68.3187,62.7346,59.5659,65.2148,63.7633,62.6952,65.9091,1.0817348002537674,False,False,1.0642830593774162,False,False,825268
64,26,random,8192,independent,19.6559,19.5955,21.6255,20.2643,19.7264,21.6834,19.7926,19.7506,21.8703,0.9699767571542072,False,False,0.9930933783333165,False,False,827768
64,26,shared,1,dependent,36.1913,34.6603,36.6421,38.5189,36.6395,39.4713,35.3165,34.1702,36.6866,0.939572521541373,False,False,1.0247702915068029,False,False,807624
64,26,shared,1,independent,11.0569,10.9202,13.3686,14.4043,14.3795,14.7603,11.2235,11.2235,11.3131,0.7676110605860751,False,True,0.9851561455873837,False,False,810288
64,26,shared,8192,dependent,65.3833,63.8733,101.793,59.9537,57.1543,74.5214,65.4411,61.9621,66.8405,1.0905632179498514,False,False,0.9991167630128467,False,False,828093
64,26,shared,8192,independent,19.928,19.5465,20.0488,20.9312,20.7068,24.814,19.8142,19.7627,21.4164,0.9520715486928605,False,True,1.0057433557751512,False,False,829536
64,27,random,1,dependent,35.7094,34.1956,40.9152,37.7356,36.8048,38.0154,36.2657,35.1836,38.9252,0.9463053456152811,False,False,0.9846604367211994,False,False,864032
64,27,random,1,independent,11.3761,10.966,13.5186,13.4277,13.3139,14.1837,11.4994,10.9285,13.71,0.8472113615883583,False,False,0.9892777014452928,False,False,863512
64,27,random,8192,dependent,65.6134,62.0988,79.0602,66.8259,59.1596,71.5497,64.9802,64.916,66.0788,0.9818558373325311,False,False,1.0097445067882216,False,False,869319
64,27,random,8192,independent,20.0876,19.9381,20.4372,20.3266,19.1517,20.4887,20.0882,19.8822,22.9969,0.9882420080092096,False,False,0.9999701317191185,False,False,871928
64,27,shared,1,dependent,34.9585,34.6819,34.9763,37.4095,36.5683,40.1541,34.5929,34.2197,37.1857,0.9344818829441719,False,True,1.0105686426983571,False,False,812840
64,27,shared,1,independent,11.0493,10.9164,11.4161,15.3211,15.0865,15.7681,11.0594,10.8833,12.0856,0.7211818994719701,False,True,0.9990867497332586,False,False,808608
64,27,shared,8192,dependent,63.2242,62.1325,65.045,58.5499,57.3254,67.0083,64.8028,63.4384,74.7197,1.0798344659854244,False,False,0.9756399414840099,False,False,873360
64,27,shared,8192,independent,19.6018,19.5522,20.5784,19.865,19.1066,21.2739,19.7423,19.4702,23.0509,0.9867505663226782,False,False,0.9928833013377367,False,False,873408
64,28,random,1,dependent,34.1574,34.1371,36.9994,37.2168,36.459,38.4909,34.9204,34.7462,35.1315,0.9177951892693623,False,False,0.9781503075566145,False,False,899116
64,28,random,1,independent,11.1275,10.9774,11.9807,12.7646,12.6699,13.3705,11.1554,11.0327,14.4221,0.8717468624163702,False,True,0.9974989691091309,False,False,898296
64,28,random,8192,dependent,63.3322,62.3665,68.0637,63.1123,58.5709,67.2671,64.5281,62.856,66.5607,1.0034842653492266,False,False,0.9814669888002282,False,False,904182
64,28,random,8192,independent,19.7684,19.6552,19.8021,18.582,18.5006,19.3106,19.8275,19.6349,20.4926,1.0638467333979118,True,False,0.9970192913882234,False,False,898912
64,28,shared,1,dependent,35.7329,34.2038,36.0228,36.6408,36.2733,37.2728,34.9026,34.083,35.7043,0.9752216108818585,False,True,1.0237890586947678,False,False,912259
64,28,shared,1,independent,11.0556,10.903,11.4994,12.078,12.0392,12.1314,10.9316,10.9138,11.0175,0.915350223546945,False,True,1.011343261736617,False,False,902456
64,28,shared,8192,dependent,64.7621,62.4383,66.3586,61.6252,57.4926,67.8291,64.3228,63.5281,67.1616,1.0509028773943128,False,False,1.0068296156261856,False,False,900485
64,28,shared,8192,independent,20.4595,19.57,20.5867,18.9482,18.6119,18.9629,20.0907,19.6095,22.2855,1.0797595549973085,True,False,1.0183567521290946,False,False,907032
64,29,random,1,dependent,35.401,34.4931,37.164,38.461,37.0013,39.3562,35.5841,34.0951,38.3167,0.9204388861444062,False,False,0.9948544434171442,False,False,925337
64,29,random,1,independent,11.1688,10.9558,11.2267,12.6654,12.0258,12.7646,11.3627,10.9641,12.7048,0.8818355519762502,False,True,0.9829353938764553,False,False,924944
64,29,random,8192,dependent,69.4389,62.3372,69.6138,62.8395,61.5546,65.5123,64.1079,63.9922,75.2303,1.1050199317308382,False,False,1.08315667803812,False,False,935012
64,29,random,8192,independent,19.9248,19.8765,21.1716,18.4479,18.0054,20.6877,21.1264,20.106,22.2645,1.0800578927682827,False,False,0.9431232959709179,False,False,936392
64,29,shared,1,dependent,37.302,34.6864,38.5354,37.8132,37.5792,39.039,37.5284,34.2731,38.0847,0.9864809114277553,False,False,0.9939672354803296,False,False,817040
64,29,shared,1,independent,11.1828,10.9736,11.3157,12.0869,11.6405,12.6413,11.5954,10.9793,11.9737,0.925200009928104,False,True,0.9644169239526019,False,False,810320
64,29,shared,8192,dependent,63.9229,62.7702,66.2321,65.2758,61.8668,66.6364,65.7737,63.2299,68.4783,0.9792740954534451,False,False,0.9718610934157572,False,False,927927
64,29,shared,8192,independent,20.6623,20.2185,20.6909,18.2686,18.0111,18.4021,20.6807,19.7964,21.5562,1.131028102865025,True,False,0.9991102815668713,False,False,937624
64,30,random,1,dependent,35.9491,34.2751,36.8182,36.5639,36.3471,38.662,36.8239,34.6839,37.9995,0.9831856010983512,False,False,0.9762436895603127,False,False,972528
64,30,random,1,independent,11.1237,10.8935,11.7556,11.3195,11.1961,11.5356,11.1974,11.1662,11.4307,0.9827024161844604,False,False,0.9934181149195348,False,False,971368
64,30,random,8192,dependent,64.937,62.2991,68.4732,61.7065,61.0288,64.846,65.1379,62.1675,67.9811,1.0523526694918688,False,False,0.9969157740731586,False,False,973777
64,30,random,8192,independent,20.5396,19.9286,20.6604,17.388,16.9239,18.823,20.7958,19.8936,20.9974,1.1812514377731769,True,False,0.9876802046567096,False,False,968272
64,30,shared,1,dependent,34.8625,34.7506,35.4404,37.316,37.0134,38.36,34.2121,34.1187,36.2561,0.9342507235502197,False,True,1.019010817810073,False,False,1014508
64,30,shared,1,independent,11.2775,10.9851,11.3265,11.6069,11.5649,12.3412,11.3366,10.9806,11.3786,0.9716203292868897,False,True,0.9947867967468199,False,False,1007160
64,30,shared,8192,dependent,66.5162,65.0171,67.2747,63.1383,61.0046,64.3094,63.2324,62.4796,65.6624,1.0535000150463347,True,False,1.0519322372707662,False,False,967179
64,30,shared,8192,independent,20.1944,19.9458,20.7818,17.0886,16.9493,17.3893,20.4659,19.5904,21.8665,1.181746895591213,True,False,0.986734030753595,False,False,963616
64,31,random,1,dependent,29.7445,28.7755,30.3828,36.7991,36.3363,43.4208,30.4801,28.8258,31.7612,0.8082942245870143,False,True,0.9758662209113487,False,False,997333
64,31,random,1,independent,6.86073,6.8531,6.90269,10.2704,10.2526,10.3512,6.97136,6.96628,7.10106,0.6680100093472503,False,True,0.9841307865323267,False,True,997240
64,31,random,8192,dependent,61.1057,60.5939,62.362,59.9899,59.667,64.1003,60.6435,60.0821,63.2769,1.0185997976326016,False,False,1.007621591761689,False,False,990177
64,31,random,8192,independent,13.7742,13.0742,13.9262,16.0968,15.824,16.7999,12.7373,12.6979,13.6579,0.8557104517668107,False,True,1.0814065775321302,False,False,997880
64,31,shared,1,dependent,31.0961,29.0228,31.2894,37.0884,36.4558,38.0268,29.8615,29.403,30.9366,0.8384319625543296,False,True,1.0413442057498785,False,False,976865
64,31,shared,1,independent,7.13985,6.93321,8.17934,10.575,10.2901,10.6417,7.11188,6.99806,7.3649,0.6751631205673759,False,True,1.0039328560099439,False,False,972024
64,31,shared,8192,dependent,62.329,59.206,64.3927,59.7318,58.96,61.4719,67.105,60.2029,71.6966,1.0434810268567163,False,False,0.9288279561880635,False,False,1003136
64,31,shared,8192,independent,12.6622,12.5313,12.8422,15.7445,15.6708,19.5198,13.0571,12.6273,16.9004,0.804230048588396,False,True,0.9697559182360554,False,False,993896
64,32,random,1,dependent,43.4513,41.2642,43.8385,38.6995,38.3078,39.5851,43.9122,42.3832,46.1439,1.1227871161126113,True,False,0.9895040558204783,False,False,1034317
64,32,random,1,independent,15.1469,15.11,15.1997,13.1518,12.5802,13.8753,15.0191,14.4049,15.597,1.1516978664517405,True,False,1.0085091649965712,False,False,1037872
64,32,random,8192,dependent,79.3317,76.6163,83.1032,63.3151,62.6329,64.8689,77.3989,76.5464,88.0248,1.2529665119379105,True,False,1.0249719311256362,False,False,1039888
64,32,random,8192,independent,26.694,26.2012,31.3663,19.6584,18.6227,19.8987,28.2256,27.0952,28.4157,1.3578928091808082,True,False,0.9457372031063999,False,False,1029888
64,32,shared,1,dependent,43.4062,42.2961,43.5587,38.7077,37.7661,39.0205,42.6909,42.422,42.9624,1.1213841173719956,True,False,1.0167553272477272,False,False,988739
64,32,shared,1,independent,15.522,14.6058,15.9308,12.4651,12.3768,12.7652,15.3402,15.0852,15.4489,1.2452367008688259,True,False,1.011851214456135,False,False,992000
64,32,shared,8192,dependent,83.484,80.8099,83.8445,63.8421,61.9933,74.8596,80.0317,77.3449,93.4442,1.3076637516623042,True,False,1.043136657099624,False,False,1025859
64,32,shared,8192,independent,27.2617,27.209,31.4503,19.3589,19.1784,20.9255,30.9493,28.6242,34.2407,1.4082256739794101,True,False,0.8808502938677127,False,False,1030072
64,63,random,1,dependent,36.2294,35.2294,40.4339,34.6451,34.5548,37.3885,37.6517,36.4183,38.0599,1.0457294105082682,False,False,0.962224813222245,False,False,2048376
64,63,random,1,independent,8.89397,8.72485,10.2488,9.18515,9.12285,9.19533,8.99506,8.82912,9.15399,0.9682988301769704,False,False,0.9887616091499111,False,False,2049496
64,63,random,8192,dependent,74.4629,72.7132,77.4981,74.7948,71.9166,75.1604,74.9264,74.5691,78.5325,0.9955625257370835,False,False,0.9938139294027206,False,False,2069517
64,63,random,8192,independent,17.7097,16.9621,19.2941,20.6026,18.0155,22.7286,17.7638,17.1013,18.1026,0.8595856833603527,False,False,0.996954480460262,False,False,2071696
64,63,shared,1,dependent,35.1861,34.6705,36.5149,35.8766,35.4939,37.1564,35.6178,34.6502,36.8824,0.9807534716221715,False,False,0.9878796556777791,False,False,1986700
64,63,shared,1,independent,8.68034,8.67462,9.88388,9.10506,9.06055,9.13556,8.95181,8.68607,9.67343,0.9533534100818665,False,False,0.9696742893336654,False,False,1986464
64,63,shared,8192,dependent,75.8127,73.3693,83.3314,72.2243,71.0901,77.9476,78.2979,72.5206,78.4289,1.0496841090879387,False,False,0.9682596851256549,False,False,2033355
64,63,shared,8192,independent,17.1922,16.6092,18.3887,18.8039,17.4141,19.5605,17.0371,16.7624,19.399,0.9142890570573127,False,False,1.0091036620082057,False,False,2048176
128,1,random,1,dependent,9.21822,8.71405,9.29704,12.3189,11.9152,12.3513,8.94482,8.86981,10.8566,0.7482989552638629,False,True,1.0305651762696175,False,False,25808
128,1,random,1,independent,2.51324,2.50943,2.59781,2.08981,2.08728,2.2316,3.34232,3.33722,3.53813,1.2026165058067482,True,False,0.7519447569353025,False,True,22664
128,1,random,8192,dependent,24.819,24.7669,27.8746,27.5116,26.2794,28.279,25.8192,24.8585,28.9955,0.9021285566815451,False,False,0.9612613868748838,False,False,19304
128,1,random,8192,independent,4.12115,4.02069,4.36528,3.02379,3.01488,3.05176,4.3017,4.12178,5.2859,1.3629087998835898,True,False,0.9580282214008414,False,False,16216
128,1,shared,1,dependent,8.91812,8.69051,9.30023,11.9483,11.8567,12.8072,8.78017,8.76872,9.73511,0.7463923738105003,False,True,1.0157115408927162,False,False,25808
128,1,shared,1,independent,2.54567,2.51961,2.56348,2.11589,2.086,2.16103,3.48027,3.33595,3.53368,1.2031202000103975,True,False,0.7314576167940993,False,True,22664
128,1,shared,8192,dependent,25.6316,24.3988,26.4492,28.6191,26.2439,29.1786,25.9031,24.6022,26.9388,0.8956116719253925,False,False,0.9895186290444001,False,False,19304
128,1,shared,8192,independent,3.96729,3.92151,4.97374,2.9901,2.95575,3.00153,4.19173,4.13831,4.77155,1.326808467944216,True,False,0.9464564750115109,False,False,16216
128,2,random,1,dependent,17.9393,17.8006,18.6176,13.4443,12.8009,13.4977,13.2847,13.2662,14.9714,1.3343424350840132,True,False,1.3503729854644815,True,False,54302
128,2,random,1,independent,5.50716,5.4296,5.75574,2.5069,2.50182,2.66776,2.71671,2.71225,2.74913,2.1968008297100003,True,False,2.0271431253243812,True,False,55704
128,2,random,8192,dependent,38.2423,34.6877,40.0645,27.9573,27.1835,31.0739,28.8251,28.41,30.866,1.3678824493066213,True,False,1.3267013817818498,True,False,50200
128,2,random,8192,independent,9.76308,9.74593,9.81776,3.50189,3.4682,3.50699,3.81279,3.72951,3.92024,2.7879459377650355,True,False,2.5606130943482333,True,False,50216
128,2,shared,1,dependent,17.5616,17.189,18.9699,12.5135,12.4906,12.5472,12.8683,12.7354,15.0331,1.4034123147001236,True,False,1.364717950312007,True,False,62904
128,2,shared,1,independent,5.43277,5.42323,5.91278,2.50499,2.50435,2.53615,2.7148,2.71416,2.71797,2.168779116882702,True,False,2.0011676734934434,True,False,62816
128,2,shared,8192,dependent,36.2402,34.3526,39.4421,29.0813,27.4283,29.2289,28.8302,27.4111,29.8602,1.2461685000326672,True,False,1.2570221503839722,True,False,49816
128,2,shared,8192,independent,9.80568,9.71794,10.4542,3.5038,3.48027,3.59218,3.91832,3.69772,4.81924,2.798584394086421,True,False,2.502521488801323,True,False,49880
128,3,random,1,dependent,16.0891,15.8602,17.5813,13.6293,13.5269,14.3166,14.0305,13.8448,14.3439,1.180478821362799,True,False,1.1467232101493174,True,False,83896
128,3,random,1,independent,4.09508,4.08681,4.14148,2.99899,2.99199,3.02187,3.33786,3.33658,3.33786,1.3654863804147397,True,False,1.226857926935222,True,False,83768
128,3,random,8192,dependent,32.7721,32.1439,34.4156,28.621,28.4335,29.7953,29.3738,28.7469,30.7579,1.1450368610460853,True,False,1.1156915346329042,True,False,81400
128,3,random,8192,independent,8.36053,7.84557,8.70705,4.35829,4.34558,4.4276,4.47337,4.45175,4.99026,1.918305115079538,True,False,1.8689556195888113,True,False,80640
128,3,shared,1,dependent,15.9645,15.5481,16.4223,13.5002,13.2103,13.7297,13.4608,13.4156,13.9605,1.1825380364735336,True,False,1.1859993462498513,True,False,84128
128,3,shared,1,independent,4.11606,4.076,4.76646,2.99263,2.98946,3.11597,3.34294,3.3385,3.3849,1.375398896622703,True,False,1.2312694813547356,True,False,88824
128,3,shared,8192,dependent,33.3735,33.0276,34.5154,28.5301,28.3388,29.7635,30.9957,28.7304,33.1345,1.169764564442466,True,False,1.0767138667621639,False,False,81800
128,3,shared,8192,independent,8.33702,7.84492,10.0733,4.57635,4.35066,4.95276,4.50644,4.481,4.64058,1.8217618844712493,True,False,1.8500235218931134,True,False,81048
128,4,random,1,dependent,26.3068,25.7009,28.6147,14.3706,14.2581,15.3688,14.7317,14.4615,15.2162,1.8305985832185157,True,False,1.785727377016909,True,False,120342
128,4,random,1,independent,9.29578,9.0472,9.78596,3.52414,3.44594,3.56293,3.7543,3.75175,4.00034,2.637744243985767,True,False,2.47603547931705,True,False,118968
128,4,random,8192,dependent,47.1446,44.6237,49.9611,30.5169,29.7743,32.6722,32.0975,30.2353,32.2024,1.544868581015765,True,False,1.4687935197445285,True,False,111930
128,4,random,8192,independent,16.1654,16.1082,16.2468,5.12631,5.08499,5.53004,5.4156,5.30434,5.91914,3.153418345749672,True,False,2.9849693478100305,True,False,113536
128,4,shared,1,dependent,26.7016,25.3321,27.3666,14.5035,14.4768,14.7095,15.0534,14.5423,15.1253,1.8410452649360498,True,False,1.7737919672632096,True,False,131314
128,4,shared,1,independent,9.14955,9.06563,9.1788,3.46756,3.45168,3.52795,3.78418,3.76956,3.79118,2.63861331887552,True,False,2.4178421745265815,True,False,133544
128,4,shared,8192,dependent,45.3599,43.8569,47.0384,30.2226,29.9517,30.4146,30.3523,29.3751,31.6671,1.5008602833641052,True,False,1.4944468788197272,True,False,114065
128,4,shared,8192,independent,16.1292,16.0656,17.1337,4.97182,4.96864,5.40034,5.18227,5.17781,5.26047,3.2441238822000797,True,False,3.1123812537748905,True,False,113296
128,5,random,1,dependent,25.8891,25.2514,26.9121,26.3767,26.2591,26.5993,26.3309,25.5515,27.8842,0.981513987724014,False,False,0.9832212343672263,False,False,145697
128,5,random,1,independent,9.39624,9.22203,9.58316,13.7386,13.6909,13.8798,9.42485,9.39243,9.76181,0.6839299491942411,False,True,0.9969644079216117,False,False,146520
128,5,random,8192,dependent,46.2894,43.8697,48.1739,44.5073,42.8397,47.6157,46.3963,45.3161,47.1249,1.0400406225495593,False,False,0.9976959369604904,False,False,147670
128,5,random,8192,independent,16.8266,15.5264,17.5743,18.5598,18.3754,19.4429,16.9881,16.229,17.0918,0.906615373010485,False,True,0.9904933453417392,False,False,147368
128,5,shared,1,dependent,26.9438,26.1968,27.2013,25.1369,24.2418,25.8859,27.3101,26.0137,27.3418,1.0718823721302149,True,False,0.9865873797606014,False,False,147513
128,5,shared,1,independent,9.12921,9.11331,11.2343,12.6972,11.3939,13.1563,10.2679,9.64737,10.3092,0.7189939514223609,False,True,0.8891019585309559,False,False,146968
128,5,shared,8192,dependent,46.1718,45.0478,46.819,47.6195,42.7532,51.3115,47.629,44.5601,48.1358,0.9695985888134062,False,False,0.9694051943143883,False,False,144776
128,5,shared,8192,independent,16.1622,15.6994,17.36,17.4427,17.266,17.9335,16.4738,16.2856,18.3017,0.9265882002212961,False,False,0.9810851169736186,False,False,146096
128,6,random,1,dependent,26.3004,25.5572,26.8307,27.0932,25.4796,27.284,26.7105,25.6532,28.0374,0.9707380449706937,False,False,0.9846464873364408,False,False,180528
128,6,random,1,independent,9.08408,9.04846,9.39496,9.42039,9.01349,9.52339,9.6143,9.38162,9.91249,0.9642997795208055,False,False,0.9448508991814277,False,False,180992
128,6,random,8192,dependent,48.1415,46.7256,49.7456,42.2465,41.6667,46.1222,45.2436,44.747,48.996,1.1395381865953393,True,False,1.0640510481040413,False,False,180010
128,6,random,8192,independent,16.0643,15.9473,16.7764,13.3184,12.1295,13.7285,16.7853,16.641,18.0683,1.2061734142239307,True,False,0.957045748363151,False,False,178536
128,6,shared,1,dependent,25.5311,25.4898,27.5046,25.7734,25.7149,25.9711,25.933,25.6157,26.7404,0.9905988344572311,False,False,0.9845023714957776,False,False,181720
128,6,shared,1,independent,9.40196,9.12476,10.1401,7.25999,7.1799,7.4838,9.57617,9.40132,9.87561,1.2950375964705185,True,False,0.9818079670682539,False,False,184096
128,6,shared,8192,dependent,47.9654,44.7057,49.0335,46.8369,43.986,47.6793,46.3765,44.9689,49.0303,1.0240942504734516,False,False,1.0342608864403309,False,False,179740
128,6,shared,8192,independent,16.0631,16.0446,18.2101,11.816,11.5725,12.8403,17.3257,16.3034,17.9583,1.359436357481381,True,False,0.9271255995428754,False,False,179432
128,7,random,1,dependent,25.0168,23.5125,25.1586,27.9052,25.9062,28.0749,24.7955,23.3803,25.3645,0.896492410016771,False,True,1.0089250065536084,False,False,206760
128,7,random,1,independent,6.6185,6.60007,6.67953,4.61642,4.59924,4.62978,7.22757,7.20277,7.38525,1.4336867096148098,True,False,0.9157296297372423,False,True,207432
128,7,random,8192,dependent,42.7602,42.6076,45.7357,46.1687,42.5835,46.6226,43.9275,41.4441,44.2581,0.9261729266797635,False,False,0.9734266689431449,False,False,215412
128,7,random,8192,independent,12.2147,12.1009,12.3666,8.11641,7.92947,8.54874,13.1353,13.0622,14.6497,1.5049387598704353,True,False,0.9299140484039192,False,True,213896
128,7,shared,1,dependent,24.1756,23.2677,24.5323,26.3494,25.8617,28.2497,24.9271,23.6263,25.212,0.9175009677639718,False,True,0.9698520886906219,False,False,179376
128,7,shared,1,independent,6.58925,6.58354,6.96626,4.65076,4.61452,4.79572,7.31532,7.19643,7.51814,1.4168114458712124,True,False,0.900746652231208,False,True,181176
128,7,shared,8192,dependent,44.3865,44.3102,49.6159,45.2474,44.7063,45.6053,43.4672,41.9585,44.988,0.9809734923995632,False,False,1.021149280376928,False,False,211362
128,7,shared,8192,independent,12.5332,12.4073,12.9509,8.60596,8.08334,8.87299,13.4443,13.408,13.6642,1.4563395600258426,True,False,0.932231503313672,False,True,211800
128,8,random,1,dependent,34.3672,33.891,36.176,28.7107,28.319,32.4326,35.181,34.5936,38.2798,1.1970171399513072,True,False,0.9768681959011967,False,False,246067
128,8,random,1,independent,13.1753,13.1747,13.4093,10.4554,10.1891,10.6443,13.7393,13.4138,15.5589,1.260143083956616,True,False,0.9589498737199129,False,True,247352
128,8,random,8192,dependent,58.4838,58.0654,59.2556,47.8522,46.3276,47.9393,58.4628,58.0336,67.3339,1.2221757829316102,True,False,1.000359202775098,False,False,243998
128,8,random,8192,independent,23.5348,23.0726,25.0142,17.0937,16.5253,17.8452,24.7046,24.2233,25.0664,1.3768113398503543,True,False,0.9526484946123395,False,False,243568
128,8,shared,1,dependent,34.8237,33.8338,34.886,29.8888,28.8652,29.9803,35.4932,33.6844,38.7618,1.165108669468162,True,False,0.9811372319204805,False,False,243008
128,8,shared,1,independent,14.0317,13.3038,14.4113,13.4843,11.9915,13.5555,14.1455,13.8562,15.0496,1.0405953590471884,False,False,0.9919550387048885,False,False,246336
128,8,shared,8192,dependent,60.4935,58.3064,61.9323,46.7841,46.0116,48.3557,60.4833,58.6154,74.9512,1.2930354543530813,True,False,1.0001686415919766,False,False,243147
128,8,shared,8192,independent,26.0487,23.4413,26.3138,17.2564,16.1813,17.8159,23.1279,23.0166,24.6379,1.5095095153102618,True,False,1.1262890275381683,False,False,243632
128,9,random,1,dependent,33.954,33.9006,36.7616,28.2313,28.2122,29.1805,34.9433,33.8414,35.2936,1.202707633017254,True,False,0.9716884209562349,False,False,275322
128,9,random,1,independent,13.5225,13.2383,15.0261,14.7375,14.4081,17.4681,14.0101,13.7094,14.082,0.917557251908397,False,False,0.9651965367841773,False,False,273872
128,9,random,8192,dependent,57.6547,57.1747,65.2192,48.2216,46.7676,51.2002,60.4846,58.7311,61.0097,1.1956198052325098,True,False,0.9532128839407056,False,False,278889
128,9,random,8192,independent,22.9657,22.651,23.1908,19.8949,19.1956,24.0211,25.2596,23.9824,25.6424,1.1543511151099024,False,False,0.9091870021694721,False,True,278008
128,9,shared,1,dependent,33.9781,33.7512,36.4755,28.0972,28.0488,28.7857,34.1905,33.8097,36.4246,1.2093055535782924,True,False,0.9937877480586712,False,False,253731
128,9,shared,1,independent,13.4742,13.1454,15.1355,14.5226,14.0508,14.6993,13.4767,13.4468,14.5086,0.9278090700012394,False,False,0.9998144946463156,False,False,253600
128,9,shared,8192,dependent,59.6066,57.6477,60.8368,49.806,47.4103,53.7618,59.0903,57.916,61.8172,1.1967754888969202,True,False,1.008737474678585,False,False,281003
128,9,shared,8192,independent,22.9365,22.8736,24.4122,19.5739,19.3074,20.8562,23.5952,23.5303,24.9627,1.1717899856441487,True,False,0.9720833050789991,False,False,278184
128,10,random,1,dependent,36.8163,33.879,37.7852,27.5338,26.5032,29.0375,34.4594,34.0532,35.9211,1.3371310897878244,True,False,1.0683964317428625,False,False,312636
128,10,random,1,independent,13.4042,13.2408,13.6382,9.90613,9.82094,10.6716,13.5803,13.5263,13.8715,1.353121753903896,True,False,0.9870326870540416,False,False,311896
128,10,random,8192,dependent,59.4966,58.8404,61.1146,50.8143,50.6083,50.9695,63.048,61.7097,64.537,1.170863319970953,True,False,0.9436714883897982,False,True,313402
128,10,random,8192,independent,23.6003,23.3485,27.4957,15.6466,15.4031,15.9429,25.4701,24.8756,26.4053,1.508334078969233,True,False,0.926588431140828,False,False,313656
128,10,shared,1,dependent,35.8264,35.0946,35.8683,28.4163,28.0787,29.0362,37.4762,36.8684,37.7293,1.260769347170462,True,False,0.9559773936525048,False,True,290904
128,10,shared,1,independent,13.4468,13.4379,13.4913,9.69124,9.08534,10.1204,14.15,13.6299,14.6535,1.3875211015308668,True,False,0.950303886925795,False,True,293328
128,10,shared,8192,dependent,61.7955,60.8177,70.0226,47.5521,47.4612,52.9804,65.7234,65.0368,66.3458,1.2995325127596886,True,False,0.9402358977167949,False,False,310579
128,10,shared,8192,independent,24.9812,23.7656,30.6454,14.9097,14.2428,16.3625,24.6684,24.1197,26.0131,1.675499842384488,True,False,1.0126801900406999,False,False,310808
128,11,random,1,dependent,36.0934,35.8327,37.7801,28.6058,27.5281,30.7121,38.1266,35.0717,40.8573,1.2617511134105672,True,False,0.9466724019450987,False,False,339827
128,11,random,1,independent,15.2861,13.5962,15.405,5.44801,5.31706,5.53513,13.6903,13.5981,13.8003,2.8058134988739005,True,False,1.1165642827403344,False,False,342144
128,11,random,8192,dependent,62.6812,61.3956,63.3094,48.4848,47.2965,51.3325,61.554,60.3377,65.5626,1.2928010428010428,True,False,1.0183123761250283,False,False,343484
128,11,random,8192,independent,24.2945,23.447,25.7536,10.4669,9.9144,11.2635,24.1585,23.8298,24.9742,2.3210788294528464,True,False,1.005629488585798,False,False,343128
128,11,shared,1,dependent,34.8104,34.7888,36.0228,27.2694,26.6641,28.8645,35.972,35.4373,37.3433,1.2765370708559778,True,False,0.9677082175025019,False,False,361509
128,11,shared,1,independent,13.9834,13.2783,14.2015,5.71759,5.3196,5.79198,14.4037,14.3706,14.7126,2.4456807850860236,True,False,0.9708199976394953,False,True,367088
128,11,shared,8192,dependent,59.2359,59.1526,62.8522,47.6538,47.1471,52.5519,61.9875,58.9841,63.5325,1.2430467245004597,True,False,0.955610405323654,False,False,344264
128,11,shared,8192,independent,23.9716,23.0598,24.8763,11.0779,9.86862,11.802,23.4597,23.0516,24.6417,2.1639119327670406,True,False,1.021820398385316,False,False,343944
128,12,random,1,dependent,35.2497,34.5097,36.3019,30.9448,29.7216,33.6494,35.3406,34.5669,36.1741,1.1391154572012099,True,False,0.997427887472199,False,False,385108
128,12,random,1,independent,13.5186,13.1912,13.656,12.0691,11.9985,12.5262,13.4926,13.3381,14.4323,1.1201000903132792,True,False,1.001926982197649,False,False,377000
128,12,random,8192,dependent,65.7749,63.9483,66.2479,54.4643,51.6421,55.3322,61.9621,61.1203,64.3927,1.2076699783160714,True,False,1.0615343895703988,False,False,377381
128,12,random,8192,independent,23.592,23.578,26.4664,19.2191,17.4007,19.3151,23.9557,23.5659,24.8756,1.2275288645149875,True,False,0.9848178095401094,False,False,377112
128,12,shared,1,dependent,36.9034,35.7571,37.9734,31.6283,31.1648,32.3334,35.0558,34.2941,35.2618,1.1667841774613241,True,False,1.052704545324882,True,False,403969
128,12,shared,1,independent,13.2046,13.1912,14.0311,11.9406,11.7372,12.2903,13.6738,13.3699,13.7997,1.1058573271024905,True,False,0.9656862028112155,False,False,403648
128,12,shared,8192,dependent,63.7792,61.025,64.7214,53.6378,49.6318,56.4938,68.1184,64.8734,68.7872,1.189071885871531,True,False,0.9362991497157891,False,True,378177
128,12,shared,8192,independent,24.5781,24.4757,24.8534,18.856,17.2094,19.3837,25.4962,24.9507,25.6678,1.3034630886720406,True,False,0.9639907123414468,False,True,378528
128,13,random,1,dependent,36.3763,34.7462,37.0579,29.2778,29.178,30.4864,35.8613,35.1257,42.0278,1.2424533264111375,True,False,1.0143608848535888,False,False,405272
128,13,random,1,independent,13.3362,13.2694,15.5468,14.466,13.9179,15.6161,13.9395,13.7215,14.0114,0.9218996267109084,False,False,0.9567201119121919,False,False,410288
128,13,random,8192,dependent,63.4206,61.6601,64.8467,54.5839,52.6225,55.0327,61.0046,60.7993,63.5325,1.1618920597465554,True,False,1.0396035708782616,False,False,405894
128,13,random,8192,independent,23.6899,23.2118,25.1134,20.4608,19.7182,20.8066,23.4547,23.3402,25.3423,1.157818853612762,True,False,1.0100278409018235,False,False,406280
128,13,shared,1,dependent,36.6071,34.3717,39.0491,28.0806,28.0539,28.1824,34.3069,34.1892,35.3432,1.303643796784969,True,False,1.067047736752665,False,False,450803
128,13,shared,1,independent,13.2948,13.1874,13.4258,13.3883,12.6152,13.525,13.5435,13.5415,13.8728,0.9930162903430608,False,False,0.9816369476132463,False,True,449176
128,13,shared,8192,dependent,64.3985,62.5057,67.8762,56.6457,54.9227,56.6775,60.7764,60.3116,68.6963,1.1368647576073736,True,False,1.0595971462607197,False,False,409955
128,13,shared,8192,independent,26.4575,24.0962,26.5789,20.3622,20.2847,20.7787,23.8749,23.8584,25.3385,1.2993438822916972,True,False,1.1081721808258882,False,False,409144
128,14,random,1,dependent,36.5842,35.8346,37.5767,27.8193,27.6731,29.1793,36.8582,36.2606,38.8635,1.315065440180019,True,False,0.9925661046931213,False,False,437602
128,14,random,1,independent,13.464,13.3705,14.1036,11.301,10.8751,11.6628,13.6458,13.396,15.4934,1.1913989912397134,True,False,0.9866772193642,False,False,439944
128,14,random,8192,dependent,62.4797,61.2818,65.4666,52.8158,51.3446,54.3575,66.6192,64.3743,67.6645,1.1829736556106316,True,False,0.9378632586401517,False,False,445663
128,14,random,8192,independent,24.3581,23.0579,25.8668,17.6195,17.4987,17.9558,24.5482,24.1788,25.3099,1.382451261386532,True,False,0.9922560513601811,False,False,444792
128,14,shared,1,dependent,35.2109,34.7118,35.3565,28.9885,27.8517,29.0165,35.1295,35.024,35.2109,1.2146506373216968,True,False,1.0023171408645157,False,False,489254
128,14,shared,1,independent,14.0355,13.3909,14.4653,10.6068,10.3009,10.9202,13.5892,13.3915,13.8728,1.3232548930874535,True,False,1.03284225708651,False,False,487216
128,14,shared,8192,dependent,64.5421,64.537,64.6585,57.8435,57.4792,61.861,61.9863,61.5724,65.0794,1.11580557884637,True,False,1.0412316915189326,False,False,445027
128,14,shared,8192,independent,24.2977,23.6568,25.9736,16.2951,15.8297,16.9792,24.0593,23.5825,24.7968,1.491104687912317,True,False,1.0099088502159248,False,False,446024
128,15,random,1,dependent,30.2664,30.1762,32.7435,28.3693,27.6343,30.92,27.413,27.4061,28.0603,1.0668715830140327,False,False,1.1040893006967498,True,False,479255
128,15,random,1,independent,9.33966,9.27925,9.95891,6.18872,6.14738,6.32794,6.25928,6.12959,6.82768,1.5091424397936892,True,False,1.4921300852494217,True,False,473904
128,15,random,8192,dependent,57.8709,55.3951,61.7987,53.6518,50.9186,55.5789,52.0541,51.2352,53.7523,1.0786385545312551,False,False,1.111745280390978,True,False,476483
128,15,random,8192,independent,19.2299,18.2756,19.8466,11.4899,11.4753,15.0038,10.9208,10.7759,11.3722,1.6736351056144962,True,False,1.7608508534173322,True,False,472704
128,15,shared,1,dependent,30.8647,30.014,31.9862,27.3539,26.5713,28.6102,27.935,27.7278,28.1881,1.1283473289000836,True,False,1.104875604080902,True,False,533459
128,15,shared,1,independent,9.49922,9.29196,9.59015,6.12576,6.09843,6.13339,6.1353,6.13213,6.66747,1.55070064775636,True,False,1.5482894072009519,True,False,540136
128,15,shared,8192,dependent,58.1455,56.7697,63.6285,53.3314,50.6426,53.6162,53.0758,51.9034,54.3747,1.090267647202211,True,False,1.0955181080643155,True,False,472666
128,15,shared,8192,independent,19.0843,18.9775,20.4252,12.0493,11.8484,12.4874,11.2082,11.0168,11.7734,1.5838513440614805,True,False,1.702708731107582,True,False,471792
128,16,random,1,dependent,43.6522,43.4176,44.7903,30.4063,30.3472,33.1669,30.7159,30.393,35.1207,1.4356301161272498,True,False,1.4211597250935184,True,False,510557
128,16,random,1,independent,18.7422,18.4402,19.4804,12.5141,12.4111,13.1117,12.1657,12.1517,12.1981,1.4976866095044792,True,False,1.540577196544383,True,False,509888
128,16,random,8192,dependent,76.2946,74.8666,78.186,54.4637,53.6925,55.6024,57.6725,53.5145,61.8019,1.4008339499519864,True,False,1.3228939269149076,True,False,511132
128,16,random,8192,independent,34.9096,32.87,35.937,18.7632,18.5496,18.9304,17.8738,17.3047,18.2711,1.860535516329837,True,False,1.953115733643657,True,False,512240
128,16,shared,1,dependent,43.5244,43.1073,43.6369,30.0516,29.8112,31.7173,30.0662,29.9307,30.6466,1.448322219116453,True,False,1.4476189209145154,True,False,494161
128,16,shared,1,independent,18.3245,18.2985,18.3799,11.3061,11.1796,11.8173,11.0009,10.9959,11.0652,1.6207622433907358,True,False,1.665727349580489,True,False,496832
128,16,shared,8192,dependent,76.7428,74.2474,80.0889,53.6525,53.3949,56.2719,53.4344,52.4349,54.6042,1.4303676436326358,True,False,1.4362058898387557,True,False,506543
128,16,shared,8192,independent,33.0124,32.4713,33.2743,17.8312,17.7428,18.9857,17.8623,17.7174,17.9933,1.8513840908071246,True,False,1.8481606512039321,True,False,506768
128,17,random,1,dependent,43.5092,42.7418,45.3885,36.3839,35.3972,36.7966,44.3274,43.239,45.428,1.195836620043481,True,False,0.981541890568813,False,False,544943
128,17,random,1,independent,18.5496,18.3506,18.6659,15.2785,15.1717,15.3357,18.4447,18.4059,19.2451,1.2140982426285305,True,False,1.005687270598058,False,False,545232
128,17,random,8192,dependent,78.7525,77.5369,79.7717,66.0496,61.271,77.5471,75.7777,74.4044,81.3548,1.1923236476829535,False,False,1.0392569317886398,False,False,545207
128,17,random,8192,independent,33.4377,32.053,34.7684,21.5225,21.0737,21.6757,32.9533,32.7721,33.247,1.5536159832733185,True,False,1.014699590025885,False,False,543440
128,17,shared,1,dependent,45.1018,42.9649,45.5437,38.5303,36.5365,38.8947,43.6834,42.9961,45.0974,1.1705540834096801,True,False,1.032470000045784,False,False,579606
128,17,shared,1,independent,19.7353,18.568,20.0424,17.3289,17.3124,17.746,18.6234,18.4854,19.9731,1.1388662869541633,True,False,1.0597044578326191,False,False,584584
128,17,shared,8192,dependent,84.2412,76.7244,94.9923,63.4136,63.0372,65.8429,79.9694,75.7631,86.703,1.328440586877263,True,False,1.0534179323591275,False,False,543619
128,17,shared,8192,independent,34.1829,32.6131,41.9172,23.5672,21.4189,25.2857,34.3246,32.3658,50.0234,1.4504438371974608,True,False,0.9958717654393642,False,False,542288
128,18,random,1,dependent,46.4465,43.2568,48.5853,42.2802,38.2036,44.2619,44.8291,43.1499,48.3341,1.0985402150415562,False,False,1.036079243170173,False,False,568444
128,18,random,1,independent,18.4758,18.2444,18.7499,21.5244,20.4957,22.6313,19.783,18.4701,20.2668,0.8583653899760272,False,True,0.9339230652580498,False,False,573008
128,18,random,8192,dependent,75.6187,75.3492,81.7515,71.6807,61.4529,71.9077,79.6827,77.479,81.3649,1.0549380795667453,True,False,0.9489977121759178,False,False,569710
128,18,random,8192,independent,32.1929,32.032,35.8143,26.3246,24.299,26.4581,34.5612,33.3443,34.6127,1.2229207661275006,True,False,0.9314751802599447,False,False,570176
128,18,shared,1,dependent,43.1894,42.628,46.6601,39.6271,37.5671,40.617,44.838,42.8155,45.798,1.0898955512767778,True,False,0.9632320799322003,False,False,607116
128,18,shared,1,independent,19.2636,18.2928,20.0679,20.2885,19.5166,21.2809,18.4975,18.4619,20.0965,0.9494836976612367,False,False,1.0414164076226518,False,False,608848
128,18,shared,8192,dependent,80.4323,78.0748,84.4619,68.3772,65.382,69.1083,81.6841,81.2887,83.0924,1.1763029196866792,True,False,0.9846751081299787,False,False,571656
128,18,shared,8192,independent,33.2724,31.8394,35.1753,26.2985,24.0688,26.8027,33.7963,32.0975,37.0235,1.2651824248531285,True,False,0.984498303068679,False,False,570896
128,19,random,1,dependent,44.6873,43.3152,45.2703,40.4663,40.4364,42.7361,43.8201,43.3591,46.5736,1.1043090176270132,True,False,1.0197900050433477,False,False,604792
128,19,random,1,independent,19.8536,18.5839,21.3509,24.882,24.3848,26.0983,19.1301,18.7085,19.3647,0.7979101358411703,False,True,1.037819980031469,False,False,602376
128,19,random,8192,dependent,79.7405,74.8704,82.1381,71.2611,70.6037,73.7171,82.8279,75.6651,83.2952,1.1189905853263562,True,False,0.9627251204002516,False,False,612547
128,19,random,8192,independent,35.6591,32.4154,35.8098,28.6681,28.403,28.7234,33.5744,33.3061,36.0635,1.2438599000282544,True,False,1.0620919510102937,False,False,608088
128,19,shared,1,dependent,44.8392,42.8403,46.4566,40.0308,38.5997,40.0957,44.351,44.0121,46.978,1.1201175095176714,True,False,1.0110076435706072,False,False,586821
128,19,shared,1,independent,19.9083,19.275,20.1855,22.7686,21.5556,23.4032,19.186,18.7454,20.0278,0.8743752360707291,False,True,1.0376472427811947,False,False,580336
128,19,shared,8192,dependent,78.132,78.0118,86.2846,70.2635,68.7402,71.6,76.7695,75.9138,78.6508,1.1119855970738721,True,False,1.0177479337497315,False,False,607176
128,19,shared,8192,independent,34.4938,32.5851,34.6851,29.5334,27.7322,29.7413,33.0442,32.3524,35.085,1.1679589888058943,True,False,1.0438685155034773,False,False,604040
128,20,random,1,dependent,43.3795,42.8149,43.8042,42.3508,41.4079,44.0203,44.8252,43.2161,46.3327,1.0242899779933319,False,False,0.9677480524347911,False,False,628787
128,20,random,1,independent,18.9323,18.2139,19.139,27.2694,25.6068,27.2713,18.8694,18.5769,19.8968,0.6942690341555003,False,True,1.0033334393250448,False,False,632176
128,20,random,8192,dependent,79.4163,77.0601,83.6061,69.6551,68.7014,70.0372,77.0397,76.6373,80.3413,1.1401361852900938,True,False,1.0308490297859416,False,False,629307
128,20,random,8192,independent,32.5139,31.7415,35.8658,31.2303,30.5545,31.6099,33.9355,33.8904,35.7761,1.0411011101398322,True,False,0.958108765157431,False,False,638568
128,20,shared,1,dependent,43.9873,42.5034,44.5271,41.6609,41.3233,42.7113,45.1997,42.4372,46.8019,1.055841328439856,False,False,0.973176813120441,False,False,578499
128,20,shared,1,independent,18.3233,18.2603,18.802,26.8873,25.2825,27.7106,19.8078,18.5591,19.8154,0.6814853109088678,False,True,0.9250547764012157,False,False,581000
128,20,shared,8192,dependent,78.1307,74.6892,85.4753,71.8892,70.3341,76.3601,78.3749,76.8458,85.268,1.0868211080384815,False,False,0.9968842065508219,False,False,641605
128,20,shared,8192,independent,32.6474,32.5425,33.6952,31.2621,30.6816,31.6099,34.4175,32.7085,36.506,1.0443124422223715,True,False,0.9485697682864822,False,False,639240
128,21,random,1,dependent,43.8913,43.6802,44.1755,42.9255,42.3234,45.3472,43.6033,43.2326,45.503,1.0224994467158217,False,False,1.006605004667078,False,False,675957
128,21,random,1,independent,18.5184,18.3519,19.6851,26.1326,25.6087,26.3437,19.0188,18.4663,20.3368,0.7086321299832393,False,True,0.9736891917471134,False,False,675056
128,21,random,8192,dependent,79.0278,74.9207,88.6739,77.2552,69.767,82.3498,79.9262,76.1808,82.4356,1.0229447338172706,False,False,0.9887596307593756,False,False,674090
128,21,random,8192,independent,33.0779,32.0396,34.7945,32.7123,32.3563,38.2977,33.0658,32.6074,33.2457,1.0111762242336981,False,False,1.0003659370104456,False,False,678144
128,21,shared,1,dependent,44.178,43.4081,44.6173,42.0901,42.0589,48.4079,43.6745,42.8734,46.538,1.0496054891767896,False,False,1.0115284662675015,False,False,726299
128,21,shared,1,independent,18.6977,18.3309,21.1697,26.2553,24.6067,27.7666,18.8796,18.3881,19.1574,0.7121495469486162,False,True,0.9903652619758894,False,False,722008
128,21,shared,8192,dependent,80.1964,76.3906,82.3256,69.2527,68.9837,70.1981,78.6959,78.1384,82.8425,1.1580256076658382,True,False,1.0190670670263635,False,False,684835
128,21,shared,8192,independent,32.4777,32.1375,34.5872,30.6536,30.4438,32.6608,35.0405,33.2387,35.9771,1.0595068768431766,False,False,0.9268617742326736,False,False,676792
128,22,random,1,dependent,43.2644,43.2612,43.6471,43.1868,43.0056,44.1119,44.1996,43.6637,46.6385,1.0017968453323702,False,False,0.9788414374790724,False,True,696504
128,22,random,1,independent,18.2648,18.2476,18.4332,21.9288,21.6471,24.2952,18.4638,18.4174,20.4818,0.8329137937324432,False,True,0.989222153619515,False,False,699848
128,22,random,8192,dependent,77.081,75.6143,77.4212,75.4522,72.347,76.821,77.6482,76.9488,82.5348,1.02158717704719,False,False,0.9926952588727105,False,False,711117
128,22,random,8192,independent,32.9482,32.9005,38.6963,30.4381,29.3891,33.4581,33.2718,32.5565,35.3413,1.0824657255216326,False,False,0.9902740458887106,False,False,707784
128,22,shared,1,dependent,42.738,42.5905,43.2847,41.4149,41.2515,41.7118,43.4672,42.7977,45.255,1.0319474392066623,True,False,0.9832241322192367,False,False,672298
128,22,shared,1,independent,18.7893,18.2724,20.0621,24.7332,24.4211,27.1079,19.1409,18.549,19.2725,0.75967929746252,False,True,0.9816309577919535,False,False,678560
128,22,shared,8192,dependent,79.9122,75.8228,80.876,70.8351,70.2521,74.337,80.2568,79.3724,81.5983,1.128144098053084,True,False,0.9957062828321089,False,False,707735
128,22,shared,8192,independent,33.4479,32.2895,33.886,29.5982,29.4965,29.796,33.7995,32.4936,34.7513,1.1300653418113262,True,False,0.9895974792526515,False,False,705952
128,23,random,1,dependent,45.3027,43.3623,47.397,42.6223,42.4468,48.3646,43.8519,43.5479,45.194,1.062887267932514,False,False,1.0330840852961902,False,False,721613
128,23,random,1,independent,18.4689,18.3353,18.9126,22.5118,22.1564,22.5894,18.6157,18.4517,19.2719,0.8204097406693379,False,True,0.9921141831894584,False,False,721920
128,23,random,8192,dependent,79.2777,79.2567,81.2251,71.2115,70.865,81.9537,80.3604,76.395,81.3878,1.1132710306621822,False,False,0.9865269461077844,False,False,741208
128,23,random,8192,independent,33.0257,32.5286,33.5172,27.455,27.3329,27.8969,34.1943,34.1937,36.2644,1.2029029320706612,True,False,0.9658247134756378,False,True,736168
128,23,shared,1,dependent,45.6435,43.7438,51.8475,43.3775,41.8638,44.5627,44.0108,43.3674,46.1935,1.0522390640308916,False,False,1.0370977123796885,False,False,605047
128,23,shared,1,independent,18.8338,18.2203,18.8834,18.7651,18.4161,18.9985,18.5903,18.4549,19.7627,1.0036610516330848,False,False,1.0130982286461219,False,False,608752
128,23,shared,8192,dependent,78.4817,76.1178,86.3762,74.7687,74.1482,79.1982,80.8423,78.6406,86.3527,1.0496598175439724,False,False,0.9707999401303526,False,False,743646
128,23,shared,8192,independent,32.6926,32.5247,32.9641,27.537,26.9617,27.8797,35.4754,32.7129,35.6642,1.1872244616334386,True,False,0.9215569098586626,False,False,741104
128,24,random,1,dependent,44.0254,42.9999,44.5347,44.2136,43.3401,46.6067,44.7655,43.993,47.7346,0.9957433911737564,False,False,0.9834671789659446,False,False,758473
128,24,random,1,independent,18.5871,18.2648,18.98,19.1498,18.8242,19.7639,19.0016,18.7906,19.153,0.9706158811058079,False,False,0.9781860474907376,False,False,765864
128,24,random,8192,dependent,79.9459,79.4506,99.8834,75.5901,71.05,80.8627,83.3168,80.9218,89.1113,1.0576239481096068,False,False,0.9595411729687169,False,False,768548
128,24,random,8192,independent,38.3492,32.2984,40.4015,25.5852,25.2272,27.1041,34.8867,33.3996,37.6898,1.4988821662523648,True,False,1.0992498573955118,False,False,767616
128,24,shared,1,dependent,49.242,45.1717,54.4491,42.27,42.0519,43.9612,47.7479,44.7896,59.4686,1.1649396735273243,True,False,1.031291428523558,False,False,763820
128,24,shared,1,independent,18.3945,18.2349,18.8204,19.9153,19.6362,23.2493,19.2394,18.4402,19.8701,0.9236366010052574,False,True,0.9560849090927992,False,False,760128
128,24,shared,8192,dependent,83.0421,77.268,83.6976,75.9544,74.5099,80.5728,89.2067,80.1957,89.6358,1.0933151996461035,False,False,0.9308953251269244,False,False,765101
128,24,shared,8192,independent,36.2555,32.6551,41.4232,30.1666,25.2596,35.3686,33.7976,32.1732,37.2245,1.201842435010906,False,False,1.072724098752574,False,False,766336
128,25,random,1,dependent,43.9618,43.1773,44.4698,43.5225,41.7194,45.4305,46.5622,46.4376,46.587,1.0100936297317478,False,False,0.9441521233962312,False,True,800594
128,25,random,1,independent,18.3322,18.3201,18.4294,16.8336,16.367,24.0599,19.2108,18.4021,20.4341,1.0890243322878053,False,False,0.9542653090969664,False,False,806768
128,25,random,8192,dependent,81.7884,80.0343,86.4658,83.2793,74.7579,84.9044,80.2085,78.4919,83.5311,0.9820975920787037,False,False,1.019697413615764,False,False,805024
128,25,random,8192,independent,32.7714,32.6487,35.5091,24.3982,24.1801,27.0093,34.7068,34.4976,38.1997,1.3431892516661066,True,False,0.9442357117337236,False,False,805736
128,25,shared,1,dependent,44.5614,42.867,44.9982,41.8148,41.8129,42.4468,44.0642,43.5015,49.9407,1.0656848771248457,True,False,1.0112835362947699,False,False,877856
128,25,shared,1,independent,18.713,18.3671,19.2528,15.3923,15.3675,16.4763,19.0144,18.3958,19.8256,1.2157377389993698,True,False,0.9841488556041739,False,False,877464
128,25,shared,8192,dependent,77.6532,77.5617,80.7991,74.4921,71.5052,75.4598,81.9353,81.089,84.9762,1.0424353723414967,True,False,0.9477380323255056,False,True,806265
128,25,shared,8192,independent,32.9711,32.5966,33.1631,24.0917,23.8787,24.5145,33.891,32.8147,34.7551,1.3685667678080002,True,False,0.972857100705202,False,False,801648
128,26,random,1,dependent,43.8716,43.403,44.1698,41.633,41.5166,41.8758,43.8805,43.3286,44.0343,1.0537698460355966,True,False,0.9997971764223289,False,False,835091
128,26,random,1,independent,18.3385,18.301,18.624,15.0318,14.6211,15.3548,18.5178,18.5045,18.8592,1.2199803084128313,True,False,0.9903174243160634,False,False,830536
128,26,random,8192,dependent,79.9115,78.7773,84.2431,75.8788,73.6465,83.1458,79.7329,78.3939,82.7745,1.0531465969414382,False,False,1.0022399787289815,False,False,830400
128,26,random,8192,independent,34.0436,33.2108,34.6076,24.5965,23.3542,24.7211,33.1866,32.8655,37.0515,1.3840831012542434,True,False,1.0258236758209638,False,False,828488
128,26,shared,1,dependent,45.4299,43.5543,45.5297,42.5034,42.3667,44.8926,44.9009,43.7546,46.9863,1.0688533152641908,False,False,1.0117815010389548,False,False,798164
128,26,shared,1,independent,18.6958,18.254,20.3228,14.4711,14.3108,14.644,18.8872,18.8522,19.1097,1.2919404882835444,True,False,0.9898661527383624,False,False,803920
128,26,shared,8192,dependent,86.628,80.0501,87.9606,84.273,79.9732,89.3695,84.0581,82.3561,86.9376,1.0279448933822222,False,False,1.0305729013622722,False,False,837496
128,26,shared,8192,independent,34.3081,32.9933,39.9653,24.0453,23.4826,24.2386,35.4068,35.2821,38.0376,1.4268110607894267,True,False,0.9689692375475899,False,False,833688
128,27,random,1,dependent,44.6879,43.8607,44.92,43.6541,42.6381,45.1336,45.6301,45.4623,48.6444,1.023681624406413,False,False,0.9793513492190462,False,True,852671
128,27,random,1,independent,19.7589,18.2724,20.6318,13.9287,13.7145,14.0775,19.8218,18.5668,20.9064,1.4185745977729438,True,False,0.9968267261298167,False,False,854208
128,27,random,8192,dependent,83.3486,79.3209,84.7562,78.6266,73.9244,80.0699,80.623,77.1287,98.7504,1.0600560115787787,False,False,1.0338067300894285,False,False,868123
128,27,random,8192,independent,33.2286,33.0467,35.141,23.4674,22.5684,24.4102,35.3387,33.4555,36.1983,1.4159472289218233,True,False,0.9402892579523298,False,False,867688
128,27,shared,1,dependent,43.9307,43.7361,44.8119,42.1645,41.3977,43.4361,44.7025,43.6465,46.8979,1.0418883183720904,True,False,0.9827347463788378,False,False,811472
128,27,shared,1,independent,19.0595,18.2826,20.0876,12.4124,12.3685,12.6502,18.5255,18.5159,18.98,1.535520930682221,True,False,1.0288251329248872,False,False,808960
128,27,shared,8192,dependent,82.1768,79.2974,90.7669,79.4614,76.7237,83.3321,84.5458,78.7474,87.148,1.0341725668060215,False,False,0.9719796843840853,False,False,860626
128,27,shared,8192,independent,33.4129,32.8471,33.8898,21.9142,21.6109,22.2333,33.3754,33.069,33.6723,1.5247145686358616,True,False,1.0011235820394662,False,False,868312
128,28,random,1,dependent,43.8696,43.7463,43.9275,42.6579,42.2007,43.0851,44.1469,43.4507,45.4496,1.0284050551011654,True,False,0.9937186982551436,False,False,906088
128,28,random,1,independent,18.472,18.2254,19.8574,12.2814,11.9743,12.6337,18.8878,18.4937,18.9985,1.5040630547006044,True,False,0.9779857897690574,False,False,902984
128,28,random,8192,dependent,80.3897,80.0076,81.1545,78.8104,76.053,78.8294,83.6131,79.8124,84.411,1.020039233400668,True,False,0.9614486246772336,False,False,906333
128,28,random,8192,independent,33.0296,32.4319,35.5212,21.2447,20.5377,22.2683,36.857,33.041,38.1654,1.5547218835756682,True,False,0.8961554114550833,False,False,904944
128,28,shared,1,dependent,44.7235,43.4354,46.9837,41.8625,41.2642,42.7977,44.6097,43.9949,44.8392,1.0683427888922068,True,False,1.0025510146896304,False,False,897554
128,28,shared,1,independent,19.2941,18.3754,19.5529,13.8238,13.7774,14.2962,19.6413,18.4161,19.8301,1.39571608385538,True,False,0.9823229623293773,False,False,897288
128,28,shared,8192,dependent,79.3908,79.0831,88.4755,75.7923,72.7323,84.4243,83.8223,81.4501,85.6584,1.0474784377832578,False,False,0.947132207061844,False,False,903025
128,28,shared,8192,independent,34.1771,32.2781,34.9604,20.7831,20.2522,22.2028,34.5821,32.5317,37.9435,1.6444659362655234,True,False,0.9882887389718961,False,False,908184
128,29,random,1,dependent,45.4419,43.2917,45.7064,42.1174,41.5363,45.7821,44.1259,43.4945,49.3488,1.0789341222392643,False,False,1.0298237543030282,False,False,915853
128,29,random,1,independent,19.1275,18.2228,19.4085,11.8752,10.9717,11.8961,18.6475,18.4021,18.8179,1.6107097143627056,True,False,1.0257407159136613,False,False,919752
128,29,random,8192,dependent,82.1228,79.1696,82.7077,81.2308,77.6227,81.7121,82.2671,77.3576,83.5381,1.0109810564465695,False,False,0.9982459573754271,False,False,941992
128,29,random,8192,independent,37.873,32.3601,40.9565,20.0729,19.0099,21.7609,33.9355,32.7021,36.7959,1.88677271345944,True,False,1.116028937248604,False,False,931504
128,29,shared,1,dependent,43.3655,43.2294,44.3948,43.4418,42.8804,43.6497,44.3579,43.9307,44.6898,0.9982436271056907,False,False,0.9776274350228482,False,False,862616
128,29,shared,1,independent,18.6869,18.2896,18.809,11.7207,11.6323,11.8275,18.5172,18.4542,19.1733,1.5943501667989113,True,False,1.0091644525090189,False,False,867832
128,29,shared,8192,dependent,78.7824,77.4485,79.5593,77.6666,75.8839,78.7163,83.4668,78.9057,92.3977,1.0143665359369407,False,False,0.9438770864583282,False,False,927496
128,29,shared,8192,independent,33.9953,33.8923,34.6985,21.9714,18.9298,24.9825,34.0894,33.0149,34.4162,1.547252337129177,True,False,0.9972396111401198,False,False,932200
128,30,random,1,dependent,43.4653,43.2523,44.3293,43.6147,42.2491,43.7215,43.8906,43.6172,47.2565,0.9965745494065075,False,False,0.9903099980405827,False,False,971623
128,30,random,1,independent,19.3443,18.6253,20.1492,10.2692,9.95763,10.4783,18.4415,18.4015,18.7016,1.8837202508471937,True,False,1.0489548030257843,False,False,968624
128,30,random,8192,dependent,80.8608,79.7291,81.9054,78.9572,74.0636,80.7279,81.6345,80.5035,83.8051,1.0241092642596241,False,False,0.9905223894309391,False,False,966050
128,30,random,8192,independent,33.6126,33.4886,35.9395,19.0519,18.2813,19.1981,34.3838,34.0417,34.9592,1.76426498144542,True,False,0.9775708327759003,False,False,961528
128,30,shared,1,dependent,44.3141,43.41,44.6892,42.5529,41.4486,42.6833,47.1102,43.5931,47.699,1.041388483511112,True,False,0.9406476729031081,False,False,1035604
128,30,shared,1,independent,18.6342,18.3983,20.188,9.93602,9.79741,10.1051,18.6017,18.4345,18.8732,1.875418930316163,True,False,1.0017471521420085,False,False,1033192
128,30,shared,8192,dependent,83.6658,80.6293,89.3466,79.5409,77.481,88.2238,82.6486,80.5645,90.0536,1.0518588550041552,False,False,1.0123075285001804,False,False,954493
128,30,shared,8192,independent,34.7201,34.0405,35.6083,18.2152,17.3747,23.1101,33.8326,32.7962,36.2301,1.906105889586719,True,False,1.0262320956710393,False,False,957440
128,31,random,1,dependent,39.8362,39.3232,41.811,44.2524,43.0387,44.7216,40.3601,40.259,43.7018,0.9002042827055707,False,True,0.9870193582275563,False,False,1008176
128,31,random,1,independent,13.1963,13.031,13.3521,9.13239,8.7986,9.94873,13.6248,13.176,14.8328,1.4449996112737193,True,False,0.9685499970641771,False,False,1008248
128,31,random,8192,dependent,77.9972,75.2563,78.5904,78.9941,75.8133,87.6102,76.0899,75.7039,79.3235,0.9873800701571384,False,False,1.0250664017169164,False,False,1022536
128,31,random,8192,independent,26.2248,25.3627,29.4666,18.7435,17.9526,22.7343,26.4479,25.8522,29.0305,1.3991410355589937,True,False,0.991564547657848,False,False,1011408
128,31,shared,1,dependent,39.7523,39.4173,40.0225,44.843,44.1475,45.3148,40.4059,39.8229,41.2204,0.8864772651249915,False,True,0.9838241444937496,False,False,968569
128,31,shared,1,independent,13.5422,13.4112,13.785,8.9035,8.71277,10.3308,13.5492,13.3362,14.0362,1.5209973605885327,True,False,0.9994833643314733,False,False,967112
128,31,shared,8192,dependent,74.3364,73.6459,77.1211,75.9544,72.1347,84.7505,76.978,73.4501,80.0317,0.9786977449627671,False,False,0.9656837018368885,False,False,1024202
128,31,shared,8192,independent,26.6565,24.4567,28.4004,18.2858,17.6779,22.4813,26.3736,25.219,26.3812,1.4577705104507324,True,False,1.0107266357266358,False,False,1013280
128,32,random,1,dependent,50.9268,50.7425,52.3466,42.8181,42.3565,45.8546,45.5462,43.6281,47.5947,1.1893755210997219,True,False,1.1181349926009196,True,False,1031083
128,32,random,1,independent,24.257,23.2042,26.4047,11.3475,11.1173,11.7989,11.0029,10.98,12.015,2.137651465080414,True,False,2.2046006052949676,True,False,1027256
128,32,random,8192,dependent,102.348,99.1268,106.522,80.5359,78.3793,82.9245,77.315,72.1111,78.5376,1.2708369807750333,True,False,1.3237793442410917,True,False,1019827
128,32,random,8192,independent,45.6905,45.2925,49.7704,19.961,19.5948,20.0532,19.9585,19.214,20.1079,2.2889885276288764,True,False,2.2892752461357317,True,False,1023440
128,32,shared,1,dependent,53.779,52.3116,54.526,43.6846,43.3178,46.8191,42.8479,42.6598,43.4106,1.2310745663231437,True,False,1.255114019590225,True,False,1010071
128,32,shared,1,independent,24.0052,23.4496,25.0181,12.3812,12.1047,12.4346,12.0424,11.741,12.2242,1.9388427616063062,True,False,1.9933900219225402,True,False,999816
128,32,shared,8192,dependent,98.821,96.6307,101.248,77.6488,77.4612,77.7194,75.6474,74.8742,76.2698,1.2726661583952361,True,False,1.3063370320724836,True,False,1023585
128,32,shared,8192,independent,46.5323,44.9219,48.228,20.6668,19.8167,21.3254,19.2941,18.8204,21.2193,2.2515483771072446,True,False,2.411737266832866,True,False,1024032
128,63,random,1,dependent,48.7506,48.2712,50.6598,47.4561,46.416,48.3596,47.1586,46.3034,47.9031,1.0272778420477031,False,False,1.0337584237021455,True,False,2031628
128,63,random,1,independent,17.3264,16.641,17.8763,17.1172,16.7815,17.2386,17.2183,16.7955,17.2647,1.0122216250321314,False,False,1.0062782040038796,False,False,2050336
128,63,random,8192,dependent,96.1857,93.0373,101.199,98.0282,93.5338,99.7518,93.7754,92.2101,99.3531,0.9812043881250497,False,False,1.0257029028935094,False,False,2055496
128,63,random,8192,independent,34.8619,34.6012,36.4113,35.2535,34.8873,35.2891,36.3165,34.4404,36.5149,0.9888918830754392,False,False,0.959946580755304,False,False,2073616
128,63,shared,1,dependent,51.0699,47.9863,51.9339,46.6201,45.5004,46.7021,47.0409,46.9856,52.6632,1.0954481007119246,True,False,1.0856488715139379,False,False,2005932
128,63,shared,1,independent,17.053,16.8832,17.6709,17.1941,16.976,17.4243,16.8501,16.7408,18.3175,0.9917936966750224,False,False,1.012041471563967,False,False,1983224
128,63,shared,8192,dependent,93.8663,93.3348,98.5298,98.6087,95.7527,99.0791,95.7006,90.7809,97.3371,0.9519068804273861,False,False,0.980832931037005,False,False,2059523
128,63,shared,8192,independent,40.1993,37.7204,44.2543,37.3332,33.8643,52.0496,34.9566,33.7156,48.0442,1.0767708098957498,False,False,1.1499774005481083,False,False,2040312
