variant,revision,trial,profile,fixture,records,prefix_bytes,round,operation,total_ns,record_ns,source_entries,work,checksum
baseline,98f96161d2f67726864e205bc7599fff891c33dc,0,byte,interleaved,4096,0,0,sample,640667.000,52.138,12288,12287,1831843142036873085
baseline,98f96161d2f67726864e205bc7599fff891c33dc,0,byte,interleaved,4096,0,0,pipeline,1058459.000,86.138,12288,3291,7010700040678070324
baseline,98f96161d2f67726864e205bc7599fff891c33dc,0,byte,interleaved,4096,0,1,sample,652125.000,53.070,12288,12287,1831843142036873085
baseline,98f96161d2f67726864e205bc7599fff891c33dc,0,byte,interleaved,4096,0,1,pipeline,1078458.000,87.765,12288,3291,7010700040678070324
baseline,98f96161d2f67726864e205bc7599fff891c33dc,0,byte,interleaved,4096,0,2,sample,637708.000,51.897,12288,12287,1831843142036873085
baseline,98f96161d2f67726864e205bc7599fff891c33dc,0,byte,interleaved,4096,0,2,pipeline,1044208.000,84.978,12288,3291,7010700040678070324
baseline,98f96161d2f67726864e205bc7599fff891c33dc,0,bit,interleaved,4096,0,0,sample,871666.000,70.936,12288,12287,12193008009033903249
baseline,98f96161d2f67726864e205bc7599fff891c33dc,0,bit,interleaved,4096,0,0,pipeline,1359750.000,110.657,12288,3291,10764992291889574130
baseline,98f96161d2f67726864e205bc7599fff891c33dc,0,bit,interleaved,4096,0,1,sample,934708.000,76.067,12288,12287,12193008009033903249
baseline,98f96161d2f67726864e205bc7599fff891c33dc,0,bit,interleaved,4096,0,1,pipeline,1405583.000,114.387,12288,3291,10764992291889574130
baseline,98f96161d2f67726864e205bc7599fff891c33dc,0,bit,interleaved,4096,0,2,sample,903959.000,73.564,12288,12287,12193008009033903249
baseline,98f96161d2f67726864e205bc7599fff891c33dc,0,bit,interleaved,4096,0,2,pipeline,1315791.000,107.079,12288,3291,10764992291889574130
baseline,98f96161d2f67726864e205bc7599fff891c33dc,0,byte,duplicates,4096,0,0,sample,671375.000,36.173,18560,18557,8476562761733985929
baseline,98f96161d2f67726864e205bc7599fff891c33dc,0,byte,duplicates,4096,0,0,pipeline,1108125.000,59.705,18560,4188,14205456126107407234
baseline,98f96161d2f67726864e205bc7599fff891c33dc,0,byte,duplicates,4096,0,1,sample,714084.000,38.474,18560,18557,8476562761733985929
baseline,98f96161d2f67726864e205bc7599fff891c33dc,0,byte,duplicates,4096,0,1,pipeline,1131458.000,60.962,18560,4188,14205456126107407234
baseline,98f96161d2f67726864e205bc7599fff891c33dc,0,byte,duplicates,4096,0,2,sample,696333.000,37.518,18560,18557,8476562761733985929
baseline,98f96161d2f67726864e205bc7599fff891c33dc,0,byte,duplicates,4096,0,2,pipeline,1133042.000,61.048,18560,4188,14205456126107407234
baseline,98f96161d2f67726864e205bc7599fff891c33dc,0,bit,duplicates,4096,0,0,sample,1133875.000,61.092,18560,18557,17887957781260477778
baseline,98f96161d2f67726864e205bc7599fff891c33dc,0,bit,duplicates,4096,0,0,pipeline,1740083.000,93.754,18560,4188,12370292114216348944
baseline,98f96161d2f67726864e205bc7599fff891c33dc,0,bit,duplicates,4096,0,1,sample,1154375.000,62.197,18560,18557,17887957781260477778
baseline,98f96161d2f67726864e205bc7599fff891c33dc,0,bit,duplicates,4096,0,1,pipeline,1735667.000,93.517,18560,4188,12370292114216348944
baseline,98f96161d2f67726864e205bc7599fff891c33dc,0,bit,duplicates,4096,0,2,sample,1155250.000,62.244,18560,18557,17887957781260477778
baseline,98f96161d2f67726864e205bc7599fff891c33dc,0,bit,duplicates,4096,0,2,pipeline,1822000.000,98.168,18560,4188,12370292114216348944
candidate,ad92282b0ac2b31311e7d17d2ff1c6566049bf04,0,byte,interleaved,4096,0,0,sample,1234291.000,100.447,12288,12287,1831843142036873085
candidate,ad92282b0ac2b31311e7d17d2ff1c6566049bf04,0,byte,interleaved,4096,0,0,pipeline,1740416.000,141.635,12288,3291,7010700040678070324
candidate,ad92282b0ac2b31311e7d17d2ff1c6566049bf04,0,byte,interleaved,4096,0,1,sample,1201583.000,97.785,12288,12287,1831843142036873085
candidate,ad92282b0ac2b31311e7d17d2ff1c6566049bf04,0,byte,interleaved,4096,0,1,pipeline,1451000.000,118.083,12288,3291,7010700040678070324
candidate,ad92282b0ac2b31311e7d17d2ff1c6566049bf04,0,byte,interleaved,4096,0,2,sample,1081417.000,88.006,12288,12287,1831843142036873085
candidate,ad92282b0ac2b31311e7d17d2ff1c6566049bf04,0,byte,interleaved,4096,0,2,pipeline,1418917.000,115.472,12288,3291,7010700040678070324
candidate,ad92282b0ac2b31311e7d17d2ff1c6566049bf04,0,bit,interleaved,4096,0,0,sample,1287250.000,104.757,12288,12287,12193008009033903249
candidate,ad92282b0ac2b31311e7d17d2ff1c6566049bf04,0,bit,interleaved,4096,0,0,pipeline,1724834.000,140.367,12288,3291,10764992291889574130
candidate,ad92282b0ac2b31311e7d17d2ff1c6566049bf04,0,bit,interleaved,4096,0,1,sample,1208292.000,98.331,12288,12287,12193008009033903249
candidate,ad92282b0ac2b31311e7d17d2ff1c6566049bf04,0,bit,interleaved,4096,0,1,pipeline,1633458.000,132.931,12288,3291,10764992291889574130
candidate,ad92282b0ac2b31311e7d17d2ff1c6566049bf04,0,bit,interleaved,4096,0,2,sample,1205750.000,98.124,12288,12287,12193008009033903249
candidate,ad92282b0ac2b31311e7d17d2ff1c6566049bf04,0,bit,interleaved,4096,0,2,pipeline,1614208.000,131.365,12288,3291,10764992291889574130
candidate,ad92282b0ac2b31311e7d17d2ff1c6566049bf04,0,byte,duplicates,4096,0,0,sample,1164958.000,62.767,18560,18557,8476562761733985929
candidate,ad92282b0ac2b31311e7d17d2ff1c6566049bf04,0,byte,duplicates,4096,0,0,pipeline,1482333.000,79.867,18560,4188,14205456126107407234
candidate,ad92282b0ac2b31311e7d17d2ff1c6566049bf04,0,byte,duplicates,4096,0,1,sample,1148416.000,61.876,18560,18557,8476562761733985929
candidate,ad92282b0ac2b31311e7d17d2ff1c6566049bf04,0,byte,duplicates,4096,0,1,pipeline,1495709.000,80.588,18560,4188,14205456126107407234
candidate,ad92282b0ac2b31311e7d17d2ff1c6566049bf04,0,byte,duplicates,4096,0,2,sample,1135333.000,61.171,18560,18557,8476562761733985929
candidate,ad92282b0ac2b31311e7d17d2ff1c6566049bf04,0,byte,duplicates,4096,0,2,pipeline,1588542.000,85.590,18560,4188,14205456126107407234
candidate,ad92282b0ac2b31311e7d17d2ff1c6566049bf04,0,bit,duplicates,4096,0,0,sample,1609291.000,86.707,18560,18557,17887957781260477778
candidate,ad92282b0ac2b31311e7d17d2ff1c6566049bf04,0,bit,duplicates,4096,0,0,pipeline,2206208.000,118.869,18560,4188,12370292114216348944
candidate,ad92282b0ac2b31311e7d17d2ff1c6566049bf04,0,bit,duplicates,4096,0,1,sample,1666042.000,89.765,18560,18557,17887957781260477778
candidate,ad92282b0ac2b31311e7d17d2ff1c6566049bf04,0,bit,duplicates,4096,0,1,pipeline,2268125.000,122.205,18560,4188,12370292114216348944
candidate,ad92282b0ac2b31311e7d17d2ff1c6566049bf04,0,bit,duplicates,4096,0,2,sample,1597375.000,86.065,18560,18557,17887957781260477778
candidate,ad92282b0ac2b31311e7d17d2ff1c6566049bf04,0,bit,duplicates,4096,0,2,pipeline,2220958.000,119.664,18560,4188,12370292114216348944
candidate,ad92282b0ac2b31311e7d17d2ff1c6566049bf04,1,byte,interleaved,4096,0,0,sample,740875.000,60.293,12288,12287,1831843142036873085
candidate,ad92282b0ac2b31311e7d17d2ff1c6566049bf04,1,byte,interleaved,4096,0,0,pipeline,1007958.000,82.028,12288,3291,7010700040678070324
candidate,ad92282b0ac2b31311e7d17d2ff1c6566049bf04,1,byte,interleaved,4096,0,1,sample,773167.000,62.920,12288,12287,1831843142036873085
candidate,ad92282b0ac2b31311e7d17d2ff1c6566049bf04,1,byte,interleaved,4096,0,1,pipeline,1034000.000,84.147,12288,3291,7010700040678070324
candidate,ad92282b0ac2b31311e7d17d2ff1c6566049bf04,1,byte,interleaved,4096,0,2,sample,747583.000,60.838,12288,12287,1831843142036873085
candidate,ad92282b0ac2b31311e7d17d2ff1c6566049bf04,1,byte,interleaved,4096,0,2,pipeline,995625.000,81.024,12288,3291,7010700040678070324
candidate,ad92282b0ac2b31311e7d17d2ff1c6566049bf04,1,bit,interleaved,4096,0,0,sample,1160000.000,94.401,12288,12287,12193008009033903249
candidate,ad92282b0ac2b31311e7d17d2ff1c6566049bf04,1,bit,interleaved,4096,0,0,pipeline,1519375.000,123.647,12288,3291,10764992291889574130
candidate,ad92282b0ac2b31311e7d17d2ff1c6566049bf04,1,bit,interleaved,4096,0,1,sample,1135625.000,92.417,12288,12287,12193008009033903249
candidate,ad92282b0ac2b31311e7d17d2ff1c6566049bf04,1,bit,interleaved,4096,0,1,pipeline,1514958.000,123.288,12288,3291,10764992291889574130
candidate,ad92282b0ac2b31311e7d17d2ff1c6566049bf04,1,bit,interleaved,4096,0,2,sample,1119041.000,91.068,12288,12287,12193008009033903249
candidate,ad92282b0ac2b31311e7d17d2ff1c6566049bf04,1,bit,interleaved,4096,0,2,pipeline,1574333.000,128.120,12288,3291,10764992291889574130
candidate,ad92282b0ac2b31311e7d17d2ff1c6566049bf04,1,byte,duplicates,4096,0,0,sample,1173875.000,63.248,18560,18557,8476562761733985929
candidate,ad92282b0ac2b31311e7d17d2ff1c6566049bf04,1,byte,duplicates,4096,0,0,pipeline,1511125.000,81.418,18560,4188,14205456126107407234
candidate,ad92282b0ac2b31311e7d17d2ff1c6566049bf04,1,byte,duplicates,4096,0,1,sample,1182583.000,63.717,18560,18557,8476562761733985929
candidate,ad92282b0ac2b31311e7d17d2ff1c6566049bf04,1,byte,duplicates,4096,0,1,pipeline,1617958.000,87.174,18560,4188,14205456126107407234
candidate,ad92282b0ac2b31311e7d17d2ff1c6566049bf04,1,byte,duplicates,4096,0,2,sample,1166083.000,62.828,18560,18557,8476562761733985929
candidate,ad92282b0ac2b31311e7d17d2ff1c6566049bf04,1,byte,duplicates,4096,0,2,pipeline,1544375.000,83.210,18560,4188,14205456126107407234
candidate,ad92282b0ac2b31311e7d17d2ff1c6566049bf04,1,bit,duplicates,4096,0,0,sample,1602458.000,86.339,18560,18557,17887957781260477778
candidate,ad92282b0ac2b31311e7d17d2ff1c6566049bf04,1,bit,duplicates,4096,0,0,pipeline,2264209.000,121.994,18560,4188,12370292114216348944
candidate,ad92282b0ac2b31311e7d17d2ff1c6566049bf04,1,bit,duplicates,4096,0,1,sample,1658917.000,89.381,18560,18557,17887957781260477778
candidate,ad92282b0ac2b31311e7d17d2ff1c6566049bf04,1,bit,duplicates,4096,0,1,pipeline,2121125.000,114.285,18560,4188,12370292114216348944
candidate,ad92282b0ac2b31311e7d17d2ff1c6566049bf04,1,bit,duplicates,4096,0,2,sample,1608208.000,86.649,18560,18557,17887957781260477778
candidate,ad92282b0ac2b31311e7d17d2ff1c6566049bf04,1,bit,duplicates,4096,0,2,pipeline,2114792.000,113.944,18560,4188,12370292114216348944
baseline,98f96161d2f67726864e205bc7599fff891c33dc,1,byte,interleaved,4096,0,0,sample,445250.000,36.235,12288,12287,1831843142036873085
baseline,98f96161d2f67726864e205bc7599fff891c33dc,1,byte,interleaved,4096,0,0,pipeline,747000.000,60.791,12288,3291,7010700040678070324
baseline,98f96161d2f67726864e205bc7599fff891c33dc,1,byte,interleaved,4096,0,1,sample,443709.000,36.109,12288,12287,1831843142036873085
baseline,98f96161d2f67726864e205bc7599fff891c33dc,1,byte,interleaved,4096,0,1,pipeline,775500.000,63.110,12288,3291,7010700040678070324
baseline,98f96161d2f67726864e205bc7599fff891c33dc,1,byte,interleaved,4096,0,2,sample,449208.000,36.557,12288,12287,1831843142036873085
baseline,98f96161d2f67726864e205bc7599fff891c33dc,1,byte,interleaved,4096,0,2,pipeline,803625.000,65.399,12288,3291,7010700040678070324
baseline,98f96161d2f67726864e205bc7599fff891c33dc,1,bit,interleaved,4096,0,0,sample,813750.000,66.223,12288,12287,12193008009033903249
baseline,98f96161d2f67726864e205bc7599fff891c33dc,1,bit,interleaved,4096,0,0,pipeline,1260667.000,102.593,12288,3291,10764992291889574130
baseline,98f96161d2f67726864e205bc7599fff891c33dc,1,bit,interleaved,4096,0,1,sample,823875.000,67.047,12288,12287,12193008009033903249
baseline,98f96161d2f67726864e205bc7599fff891c33dc,1,bit,interleaved,4096,0,1,pipeline,1261000.000,102.620,12288,3291,10764992291889574130
baseline,98f96161d2f67726864e205bc7599fff891c33dc,1,bit,interleaved,4096,0,2,sample,908666.000,73.947,12288,12287,12193008009033903249
baseline,98f96161d2f67726864e205bc7599fff891c33dc,1,bit,interleaved,4096,0,2,pipeline,1265042.000,102.949,12288,3291,10764992291889574130
baseline,98f96161d2f67726864e205bc7599fff891c33dc,1,byte,duplicates,4096,0,0,sample,678583.000,36.562,18560,18557,8476562761733985929
baseline,98f96161d2f67726864e205bc7599fff891c33dc,1,byte,duplicates,4096,0,0,pipeline,1108042.000,59.701,18560,4188,14205456126107407234
baseline,98f96161d2f67726864e205bc7599fff891c33dc,1,byte,duplicates,4096,0,1,sample,671167.000,36.162,18560,18557,8476562761733985929
baseline,98f96161d2f67726864e205bc7599fff891c33dc,1,byte,duplicates,4096,0,1,pipeline,1109625.000,59.786,18560,4188,14205456126107407234
baseline,98f96161d2f67726864e205bc7599fff891c33dc,1,byte,duplicates,4096,0,2,sample,673708.000,36.299,18560,18557,8476562761733985929
baseline,98f96161d2f67726864e205bc7599fff891c33dc,1,byte,duplicates,4096,0,2,pipeline,1232917.000,66.429,18560,4188,14205456126107407234
baseline,98f96161d2f67726864e205bc7599fff891c33dc,1,bit,duplicates,4096,0,0,sample,1119709.000,60.329,18560,18557,17887957781260477778
baseline,98f96161d2f67726864e205bc7599fff891c33dc,1,bit,duplicates,4096,0,0,pipeline,1711250.000,92.201,18560,4188,12370292114216348944
baseline,98f96161d2f67726864e205bc7599fff891c33dc,1,bit,duplicates,4096,0,1,sample,1126334.000,60.686,18560,18557,17887957781260477778
baseline,98f96161d2f67726864e205bc7599fff891c33dc,1,bit,duplicates,4096,0,1,pipeline,1745125.000,94.026,18560,4188,12370292114216348944
baseline,98f96161d2f67726864e205bc7599fff891c33dc,1,bit,duplicates,4096,0,2,sample,1182917.000,63.735,18560,18557,17887957781260477778
baseline,98f96161d2f67726864e205bc7599fff891c33dc,1,bit,duplicates,4096,0,2,pipeline,1726208.000,93.007,18560,4188,12370292114216348944
baseline,98f96161d2f67726864e205bc7599fff891c33dc,2,byte,interleaved,4096,0,0,sample,447667.000,36.431,12288,12287,1831843142036873085
baseline,98f96161d2f67726864e205bc7599fff891c33dc,2,byte,interleaved,4096,0,0,pipeline,752625.000,61.249,12288,3291,7010700040678070324
baseline,98f96161d2f67726864e205bc7599fff891c33dc,2,byte,interleaved,4096,0,1,sample,581125.000,47.292,12288,12287,1831843142036873085
baseline,98f96161d2f67726864e205bc7599fff891c33dc,2,byte,interleaved,4096,0,1,pipeline,886333.000,72.130,12288,3291,7010700040678070324
baseline,98f96161d2f67726864e205bc7599fff891c33dc,2,byte,interleaved,4096,0,2,sample,464166.000,37.774,12288,12287,1831843142036873085
baseline,98f96161d2f67726864e205bc7599fff891c33dc,2,byte,interleaved,4096,0,2,pipeline,775958.000,63.148,12288,3291,7010700040678070324
baseline,98f96161d2f67726864e205bc7599fff891c33dc,2,bit,interleaved,4096,0,0,sample,863083.000,70.238,12288,12287,12193008009033903249
baseline,98f96161d2f67726864e205bc7599fff891c33dc,2,bit,interleaved,4096,0,0,pipeline,1288292.000,104.841,12288,3291,10764992291889574130
baseline,98f96161d2f67726864e205bc7599fff891c33dc,2,bit,interleaved,4096,0,1,sample,811333.000,66.026,12288,12287,12193008009033903249
baseline,98f96161d2f67726864e205bc7599fff891c33dc,2,bit,interleaved,4096,0,1,pipeline,1264125.000,102.875,12288,3291,10764992291889574130
baseline,98f96161d2f67726864e205bc7599fff891c33dc,2,bit,interleaved,4096,0,2,sample,813083.000,66.169,12288,12287,12193008009033903249
baseline,98f96161d2f67726864e205bc7599fff891c33dc,2,bit,interleaved,4096,0,2,pipeline,1368291.000,111.352,12288,3291,10764992291889574130
baseline,98f96161d2f67726864e205bc7599fff891c33dc,2,byte,duplicates,4096,0,0,sample,671958.000,36.205,18560,18557,8476562761733985929
baseline,98f96161d2f67726864e205bc7599fff891c33dc,2,byte,duplicates,4096,0,0,pipeline,1103792.000,59.472,18560,4188,14205456126107407234
baseline,98f96161d2f67726864e205bc7599fff891c33dc,2,byte,duplicates,4096,0,1,sample,672125.000,36.214,18560,18557,8476562761733985929
baseline,98f96161d2f67726864e205bc7599fff891c33dc,2,byte,duplicates,4096,0,1,pipeline,1090167.000,58.737,18560,4188,14205456126107407234
baseline,98f96161d2f67726864e205bc7599fff891c33dc,2,byte,duplicates,4096,0,2,sample,691959.000,37.282,18560,18557,8476562761733985929
baseline,98f96161d2f67726864e205bc7599fff891c33dc,2,byte,duplicates,4096,0,2,pipeline,1260334.000,67.906,18560,4188,14205456126107407234
baseline,98f96161d2f67726864e205bc7599fff891c33dc,2,bit,duplicates,4096,0,0,sample,1140875.000,61.470,18560,18557,17887957781260477778
baseline,98f96161d2f67726864e205bc7599fff891c33dc,2,bit,duplicates,4096,0,0,pipeline,1818958.000,98.004,18560,4188,12370292114216348944
baseline,98f96161d2f67726864e205bc7599fff891c33dc,2,bit,duplicates,4096,0,1,sample,1135500.000,61.180,18560,18557,17887957781260477778
baseline,98f96161d2f67726864e205bc7599fff891c33dc,2,bit,duplicates,4096,0,1,pipeline,1859375.000,100.182,18560,4188,12370292114216348944
baseline,98f96161d2f67726864e205bc7599fff891c33dc,2,bit,duplicates,4096,0,2,sample,1131875.000,60.985,18560,18557,17887957781260477778
baseline,98f96161d2f67726864e205bc7599fff891c33dc,2,bit,duplicates,4096,0,2,pipeline,1839917.000,99.133,18560,4188,12370292114216348944
candidate,ad92282b0ac2b31311e7d17d2ff1c6566049bf04,2,byte,interleaved,4096,0,0,sample,742292.000,60.408,12288,12287,1831843142036873085
candidate,ad92282b0ac2b31311e7d17d2ff1c6566049bf04,2,byte,interleaved,4096,0,0,pipeline,1022208.000,83.188,12288,3291,7010700040678070324
candidate,ad92282b0ac2b31311e7d17d2ff1c6566049bf04,2,byte,interleaved,4096,0,1,sample,766625.000,62.388,12288,12287,1831843142036873085
candidate,ad92282b0ac2b31311e7d17d2ff1c6566049bf04,2,byte,interleaved,4096,0,1,pipeline,1054916.000,85.849,12288,3291,7010700040678070324
candidate,ad92282b0ac2b31311e7d17d2ff1c6566049bf04,2,byte,interleaved,4096,0,2,sample,757167.000,61.618,12288,12287,1831843142036873085
candidate,ad92282b0ac2b31311e7d17d2ff1c6566049bf04,2,byte,interleaved,4096,0,2,pipeline,1022625.000,83.221,12288,3291,7010700040678070324
candidate,ad92282b0ac2b31311e7d17d2ff1c6566049bf04,2,bit,interleaved,4096,0,0,sample,1105500.000,89.966,12288,12287,12193008009033903249
candidate,ad92282b0ac2b31311e7d17d2ff1c6566049bf04,2,bit,interleaved,4096,0,0,pipeline,1498167.000,121.921,12288,3291,10764992291889574130
candidate,ad92282b0ac2b31311e7d17d2ff1c6566049bf04,2,bit,interleaved,4096,0,1,sample,1116666.000,90.875,12288,12287,12193008009033903249
candidate,ad92282b0ac2b31311e7d17d2ff1c6566049bf04,2,bit,interleaved,4096,0,1,pipeline,1564417.000,127.313,12288,3291,10764992291889574130
candidate,ad92282b0ac2b31311e7d17d2ff1c6566049bf04,2,bit,interleaved,4096,0,2,sample,1151917.000,93.743,12288,12287,12193008009033903249
candidate,ad92282b0ac2b31311e7d17d2ff1c6566049bf04,2,bit,interleaved,4096,0,2,pipeline,1671500.000,136.027,12288,3291,10764992291889574130
candidate,ad92282b0ac2b31311e7d17d2ff1c6566049bf04,2,byte,duplicates,4096,0,0,sample,1132292.000,61.007,18560,18557,8476562761733985929
candidate,ad92282b0ac2b31311e7d17d2ff1c6566049bf04,2,byte,duplicates,4096,0,0,pipeline,1482333.000,79.867,18560,4188,14205456126107407234
candidate,ad92282b0ac2b31311e7d17d2ff1c6566049bf04,2,byte,duplicates,4096,0,1,sample,1142167.000,61.539,18560,18557,8476562761733985929
candidate,ad92282b0ac2b31311e7d17d2ff1c6566049bf04,2,byte,duplicates,4096,0,1,pipeline,1505167.000,81.097,18560,4188,14205456126107407234
candidate,ad92282b0ac2b31311e7d17d2ff1c6566049bf04,2,byte,duplicates,4096,0,2,sample,1134000.000,61.099,18560,18557,8476562761733985929
candidate,ad92282b0ac2b31311e7d17d2ff1c6566049bf04,2,byte,duplicates,4096,0,2,pipeline,1494209.000,80.507,18560,4188,14205456126107407234
candidate,ad92282b0ac2b31311e7d17d2ff1c6566049bf04,2,bit,duplicates,4096,0,0,sample,1645708.000,88.670,18560,18557,17887957781260477778
candidate,ad92282b0ac2b31311e7d17d2ff1c6566049bf04,2,bit,duplicates,4096,0,0,pipeline,2252042.000,121.338,18560,4188,12370292114216348944
candidate,ad92282b0ac2b31311e7d17d2ff1c6566049bf04,2,bit,duplicates,4096,0,1,sample,1601333.000,86.279,18560,18557,17887957781260477778
candidate,ad92282b0ac2b31311e7d17d2ff1c6566049bf04,2,bit,duplicates,4096,0,1,pipeline,2117625.000,114.096,18560,4188,12370292114216348944
candidate,ad92282b0ac2b31311e7d17d2ff1c6566049bf04,2,bit,duplicates,4096,0,2,sample,1647958.000,88.791,18560,18557,17887957781260477778
candidate,ad92282b0ac2b31311e7d17d2ff1c6566049bf04,2,bit,duplicates,4096,0,2,pipeline,2241083.000,120.748,18560,4188,12370292114216348944
candidate,ad92282b0ac2b31311e7d17d2ff1c6566049bf04,3,byte,interleaved,4096,0,0,sample,766917.000,62.412,12288,12287,1831843142036873085
candidate,ad92282b0ac2b31311e7d17d2ff1c6566049bf04,3,byte,interleaved,4096,0,0,pipeline,1061792.000,86.409,12288,3291,7010700040678070324
candidate,ad92282b0ac2b31311e7d17d2ff1c6566049bf04,3,byte,interleaved,4096,0,1,sample,751083.000,61.123,12288,12287,1831843142036873085
candidate,ad92282b0ac2b31311e7d17d2ff1c6566049bf04,3,byte,interleaved,4096,0,1,pipeline,1000959.000,81.458,12288,3291,7010700040678070324
candidate,ad92282b0ac2b31311e7d17d2ff1c6566049bf04,3,byte,interleaved,4096,0,2,sample,749458.000,60.991,12288,12287,1831843142036873085
candidate,ad92282b0ac2b31311e7d17d2ff1c6566049bf04,3,byte,interleaved,4096,0,2,pipeline,990417.000,80.600,12288,3291,7010700040678070324
candidate,ad92282b0ac2b31311e7d17d2ff1c6566049bf04,3,bit,interleaved,4096,0,0,sample,1121083.000,91.234,12288,12287,12193008009033903249
candidate,ad92282b0ac2b31311e7d17d2ff1c6566049bf04,3,bit,interleaved,4096,0,0,pipeline,1533208.000,124.773,12288,3291,10764992291889574130
candidate,ad92282b0ac2b31311e7d17d2ff1c6566049bf04,3,bit,interleaved,4096,0,1,sample,1260000.000,102.539,12288,12287,12193008009033903249
candidate,ad92282b0ac2b31311e7d17d2ff1c6566049bf04,3,bit,interleaved,4096,0,1,pipeline,1518042.000,123.539,12288,3291,10764992291889574130
candidate,ad92282b0ac2b31311e7d17d2ff1c6566049bf04,3,bit,interleaved,4096,0,2,sample,1154750.000,93.974,12288,12287,12193008009033903249
candidate,ad92282b0ac2b31311e7d17d2ff1c6566049bf04,3,bit,interleaved,4096,0,2,pipeline,1539541.000,125.288,12288,3291,10764992291889574130
candidate,ad92282b0ac2b31311e7d17d2ff1c6566049bf04,3,byte,duplicates,4096,0,0,sample,1161000.000,62.554,18560,18557,8476562761733985929
candidate,ad92282b0ac2b31311e7d17d2ff1c6566049bf04,3,byte,duplicates,4096,0,0,pipeline,1609834.000,86.737,18560,4188,14205456126107407234
candidate,ad92282b0ac2b31311e7d17d2ff1c6566049bf04,3,byte,duplicates,4096,0,1,sample,1137042.000,61.263,18560,18557,8476562761733985929
candidate,ad92282b0ac2b31311e7d17d2ff1c6566049bf04,3,byte,duplicates,4096,0,1,pipeline,1525416.000,82.188,18560,4188,14205456126107407234
candidate,ad92282b0ac2b31311e7d17d2ff1c6566049bf04,3,byte,duplicates,4096,0,2,sample,1214667.000,65.445,18560,18557,8476562761733985929
candidate,ad92282b0ac2b31311e7d17d2ff1c6566049bf04,3,byte,duplicates,4096,0,2,pipeline,1541666.000,83.064,18560,4188,14205456126107407234
candidate,ad92282b0ac2b31311e7d17d2ff1c6566049bf04,3,bit,duplicates,4096,0,0,sample,1615375.000,87.035,18560,18557,17887957781260477778
candidate,ad92282b0ac2b31311e7d17d2ff1c6566049bf04,3,bit,duplicates,4096,0,0,pipeline,2179375.000,117.423,18560,4188,12370292114216348944
candidate,ad92282b0ac2b31311e7d17d2ff1c6566049bf04,3,bit,duplicates,4096,0,1,sample,1702875.000,91.750,18560,18557,17887957781260477778
candidate,ad92282b0ac2b31311e7d17d2ff1c6566049bf04,3,bit,duplicates,4096,0,1,pipeline,2192500.000,118.130,18560,4188,12370292114216348944
candidate,ad92282b0ac2b31311e7d17d2ff1c6566049bf04,3,bit,duplicates,4096,0,2,sample,1617083.000,87.127,18560,18557,17887957781260477778
candidate,ad92282b0ac2b31311e7d17d2ff1c6566049bf04,3,bit,duplicates,4096,0,2,pipeline,2159500.000,116.352,18560,4188,12370292114216348944
baseline,98f96161d2f67726864e205bc7599fff891c33dc,3,byte,interleaved,4096,0,0,sample,448208.000,36.475,12288,12287,1831843142036873085
baseline,98f96161d2f67726864e205bc7599fff891c33dc,3,byte,interleaved,4096,0,0,pipeline,754250.000,61.381,12288,3291,7010700040678070324
baseline,98f96161d2f67726864e205bc7599fff891c33dc,3,byte,interleaved,4096,0,1,sample,446500.000,36.336,12288,12287,1831843142036873085
baseline,98f96161d2f67726864e205bc7599fff891c33dc,3,byte,interleaved,4096,0,1,pipeline,748750.000,60.933,12288,3291,7010700040678070324
baseline,98f96161d2f67726864e205bc7599fff891c33dc,3,byte,interleaved,4096,0,2,sample,462416.000,37.632,12288,12287,1831843142036873085
baseline,98f96161d2f67726864e205bc7599fff891c33dc,3,byte,interleaved,4096,0,2,pipeline,755000.000,61.442,12288,3291,7010700040678070324
baseline,98f96161d2f67726864e205bc7599fff891c33dc,3,bit,interleaved,4096,0,0,sample,819375.000,66.681,12288,12287,12193008009033903249
baseline,98f96161d2f67726864e205bc7599fff891c33dc,3,bit,interleaved,4096,0,0,pipeline,1252666.000,101.942,12288,3291,10764992291889574130
baseline,98f96161d2f67726864e205bc7599fff891c33dc,3,bit,interleaved,4096,0,1,sample,849292.000,69.116,12288,12287,12193008009033903249
baseline,98f96161d2f67726864e205bc7599fff891c33dc,3,bit,interleaved,4096,0,1,pipeline,1298750.000,105.693,12288,3291,10764992291889574130
baseline,98f96161d2f67726864e205bc7599fff891c33dc,3,bit,interleaved,4096,0,2,sample,832459.000,67.746,12288,12287,12193008009033903249
baseline,98f96161d2f67726864e205bc7599fff891c33dc,3,bit,interleaved,4096,0,2,pipeline,1280917.000,104.241,12288,3291,10764992291889574130
baseline,98f96161d2f67726864e205bc7599fff891c33dc,3,byte,duplicates,4096,0,0,sample,716791.000,38.620,18560,18557,8476562761733985929
baseline,98f96161d2f67726864e205bc7599fff891c33dc,3,byte,duplicates,4096,0,0,pipeline,1139500.000,61.395,18560,4188,14205456126107407234
baseline,98f96161d2f67726864e205bc7599fff891c33dc,3,byte,duplicates,4096,0,1,sample,675500.000,36.395,18560,18557,8476562761733985929
baseline,98f96161d2f67726864e205bc7599fff891c33dc,3,byte,duplicates,4096,0,1,pipeline,1102166.000,59.384,18560,4188,14205456126107407234
baseline,98f96161d2f67726864e205bc7599fff891c33dc,3,byte,duplicates,4096,0,2,sample,670875.000,36.146,18560,18557,8476562761733985929
baseline,98f96161d2f67726864e205bc7599fff891c33dc,3,byte,duplicates,4096,0,2,pipeline,1103417.000,59.451,18560,4188,14205456126107407234
baseline,98f96161d2f67726864e205bc7599fff891c33dc,3,bit,duplicates,4096,0,0,sample,1226959.000,66.108,18560,18557,17887957781260477778
baseline,98f96161d2f67726864e205bc7599fff891c33dc,3,bit,duplicates,4096,0,0,pipeline,1856208.000,100.011,18560,4188,12370292114216348944
baseline,98f96161d2f67726864e205bc7599fff891c33dc,3,bit,duplicates,4096,0,1,sample,1143709.000,61.622,18560,18557,17887957781260477778
baseline,98f96161d2f67726864e205bc7599fff891c33dc,3,bit,duplicates,4096,0,1,pipeline,1725542.000,92.971,18560,4188,12370292114216348944
baseline,98f96161d2f67726864e205bc7599fff891c33dc,3,bit,duplicates,4096,0,2,sample,1165125.000,62.776,18560,18557,17887957781260477778
baseline,98f96161d2f67726864e205bc7599fff891c33dc,3,bit,duplicates,4096,0,2,pipeline,1751000.000,94.343,18560,4188,12370292114216348944
baseline,98f96161d2f67726864e205bc7599fff891c33dc,4,byte,interleaved,4096,0,0,sample,482583.000,39.273,12288,12287,1831843142036873085
baseline,98f96161d2f67726864e205bc7599fff891c33dc,4,byte,interleaved,4096,0,0,pipeline,786125.000,63.975,12288,3291,7010700040678070324
baseline,98f96161d2f67726864e205bc7599fff891c33dc,4,byte,interleaved,4096,0,1,sample,450792.000,36.686,12288,12287,1831843142036873085
baseline,98f96161d2f67726864e205bc7599fff891c33dc,4,byte,interleaved,4096,0,1,pipeline,775083.000,63.076,12288,3291,7010700040678070324
baseline,98f96161d2f67726864e205bc7599fff891c33dc,4,byte,interleaved,4096,0,2,sample,452708.000,36.841,12288,12287,1831843142036873085
baseline,98f96161d2f67726864e205bc7599fff891c33dc,4,byte,interleaved,4096,0,2,pipeline,745000.000,60.628,12288,3291,7010700040678070324
baseline,98f96161d2f67726864e205bc7599fff891c33dc,4,bit,interleaved,4096,0,0,sample,805375.000,65.542,12288,12287,12193008009033903249
baseline,98f96161d2f67726864e205bc7599fff891c33dc,4,bit,interleaved,4096,0,0,pipeline,1304459.000,106.157,12288,3291,10764992291889574130
baseline,98f96161d2f67726864e205bc7599fff891c33dc,4,bit,interleaved,4096,0,1,sample,805625.000,65.562,12288,12287,12193008009033903249
baseline,98f96161d2f67726864e205bc7599fff891c33dc,4,bit,interleaved,4096,0,1,pipeline,1268041.000,103.193,12288,3291,10764992291889574130
baseline,98f96161d2f67726864e205bc7599fff891c33dc,4,bit,interleaved,4096,0,2,sample,802291.000,65.291,12288,12287,12193008009033903249
baseline,98f96161d2f67726864e205bc7599fff891c33dc,4,bit,interleaved,4096,0,2,pipeline,1220666.000,99.338,12288,3291,10764992291889574130
baseline,98f96161d2f67726864e205bc7599fff891c33dc,4,byte,duplicates,4096,0,0,sample,666750.000,35.924,18560,18557,8476562761733985929
baseline,98f96161d2f67726864e205bc7599fff891c33dc,4,byte,duplicates,4096,0,0,pipeline,1093334.000,58.908,18560,4188,14205456126107407234
baseline,98f96161d2f67726864e205bc7599fff891c33dc,4,byte,duplicates,4096,0,1,sample,677792.000,36.519,18560,18557,8476562761733985929
baseline,98f96161d2f67726864e205bc7599fff891c33dc,4,byte,duplicates,4096,0,1,pipeline,1079958.000,58.187,18560,4188,14205456126107407234
baseline,98f96161d2f67726864e205bc7599fff891c33dc,4,byte,duplicates,4096,0,2,sample,673000.000,36.261,18560,18557,8476562761733985929
baseline,98f96161d2f67726864e205bc7599fff891c33dc,4,byte,duplicates,4096,0,2,pipeline,1096084.000,59.056,18560,4188,14205456126107407234
baseline,98f96161d2f67726864e205bc7599fff891c33dc,4,bit,duplicates,4096,0,0,sample,1278125.000,68.864,18560,18557,17887957781260477778
baseline,98f96161d2f67726864e205bc7599fff891c33dc,4,bit,duplicates,4096,0,0,pipeline,1729792.000,93.200,18560,4188,12370292114216348944
baseline,98f96161d2f67726864e205bc7599fff891c33dc,4,bit,duplicates,4096,0,1,sample,1139042.000,61.371,18560,18557,17887957781260477778
baseline,98f96161d2f67726864e205bc7599fff891c33dc,4,bit,duplicates,4096,0,1,pipeline,1735500.000,93.508,18560,4188,12370292114216348944
baseline,98f96161d2f67726864e205bc7599fff891c33dc,4,bit,duplicates,4096,0,2,sample,1134083.000,61.104,18560,18557,17887957781260477778
baseline,98f96161d2f67726864e205bc7599fff891c33dc,4,bit,duplicates,4096,0,2,pipeline,1717333.000,92.529,18560,4188,12370292114216348944
candidate,ad92282b0ac2b31311e7d17d2ff1c6566049bf04,4,byte,interleaved,4096,0,0,sample,745791.000,60.693,12288,12287,1831843142036873085
candidate,ad92282b0ac2b31311e7d17d2ff1c6566049bf04,4,byte,interleaved,4096,0,0,pipeline,994500.000,80.933,12288,3291,7010700040678070324
candidate,ad92282b0ac2b31311e7d17d2ff1c6566049bf04,4,byte,interleaved,4096,0,1,sample,745417.000,60.662,12288,12287,1831843142036873085
candidate,ad92282b0ac2b31311e7d17d2ff1c6566049bf04,4,byte,interleaved,4096,0,1,pipeline,988000.000,80.404,12288,3291,7010700040678070324
candidate,ad92282b0ac2b31311e7d17d2ff1c6566049bf04,4,byte,interleaved,4096,0,2,sample,741417.000,60.337,12288,12287,1831843142036873085
candidate,ad92282b0ac2b31311e7d17d2ff1c6566049bf04,4,byte,interleaved,4096,0,2,pipeline,1028667.000,83.713,12288,3291,7010700040678070324
candidate,ad92282b0ac2b31311e7d17d2ff1c6566049bf04,4,bit,interleaved,4096,0,0,sample,1177917.000,95.859,12288,12287,12193008009033903249
candidate,ad92282b0ac2b31311e7d17d2ff1c6566049bf04,4,bit,interleaved,4096,0,0,pipeline,1544000.000,125.651,12288,3291,10764992291889574130
candidate,ad92282b0ac2b31311e7d17d2ff1c6566049bf04,4,bit,interleaved,4096,0,1,sample,1139833.000,92.760,12288,12287,12193008009033903249
candidate,ad92282b0ac2b31311e7d17d2ff1c6566049bf04,4,bit,interleaved,4096,0,1,pipeline,1560167.000,126.967,12288,3291,10764992291889574130
candidate,ad92282b0ac2b31311e7d17d2ff1c6566049bf04,4,bit,interleaved,4096,0,2,sample,1134416.000,92.319,12288,12287,12193008009033903249
candidate,ad92282b0ac2b31311e7d17d2ff1c6566049bf04,4,bit,interleaved,4096,0,2,pipeline,1586334.000,129.096,12288,3291,10764992291889574130
candidate,ad92282b0ac2b31311e7d17d2ff1c6566049bf04,4,byte,duplicates,4096,0,0,sample,1140334.000,61.440,18560,18557,8476562761733985929
candidate,ad92282b0ac2b31311e7d17d2ff1c6566049bf04,4,byte,duplicates,4096,0,0,pipeline,1560208.000,84.063,18560,4188,14205456126107407234
candidate,ad92282b0ac2b31311e7d17d2ff1c6566049bf04,4,byte,duplicates,4096,0,1,sample,1154083.000,62.181,18560,18557,8476562761733985929
candidate,ad92282b0ac2b31311e7d17d2ff1c6566049bf04,4,byte,duplicates,4096,0,1,pipeline,1471625.000,79.290,18560,4188,14205456126107407234
candidate,ad92282b0ac2b31311e7d17d2ff1c6566049bf04,4,byte,duplicates,4096,0,2,sample,1136417.000,61.229,18560,18557,8476562761733985929
candidate,ad92282b0ac2b31311e7d17d2ff1c6566049bf04,4,byte,duplicates,4096,0,2,pipeline,1498875.000,80.758,18560,4188,14205456126107407234
candidate,ad92282b0ac2b31311e7d17d2ff1c6566049bf04,4,bit,duplicates,4096,0,0,sample,1595125.000,85.944,18560,18557,17887957781260477778
candidate,ad92282b0ac2b31311e7d17d2ff1c6566049bf04,4,bit,duplicates,4096,0,0,pipeline,2114208.000,113.912,18560,4188,12370292114216348944
candidate,ad92282b0ac2b31311e7d17d2ff1c6566049bf04,4,bit,duplicates,4096,0,1,sample,1616416.000,87.091,18560,18557,17887957781260477778
candidate,ad92282b0ac2b31311e7d17d2ff1c6566049bf04,4,bit,duplicates,4096,0,1,pipeline,2143000.000,115.463,18560,4188,12370292114216348944
candidate,ad92282b0ac2b31311e7d17d2ff1c6566049bf04,4,bit,duplicates,4096,0,2,sample,1588375.000,85.581,18560,18557,17887957781260477778
candidate,ad92282b0ac2b31311e7d17d2ff1c6566049bf04,4,bit,duplicates,4096,0,2,pipeline,2124000.000,114.440,18560,4188,12370292114216348944
baseline,98f96161d2f67726864e205bc7599fff891c33dc,0,byte,interleaved,4096,64,0,sample,466583.000,37.971,12288,12287,2541398277770908085
baseline,98f96161d2f67726864e205bc7599fff891c33dc,0,byte,interleaved,4096,64,0,pipeline,876000.000,71.289,12288,3291,8740643984117779911
baseline,98f96161d2f67726864e205bc7599fff891c33dc,0,byte,interleaved,4096,64,1,sample,466292.000,37.947,12288,12287,2541398277770908085
baseline,98f96161d2f67726864e205bc7599fff891c33dc,0,byte,interleaved,4096,64,1,pipeline,808167.000,65.769,12288,3291,8740643984117779911
baseline,98f96161d2f67726864e205bc7599fff891c33dc,0,byte,interleaved,4096,64,2,sample,471333.000,38.357,12288,12287,2541398277770908085
baseline,98f96161d2f67726864e205bc7599fff891c33dc,0,byte,interleaved,4096,64,2,pipeline,798250.000,64.962,12288,3291,8740643984117779911
baseline,98f96161d2f67726864e205bc7599fff891c33dc,0,bit,interleaved,4096,64,0,sample,890417.000,72.462,12288,12287,4677226453256643133
baseline,98f96161d2f67726864e205bc7599fff891c33dc,0,bit,interleaved,4096,64,0,pipeline,1403709.000,114.234,12288,3291,8457345758596538803
baseline,98f96161d2f67726864e205bc7599fff891c33dc,0,bit,interleaved,4096,64,1,sample,847084.000,68.936,12288,12287,4677226453256643133
baseline,98f96161d2f67726864e205bc7599fff891c33dc,0,bit,interleaved,4096,64,1,pipeline,1331084.000,108.324,12288,3291,8457345758596538803
baseline,98f96161d2f67726864e205bc7599fff891c33dc,0,bit,interleaved,4096,64,2,sample,849916.000,69.166,12288,12287,4677226453256643133
baseline,98f96161d2f67726864e205bc7599fff891c33dc,0,bit,interleaved,4096,64,2,pipeline,1370875.000,111.562,12288,3291,8457345758596538803
baseline,98f96161d2f67726864e205bc7599fff891c33dc,0,byte,duplicates,4096,64,0,sample,720292.000,38.809,18560,18557,13127346576464094117
baseline,98f96161d2f67726864e205bc7599fff891c33dc,0,byte,duplicates,4096,64,0,pipeline,1154000.000,62.177,18560,4188,17203385925024874436
baseline,98f96161d2f67726864e205bc7599fff891c33dc,0,byte,duplicates,4096,64,1,sample,720291.000,38.809,18560,18557,13127346576464094117
baseline,98f96161d2f67726864e205bc7599fff891c33dc,0,byte,duplicates,4096,64,1,pipeline,1149458.000,61.932,18560,4188,17203385925024874436
baseline,98f96161d2f67726864e205bc7599fff891c33dc,0,byte,duplicates,4096,64,2,sample,711916.000,38.358,18560,18557,13127346576464094117
baseline,98f96161d2f67726864e205bc7599fff891c33dc,0,byte,duplicates,4096,64,2,pipeline,1153333.000,62.141,18560,4188,17203385925024874436
baseline,98f96161d2f67726864e205bc7599fff891c33dc,0,bit,duplicates,4096,64,0,sample,1198166.000,64.556,18560,18557,16868185080966085382
baseline,98f96161d2f67726864e205bc7599fff891c33dc,0,bit,duplicates,4096,64,0,pipeline,1844875.000,99.401,18560,4188,4346119021820151492
baseline,98f96161d2f67726864e205bc7599fff891c33dc,0,bit,duplicates,4096,64,1,sample,1211500.000,65.275,18560,18557,16868185080966085382
baseline,98f96161d2f67726864e205bc7599fff891c33dc,0,bit,duplicates,4096,64,1,pipeline,1813375.000,97.703,18560,4188,4346119021820151492
baseline,98f96161d2f67726864e205bc7599fff891c33dc,0,bit,duplicates,4096,64,2,sample,1188416.000,64.031,18560,18557,16868185080966085382
baseline,98f96161d2f67726864e205bc7599fff891c33dc,0,bit,duplicates,4096,64,2,pipeline,1809459.000,97.492,18560,4188,4346119021820151492
candidate,ad92282b0ac2b31311e7d17d2ff1c6566049bf04,0,byte,interleaved,4096,64,0,sample,886583.000,72.150,12288,12287,2541398277770908085
candidate,ad92282b0ac2b31311e7d17d2ff1c6566049bf04,0,byte,interleaved,4096,64,0,pipeline,1169709.000,95.191,12288,3291,8740643984117779911
candidate,ad92282b0ac2b31311e7d17d2ff1c6566049bf04,0,byte,interleaved,4096,64,1,sample,788083.000,64.134,12288,12287,2541398277770908085
candidate,ad92282b0ac2b31311e7d17d2ff1c6566049bf04,0,byte,interleaved,4096,64,1,pipeline,1068709.000,86.972,12288,3291,8740643984117779911
candidate,ad92282b0ac2b31311e7d17d2ff1c6566049bf04,0,byte,interleaved,4096,64,2,sample,811042.000,66.003,12288,12287,2541398277770908085
candidate,ad92282b0ac2b31311e7d17d2ff1c6566049bf04,0,byte,interleaved,4096,64,2,pipeline,1056833.000,86.005,12288,3291,8740643984117779911
candidate,ad92282b0ac2b31311e7d17d2ff1c6566049bf04,0,bit,interleaved,4096,64,0,sample,1146000.000,93.262,12288,12287,4677226453256643133
candidate,ad92282b0ac2b31311e7d17d2ff1c6566049bf04,0,bit,interleaved,4096,64,0,pipeline,1576500.000,128.296,12288,3291,8457345758596538803
candidate,ad92282b0ac2b31311e7d17d2ff1c6566049bf04,0,bit,interleaved,4096,64,1,sample,1149709.000,93.564,12288,12287,4677226453256643133
candidate,ad92282b0ac2b31311e7d17d2ff1c6566049bf04,0,bit,interleaved,4096,64,1,pipeline,1657417.000,134.881,12288,3291,8457345758596538803
candidate,ad92282b0ac2b31311e7d17d2ff1c6566049bf04,0,bit,interleaved,4096,64,2,sample,1149916.000,93.580,12288,12287,4677226453256643133
candidate,ad92282b0ac2b31311e7d17d2ff1c6566049bf04,0,bit,interleaved,4096,64,2,pipeline,1636042.000,133.141,12288,3291,8457345758596538803
candidate,ad92282b0ac2b31311e7d17d2ff1c6566049bf04,0,byte,duplicates,4096,64,0,sample,1163458.000,62.686,18560,18557,13127346576464094117
candidate,ad92282b0ac2b31311e7d17d2ff1c6566049bf04,0,byte,duplicates,4096,64,0,pipeline,1551125.000,83.574,18560,4188,17203385925024874436
candidate,ad92282b0ac2b31311e7d17d2ff1c6566049bf04,0,byte,duplicates,4096,64,1,sample,1281875.000,69.067,18560,18557,13127346576464094117
candidate,ad92282b0ac2b31311e7d17d2ff1c6566049bf04,0,byte,duplicates,4096,64,1,pipeline,1614000.000,86.961,18560,4188,17203385925024874436
candidate,ad92282b0ac2b31311e7d17d2ff1c6566049bf04,0,byte,duplicates,4096,64,2,sample,1179083.000,63.528,18560,18557,13127346576464094117
candidate,ad92282b0ac2b31311e7d17d2ff1c6566049bf04,0,byte,duplicates,4096,64,2,pipeline,1560833.000,84.097,18560,4188,17203385925024874436
candidate,ad92282b0ac2b31311e7d17d2ff1c6566049bf04,0,bit,duplicates,4096,64,0,sample,1835708.000,98.907,18560,18557,16868185080966085382
candidate,ad92282b0ac2b31311e7d17d2ff1c6566049bf04,0,bit,duplicates,4096,64,0,pipeline,2355750.000,126.926,18560,4188,4346119021820151492
candidate,ad92282b0ac2b31311e7d17d2ff1c6566049bf04,0,bit,duplicates,4096,64,1,sample,1674792.000,90.237,18560,18557,16868185080966085382
candidate,ad92282b0ac2b31311e7d17d2ff1c6566049bf04,0,bit,duplicates,4096,64,1,pipeline,2246834.000,121.058,18560,4188,4346119021820151492
candidate,ad92282b0ac2b31311e7d17d2ff1c6566049bf04,0,bit,duplicates,4096,64,2,sample,1646584.000,88.717,18560,18557,16868185080966085382
candidate,ad92282b0ac2b31311e7d17d2ff1c6566049bf04,0,bit,duplicates,4096,64,2,pipeline,2321750.000,125.094,18560,4188,4346119021820151492
candidate,ad92282b0ac2b31311e7d17d2ff1c6566049bf04,1,byte,interleaved,4096,64,0,sample,780917.000,63.551,12288,12287,2541398277770908085
candidate,ad92282b0ac2b31311e7d17d2ff1c6566049bf04,1,byte,interleaved,4096,64,0,pipeline,1200500.000,97.697,12288,3291,8740643984117779911
candidate,ad92282b0ac2b31311e7d17d2ff1c6566049bf04,1,byte,interleaved,4096,64,1,sample,789791.000,64.273,12288,12287,2541398277770908085
candidate,ad92282b0ac2b31311e7d17d2ff1c6566049bf04,1,byte,interleaved,4096,64,1,pipeline,1102250.000,89.701,12288,3291,8740643984117779911
candidate,ad92282b0ac2b31311e7d17d2ff1c6566049bf04,1,byte,interleaved,4096,64,2,sample,773541.000,62.951,12288,12287,2541398277770908085
candidate,ad92282b0ac2b31311e7d17d2ff1c6566049bf04,1,byte,interleaved,4096,64,2,pipeline,1129875.000,91.949,12288,3291,8740643984117779911
candidate,ad92282b0ac2b31311e7d17d2ff1c6566049bf04,1,bit,interleaved,4096,64,0,sample,1271167.000,103.448,12288,12287,4677226453256643133
candidate,ad92282b0ac2b31311e7d17d2ff1c6566049bf04,1,bit,interleaved,4096,64,0,pipeline,1616208.000,131.527,12288,3291,8457345758596538803
candidate,ad92282b0ac2b31311e7d17d2ff1c6566049bf04,1,bit,interleaved,4096,64,1,sample,1138583.000,92.658,12288,12287,4677226453256643133
candidate,ad92282b0ac2b31311e7d17d2ff1c6566049bf04,1,bit,interleaved,4096,64,1,pipeline,1617542.000,131.636,12288,3291,8457345758596538803
candidate,ad92282b0ac2b31311e7d17d2ff1c6566049bf04,1,bit,interleaved,4096,64,2,sample,1206458.000,98.182,12288,12287,4677226453256643133
candidate,ad92282b0ac2b31311e7d17d2ff1c6566049bf04,1,bit,interleaved,4096,64,2,pipeline,1576458.000,128.292,12288,3291,8457345758596538803
candidate,ad92282b0ac2b31311e7d17d2ff1c6566049bf04,1,byte,duplicates,4096,64,0,sample,1189000.000,64.062,18560,18557,13127346576464094117
candidate,ad92282b0ac2b31311e7d17d2ff1c6566049bf04,1,byte,duplicates,4096,64,0,pipeline,1558209.000,83.955,18560,4188,17203385925024874436
candidate,ad92282b0ac2b31311e7d17d2ff1c6566049bf04,1,byte,duplicates,4096,64,1,sample,1171375.000,63.113,18560,18557,13127346576464094117
candidate,ad92282b0ac2b31311e7d17d2ff1c6566049bf04,1,byte,duplicates,4096,64,1,pipeline,1653000.000,89.062,18560,4188,17203385925024874436
candidate,ad92282b0ac2b31311e7d17d2ff1c6566049bf04,1,byte,duplicates,4096,64,2,sample,1170750.000,63.079,18560,18557,13127346576464094117
candidate,ad92282b0ac2b31311e7d17d2ff1c6566049bf04,1,byte,duplicates,4096,64,2,pipeline,1537667.000,82.848,18560,4188,17203385925024874436
candidate,ad92282b0ac2b31311e7d17d2ff1c6566049bf04,1,bit,duplicates,4096,64,0,sample,1647583.000,88.771,18560,18557,16868185080966085382
candidate,ad92282b0ac2b31311e7d17d2ff1c6566049bf04,1,bit,duplicates,4096,64,0,pipeline,2235500.000,120.447,18560,4188,4346119021820151492
candidate,ad92282b0ac2b31311e7d17d2ff1c6566049bf04,1,bit,duplicates,4096,64,1,sample,1672125.000,90.093,18560,18557,16868185080966085382
candidate,ad92282b0ac2b31311e7d17d2ff1c6566049bf04,1,bit,duplicates,4096,64,1,pipeline,2291500.000,123.464,18560,4188,4346119021820151492
candidate,ad92282b0ac2b31311e7d17d2ff1c6566049bf04,1,bit,duplicates,4096,64,2,sample,1709708.000,92.118,18560,18557,16868185080966085382
candidate,ad92282b0ac2b31311e7d17d2ff1c6566049bf04,1,bit,duplicates,4096,64,2,pipeline,2325250.000,125.283,18560,4188,4346119021820151492
baseline,98f96161d2f67726864e205bc7599fff891c33dc,1,byte,interleaved,4096,64,0,sample,470208.000,38.266,12288,12287,2541398277770908085
baseline,98f96161d2f67726864e205bc7599fff891c33dc,1,byte,interleaved,4096,64,0,pipeline,798375.000,64.972,12288,3291,8740643984117779911
baseline,98f96161d2f67726864e205bc7599fff891c33dc,1,byte,interleaved,4096,64,1,sample,477791.000,38.883,12288,12287,2541398277770908085
baseline,98f96161d2f67726864e205bc7599fff891c33dc,1,byte,interleaved,4096,64,1,pipeline,801541.000,65.230,12288,3291,8740643984117779911
baseline,98f96161d2f67726864e205bc7599fff891c33dc,1,byte,interleaved,4096,64,2,sample,470708.000,38.306,12288,12287,2541398277770908085
baseline,98f96161d2f67726864e205bc7599fff891c33dc,1,byte,interleaved,4096,64,2,pipeline,883917.000,71.933,12288,3291,8740643984117779911
baseline,98f96161d2f67726864e205bc7599fff891c33dc,1,bit,interleaved,4096,64,0,sample,886458.000,72.140,12288,12287,4677226453256643133
baseline,98f96161d2f67726864e205bc7599fff891c33dc,1,bit,interleaved,4096,64,0,pipeline,1416458.000,115.272,12288,3291,8457345758596538803
baseline,98f96161d2f67726864e205bc7599fff891c33dc,1,bit,interleaved,4096,64,1,sample,939916.000,76.491,12288,12287,4677226453256643133
baseline,98f96161d2f67726864e205bc7599fff891c33dc,1,bit,interleaved,4096,64,1,pipeline,1354625.000,110.240,12288,3291,8457345758596538803
baseline,98f96161d2f67726864e205bc7599fff891c33dc,1,bit,interleaved,4096,64,2,sample,846125.000,68.858,12288,12287,4677226453256643133
baseline,98f96161d2f67726864e205bc7599fff891c33dc,1,bit,interleaved,4096,64,2,pipeline,1311250.000,106.710,12288,3291,8457345758596538803
baseline,98f96161d2f67726864e205bc7599fff891c33dc,1,byte,duplicates,4096,64,0,sample,812084.000,43.755,18560,18557,13127346576464094117
baseline,98f96161d2f67726864e205bc7599fff891c33dc,1,byte,duplicates,4096,64,0,pipeline,1213292.000,65.371,18560,4188,17203385925024874436
baseline,98f96161d2f67726864e205bc7599fff891c33dc,1,byte,duplicates,4096,64,1,sample,750708.000,40.448,18560,18557,13127346576464094117
baseline,98f96161d2f67726864e205bc7599fff891c33dc,1,byte,duplicates,4096,64,1,pipeline,1212500.000,65.329,18560,4188,17203385925024874436
baseline,98f96161d2f67726864e205bc7599fff891c33dc,1,byte,duplicates,4096,64,2,sample,710792.000,38.297,18560,18557,13127346576464094117
baseline,98f96161d2f67726864e205bc7599fff891c33dc,1,byte,duplicates,4096,64,2,pipeline,1175000.000,63.308,18560,4188,17203385925024874436
baseline,98f96161d2f67726864e205bc7599fff891c33dc,1,bit,duplicates,4096,64,0,sample,1215916.000,65.513,18560,18557,16868185080966085382
baseline,98f96161d2f67726864e205bc7599fff891c33dc,1,bit,duplicates,4096,64,0,pipeline,1866250.000,100.552,18560,4188,4346119021820151492
baseline,98f96161d2f67726864e205bc7599fff891c33dc,1,bit,duplicates,4096,64,1,sample,1220916.000,65.782,18560,18557,16868185080966085382
baseline,98f96161d2f67726864e205bc7599fff891c33dc,1,bit,duplicates,4096,64,1,pipeline,1988333.000,107.130,18560,4188,4346119021820151492
baseline,98f96161d2f67726864e205bc7599fff891c33dc,1,bit,duplicates,4096,64,2,sample,1208750.000,65.127,18560,18557,16868185080966085382
baseline,98f96161d2f67726864e205bc7599fff891c33dc,1,bit,duplicates,4096,64,2,pipeline,1795292.000,96.729,18560,4188,4346119021820151492
baseline,98f96161d2f67726864e205bc7599fff891c33dc,2,byte,interleaved,4096,64,0,sample,510500.000,41.545,12288,12287,2541398277770908085
baseline,98f96161d2f67726864e205bc7599fff891c33dc,2,byte,interleaved,4096,64,0,pipeline,841000.000,68.441,12288,3291,8740643984117779911
baseline,98f96161d2f67726864e205bc7599fff891c33dc,2,byte,interleaved,4096,64,1,sample,509083.000,41.429,12288,12287,2541398277770908085
baseline,98f96161d2f67726864e205bc7599fff891c33dc,2,byte,interleaved,4096,64,1,pipeline,843916.000,68.678,12288,3291,8740643984117779911
baseline,98f96161d2f67726864e205bc7599fff891c33dc,2,byte,interleaved,4096,64,2,sample,479875.000,39.052,12288,12287,2541398277770908085
baseline,98f96161d2f67726864e205bc7599fff891c33dc,2,byte,interleaved,4096,64,2,pipeline,834583.000,67.919,12288,3291,8740643984117779911
baseline,98f96161d2f67726864e205bc7599fff891c33dc,2,bit,interleaved,4096,64,0,sample,942334.000,76.687,12288,12287,4677226453256643133
baseline,98f96161d2f67726864e205bc7599fff891c33dc,2,bit,interleaved,4096,64,0,pipeline,1417959.000,115.394,12288,3291,8457345758596538803
baseline,98f96161d2f67726864e205bc7599fff891c33dc,2,bit,interleaved,4096,64,1,sample,853417.000,69.451,12288,12287,4677226453256643133
baseline,98f96161d2f67726864e205bc7599fff891c33dc,2,bit,interleaved,4096,64,1,pipeline,1313792.000,106.917,12288,3291,8457345758596538803
baseline,98f96161d2f67726864e205bc7599fff891c33dc,2,bit,interleaved,4096,64,2,sample,859334.000,69.933,12288,12287,4677226453256643133
baseline,98f96161d2f67726864e205bc7599fff891c33dc,2,bit,interleaved,4096,64,2,pipeline,1343458.000,109.331,12288,3291,8457345758596538803
baseline,98f96161d2f67726864e205bc7599fff891c33dc,2,byte,duplicates,4096,64,0,sample,717709.000,38.670,18560,18557,13127346576464094117
baseline,98f96161d2f67726864e205bc7599fff891c33dc,2,byte,duplicates,4096,64,0,pipeline,1176500.000,63.389,18560,4188,17203385925024874436
baseline,98f96161d2f67726864e205bc7599fff891c33dc,2,byte,duplicates,4096,64,1,sample,708625.000,38.180,18560,18557,13127346576464094117
baseline,98f96161d2f67726864e205bc7599fff891c33dc,2,byte,duplicates,4096,64,1,pipeline,1167542.000,62.906,18560,4188,17203385925024874436
baseline,98f96161d2f67726864e205bc7599fff891c33dc,2,byte,duplicates,4096,64,2,sample,708375.000,38.167,18560,18557,13127346576464094117
baseline,98f96161d2f67726864e205bc7599fff891c33dc,2,byte,duplicates,4096,64,2,pipeline,1170541.000,63.068,18560,4188,17203385925024874436
baseline,98f96161d2f67726864e205bc7599fff891c33dc,2,bit,duplicates,4096,64,0,sample,1186083.000,63.905,18560,18557,16868185080966085382
baseline,98f96161d2f67726864e205bc7599fff891c33dc,2,bit,duplicates,4096,64,0,pipeline,1813625.000,97.717,18560,4188,4346119021820151492
baseline,98f96161d2f67726864e205bc7599fff891c33dc,2,bit,duplicates,4096,64,1,sample,1236708.000,66.633,18560,18557,16868185080966085382
baseline,98f96161d2f67726864e205bc7599fff891c33dc,2,bit,duplicates,4096,64,1,pipeline,1861041.000,100.272,18560,4188,4346119021820151492
baseline,98f96161d2f67726864e205bc7599fff891c33dc,2,bit,duplicates,4096,64,2,sample,1215208.000,65.475,18560,18557,16868185080966085382
baseline,98f96161d2f67726864e205bc7599fff891c33dc,2,bit,duplicates,4096,64,2,pipeline,1893208.000,102.005,18560,4188,4346119021820151492
candidate,ad92282b0ac2b31311e7d17d2ff1c6566049bf04,2,byte,interleaved,4096,64,0,sample,812458.000,66.118,12288,12287,2541398277770908085
candidate,ad92282b0ac2b31311e7d17d2ff1c6566049bf04,2,byte,interleaved,4096,64,0,pipeline,1122000.000,91.309,12288,3291,8740643984117779911
candidate,ad92282b0ac2b31311e7d17d2ff1c6566049bf04,2,byte,interleaved,4096,64,1,sample,789959.000,64.287,12288,12287,2541398277770908085
candidate,ad92282b0ac2b31311e7d17d2ff1c6566049bf04,2,byte,interleaved,4096,64,1,pipeline,1206208.000,98.161,12288,3291,8740643984117779911
candidate,ad92282b0ac2b31311e7d17d2ff1c6566049bf04,2,byte,interleaved,4096,64,2,sample,773791.000,62.971,12288,12287,2541398277770908085
candidate,ad92282b0ac2b31311e7d17d2ff1c6566049bf04,2,byte,interleaved,4096,64,2,pipeline,1068916.000,86.989,12288,3291,8740643984117779911
candidate,ad92282b0ac2b31311e7d17d2ff1c6566049bf04,2,bit,interleaved,4096,64,0,sample,1136167.000,92.462,12288,12287,4677226453256643133
candidate,ad92282b0ac2b31311e7d17d2ff1c6566049bf04,2,bit,interleaved,4096,64,0,pipeline,1602042.000,130.375,12288,3291,8457345758596538803
candidate,ad92282b0ac2b31311e7d17d2ff1c6566049bf04,2,bit,interleaved,4096,64,1,sample,1129916.000,91.953,12288,12287,4677226453256643133
candidate,ad92282b0ac2b31311e7d17d2ff1c6566049bf04,2,bit,interleaved,4096,64,1,pipeline,1557375.000,126.740,12288,3291,8457345758596538803
candidate,ad92282b0ac2b31311e7d17d2ff1c6566049bf04,2,bit,interleaved,4096,64,2,sample,1134333.000,92.312,12288,12287,4677226453256643133
candidate,ad92282b0ac2b31311e7d17d2ff1c6566049bf04,2,bit,interleaved,4096,64,2,pipeline,1615583.000,131.476,12288,3291,8457345758596538803
candidate,ad92282b0ac2b31311e7d17d2ff1c6566049bf04,2,byte,duplicates,4096,64,0,sample,1183209.000,63.750,18560,18557,13127346576464094117
candidate,ad92282b0ac2b31311e7d17d2ff1c6566049bf04,2,byte,duplicates,4096,64,0,pipeline,1540000.000,82.974,18560,4188,17203385925024874436
candidate,ad92282b0ac2b31311e7d17d2ff1c6566049bf04,2,byte,duplicates,4096,64,1,sample,1164917.000,62.765,18560,18557,13127346576464094117
candidate,ad92282b0ac2b31311e7d17d2ff1c6566049bf04,2,byte,duplicates,4096,64,1,pipeline,1649208.000,88.858,18560,4188,17203385925024874436
candidate,ad92282b0ac2b31311e7d17d2ff1c6566049bf04,2,byte,duplicates,4096,64,2,sample,1171875.000,63.140,18560,18557,13127346576464094117
candidate,ad92282b0ac2b31311e7d17d2ff1c6566049bf04,2,byte,duplicates,4096,64,2,pipeline,1551333.000,83.585,18560,4188,17203385925024874436
candidate,ad92282b0ac2b31311e7d17d2ff1c6566049bf04,2,bit,duplicates,4096,64,0,sample,1693917.000,91.267,18560,18557,16868185080966085382
candidate,ad92282b0ac2b31311e7d17d2ff1c6566049bf04,2,bit,duplicates,4096,64,0,pipeline,2358625.000,127.081,18560,4188,4346119021820151492
candidate,ad92282b0ac2b31311e7d17d2ff1c6566049bf04,2,bit,duplicates,4096,64,1,sample,1827666.000,98.473,18560,18557,16868185080966085382
candidate,ad92282b0ac2b31311e7d17d2ff1c6566049bf04,2,bit,duplicates,4096,64,1,pipeline,2227792.000,120.032,18560,4188,4346119021820151492
candidate,ad92282b0ac2b31311e7d17d2ff1c6566049bf04,2,bit,duplicates,4096,64,2,sample,1628625.000,87.749,18560,18557,16868185080966085382
candidate,ad92282b0ac2b31311e7d17d2ff1c6566049bf04,2,bit,duplicates,4096,64,2,pipeline,2271208.000,122.371,18560,4188,4346119021820151492
candidate,ad92282b0ac2b31311e7d17d2ff1c6566049bf04,3,byte,interleaved,4096,64,0,sample,891834.000,72.578,12288,12287,2541398277770908085
candidate,ad92282b0ac2b31311e7d17d2ff1c6566049bf04,3,byte,interleaved,4096,64,0,pipeline,1059208.000,86.199,12288,3291,8740643984117779911
candidate,ad92282b0ac2b31311e7d17d2ff1c6566049bf04,3,byte,interleaved,4096,64,1,sample,766791.000,62.402,12288,12287,2541398277770908085
candidate,ad92282b0ac2b31311e7d17d2ff1c6566049bf04,3,byte,interleaved,4096,64,1,pipeline,1056958.000,86.015,12288,3291,8740643984117779911
candidate,ad92282b0ac2b31311e7d17d2ff1c6566049bf04,3,byte,interleaved,4096,64,2,sample,767833.000,62.486,12288,12287,2541398277770908085
candidate,ad92282b0ac2b31311e7d17d2ff1c6566049bf04,3,byte,interleaved,4096,64,2,pipeline,1047292.000,85.229,12288,3291,8740643984117779911
candidate,ad92282b0ac2b31311e7d17d2ff1c6566049bf04,3,bit,interleaved,4096,64,0,sample,1142292.000,92.960,12288,12287,4677226453256643133
candidate,ad92282b0ac2b31311e7d17d2ff1c6566049bf04,3,bit,interleaved,4096,64,0,pipeline,1671084.000,135.993,12288,3291,8457345758596538803
candidate,ad92282b0ac2b31311e7d17d2ff1c6566049bf04,3,bit,interleaved,4096,64,1,sample,1137416.000,92.563,12288,12287,4677226453256643133
candidate,ad92282b0ac2b31311e7d17d2ff1c6566049bf04,3,bit,interleaved,4096,64,1,pipeline,1596250.000,129.903,12288,3291,8457345758596538803
candidate,ad92282b0ac2b31311e7d17d2ff1c6566049bf04,3,bit,interleaved,4096,64,2,sample,1139667.000,92.746,12288,12287,4677226453256643133
candidate,ad92282b0ac2b31311e7d17d2ff1c6566049bf04,3,bit,interleaved,4096,64,2,pipeline,1601250.000,130.310,12288,3291,8457345758596538803
candidate,ad92282b0ac2b31311e7d17d2ff1c6566049bf04,3,byte,duplicates,4096,64,0,sample,1225084.000,66.007,18560,18557,13127346576464094117
candidate,ad92282b0ac2b31311e7d17d2ff1c6566049bf04,3,byte,duplicates,4096,64,0,pipeline,1554917.000,83.778,18560,4188,17203385925024874436
candidate,ad92282b0ac2b31311e7d17d2ff1c6566049bf04,3,byte,duplicates,4096,64,1,sample,1219833.000,65.724,18560,18557,13127346576464094117
candidate,ad92282b0ac2b31311e7d17d2ff1c6566049bf04,3,byte,duplicates,4096,64,1,pipeline,1678792.000,90.452,18560,4188,17203385925024874436
candidate,ad92282b0ac2b31311e7d17d2ff1c6566049bf04,3,byte,duplicates,4096,64,2,sample,1171083.000,63.097,18560,18557,13127346576464094117
candidate,ad92282b0ac2b31311e7d17d2ff1c6566049bf04,3,byte,duplicates,4096,64,2,pipeline,1564334.000,84.285,18560,4188,17203385925024874436
candidate,ad92282b0ac2b31311e7d17d2ff1c6566049bf04,3,bit,duplicates,4096,64,0,sample,1660792.000,89.482,18560,18557,16868185080966085382
candidate,ad92282b0ac2b31311e7d17d2ff1c6566049bf04,3,bit,duplicates,4096,64,0,pipeline,2417833.000,130.271,18560,4188,4346119021820151492
candidate,ad92282b0ac2b31311e7d17d2ff1c6566049bf04,3,bit,duplicates,4096,64,1,sample,1701958.000,91.700,18560,18557,16868185080966085382
candidate,ad92282b0ac2b31311e7d17d2ff1c6566049bf04,3,bit,duplicates,4096,64,1,pipeline,2194833.000,118.256,18560,4188,4346119021820151492
candidate,ad92282b0ac2b31311e7d17d2ff1c6566049bf04,3,bit,duplicates,4096,64,2,sample,1649833.000,88.892,18560,18557,16868185080966085382
candidate,ad92282b0ac2b31311e7d17d2ff1c6566049bf04,3,bit,duplicates,4096,64,2,pipeline,2214167.000,119.298,18560,4188,4346119021820151492
baseline,98f96161d2f67726864e205bc7599fff891c33dc,3,byte,interleaved,4096,64,0,sample,468125.000,38.096,12288,12287,2541398277770908085
baseline,98f96161d2f67726864e205bc7599fff891c33dc,3,byte,interleaved,4096,64,0,pipeline,806833.000,65.660,12288,3291,8740643984117779911
baseline,98f96161d2f67726864e205bc7599fff891c33dc,3,byte,interleaved,4096,64,1,sample,463709.000,37.737,12288,12287,2541398277770908085
baseline,98f96161d2f67726864e205bc7599fff891c33dc,3,byte,interleaved,4096,64,1,pipeline,804125.000,65.440,12288,3291,8740643984117779911
baseline,98f96161d2f67726864e205bc7599fff891c33dc,3,byte,interleaved,4096,64,2,sample,500792.000,40.755,12288,12287,2541398277770908085
baseline,98f96161d2f67726864e205bc7599fff891c33dc,3,byte,interleaved,4096,64,2,pipeline,818583.000,66.616,12288,3291,8740643984117779911
baseline,98f96161d2f67726864e205bc7599fff891c33dc,3,bit,interleaved,4096,64,0,sample,886083.000,72.110,12288,12287,4677226453256643133
baseline,98f96161d2f67726864e205bc7599fff891c33dc,3,bit,interleaved,4096,64,0,pipeline,1326417.000,107.944,12288,3291,8457345758596538803
baseline,98f96161d2f67726864e205bc7599fff891c33dc,3,bit,interleaved,4096,64,1,sample,837917.000,68.190,12288,12287,4677226453256643133
baseline,98f96161d2f67726864e205bc7599fff891c33dc,3,bit,interleaved,4096,64,1,pipeline,1338916.000,108.961,12288,3291,8457345758596538803
baseline,98f96161d2f67726864e205bc7599fff891c33dc,3,bit,interleaved,4096,64,2,sample,864875.000,70.384,12288,12287,4677226453256643133
baseline,98f96161d2f67726864e205bc7599fff891c33dc,3,bit,interleaved,4096,64,2,pipeline,1342292.000,109.236,12288,3291,8457345758596538803
baseline,98f96161d2f67726864e205bc7599fff891c33dc,3,byte,duplicates,4096,64,0,sample,758167.000,40.850,18560,18557,13127346576464094117
baseline,98f96161d2f67726864e205bc7599fff891c33dc,3,byte,duplicates,4096,64,0,pipeline,1285084.000,69.239,18560,4188,17203385925024874436
baseline,98f96161d2f67726864e205bc7599fff891c33dc,3,byte,duplicates,4096,64,1,sample,752166.000,40.526,18560,18557,13127346576464094117
baseline,98f96161d2f67726864e205bc7599fff891c33dc,3,byte,duplicates,4096,64,1,pipeline,1266875.000,68.258,18560,4188,17203385925024874436
baseline,98f96161d2f67726864e205bc7599fff891c33dc,3,byte,duplicates,4096,64,2,sample,733334.000,39.512,18560,18557,13127346576464094117
baseline,98f96161d2f67726864e205bc7599fff891c33dc,3,byte,duplicates,4096,64,2,pipeline,1223000.000,65.894,18560,4188,17203385925024874436
baseline,98f96161d2f67726864e205bc7599fff891c33dc,3,bit,duplicates,4096,64,0,sample,1201500.000,64.736,18560,18557,16868185080966085382
baseline,98f96161d2f67726864e205bc7599fff891c33dc,3,bit,duplicates,4096,64,0,pipeline,1819792.000,98.049,18560,4188,4346119021820151492
baseline,98f96161d2f67726864e205bc7599fff891c33dc,3,bit,duplicates,4096,64,1,sample,1179208.000,63.535,18560,18557,16868185080966085382
baseline,98f96161d2f67726864e205bc7599fff891c33dc,3,bit,duplicates,4096,64,1,pipeline,1917833.000,103.332,18560,4188,4346119021820151492
baseline,98f96161d2f67726864e205bc7599fff891c33dc,3,bit,duplicates,4096,64,2,sample,1193708.000,64.316,18560,18557,16868185080966085382
baseline,98f96161d2f67726864e205bc7599fff891c33dc,3,bit,duplicates,4096,64,2,pipeline,1845625.000,99.441,18560,4188,4346119021820151492
baseline,98f96161d2f67726864e205bc7599fff891c33dc,4,byte,interleaved,4096,64,0,sample,490000.000,39.876,12288,12287,2541398277770908085
baseline,98f96161d2f67726864e205bc7599fff891c33dc,4,byte,interleaved,4096,64,0,pipeline,805375.000,65.542,12288,3291,8740643984117779911
baseline,98f96161d2f67726864e205bc7599fff891c33dc,4,byte,interleaved,4096,64,1,sample,466417.000,37.957,12288,12287,2541398277770908085
baseline,98f96161d2f67726864e205bc7599fff891c33dc,4,byte,interleaved,4096,64,1,pipeline,849042.000,69.095,12288,3291,8740643984117779911
baseline,98f96161d2f67726864e205bc7599fff891c33dc,4,byte,interleaved,4096,64,2,sample,467834.000,38.072,12288,12287,2541398277770908085
baseline,98f96161d2f67726864e205bc7599fff891c33dc,4,byte,interleaved,4096,64,2,pipeline,802375.000,65.297,12288,3291,8740643984117779911
baseline,98f96161d2f67726864e205bc7599fff891c33dc,4,bit,interleaved,4096,64,0,sample,875250.000,71.228,12288,12287,4677226453256643133
baseline,98f96161d2f67726864e205bc7599fff891c33dc,4,bit,interleaved,4096,64,0,pipeline,1386208.000,112.810,12288,3291,8457345758596538803
baseline,98f96161d2f67726864e205bc7599fff891c33dc,4,bit,interleaved,4096,64,1,sample,851459.000,69.292,12288,12287,4677226453256643133
baseline,98f96161d2f67726864e205bc7599fff891c33dc,4,bit,interleaved,4096,64,1,pipeline,1329375.000,108.185,12288,3291,8457345758596538803
baseline,98f96161d2f67726864e205bc7599fff891c33dc,4,bit,interleaved,4096,64,2,sample,858125.000,69.834,12288,12287,4677226453256643133
baseline,98f96161d2f67726864e205bc7599fff891c33dc,4,bit,interleaved,4096,64,2,pipeline,1373792.000,111.799,12288,3291,8457345758596538803
baseline,98f96161d2f67726864e205bc7599fff891c33dc,4,byte,duplicates,4096,64,0,sample,707208.000,38.104,18560,18557,13127346576464094117
baseline,98f96161d2f67726864e205bc7599fff891c33dc,4,byte,duplicates,4096,64,0,pipeline,1230459.000,66.296,18560,4188,17203385925024874436
baseline,98f96161d2f67726864e205bc7599fff891c33dc,4,byte,duplicates,4096,64,1,sample,707250.000,38.106,18560,18557,13127346576464094117
baseline,98f96161d2f67726864e205bc7599fff891c33dc,4,byte,duplicates,4096,64,1,pipeline,1194208.000,64.343,18560,4188,17203385925024874436
baseline,98f96161d2f67726864e205bc7599fff891c33dc,4,byte,duplicates,4096,64,2,sample,720208.000,38.804,18560,18557,13127346576464094117
baseline,98f96161d2f67726864e205bc7599fff891c33dc,4,byte,duplicates,4096,64,2,pipeline,1175833.000,63.353,18560,4188,17203385925024874436
baseline,98f96161d2f67726864e205bc7599fff891c33dc,4,bit,duplicates,4096,64,0,sample,1195459.000,64.411,18560,18557,16868185080966085382
baseline,98f96161d2f67726864e205bc7599fff891c33dc,4,bit,duplicates,4096,64,0,pipeline,1820583.000,98.092,18560,4188,4346119021820151492
baseline,98f96161d2f67726864e205bc7599fff891c33dc,4,bit,duplicates,4096,64,1,sample,1286875.000,69.336,18560,18557,16868185080966085382
baseline,98f96161d2f67726864e205bc7599fff891c33dc,4,bit,duplicates,4096,64,1,pipeline,1832500.000,98.734,18560,4188,4346119021820151492
baseline,98f96161d2f67726864e205bc7599fff891c33dc,4,bit,duplicates,4096,64,2,sample,1241500.000,66.891,18560,18557,16868185080966085382
baseline,98f96161d2f67726864e205bc7599fff891c33dc,4,bit,duplicates,4096,64,2,pipeline,1835166.000,98.877,18560,4188,4346119021820151492
candidate,ad92282b0ac2b31311e7d17d2ff1c6566049bf04,4,byte,interleaved,4096,64,0,sample,779625.000,63.446,12288,12287,2541398277770908085
candidate,ad92282b0ac2b31311e7d17d2ff1c6566049bf04,4,byte,interleaved,4096,64,0,pipeline,1101209.000,89.617,12288,3291,8740643984117779911
candidate,ad92282b0ac2b31311e7d17d2ff1c6566049bf04,4,byte,interleaved,4096,64,1,sample,776542.000,63.195,12288,12287,2541398277770908085
candidate,ad92282b0ac2b31311e7d17d2ff1c6566049bf04,4,byte,interleaved,4096,64,1,pipeline,1049000.000,85.368,12288,3291,8740643984117779911
candidate,ad92282b0ac2b31311e7d17d2ff1c6566049bf04,4,byte,interleaved,4096,64,2,sample,765625.000,62.307,12288,12287,2541398277770908085
candidate,ad92282b0ac2b31311e7d17d2ff1c6566049bf04,4,byte,interleaved,4096,64,2,pipeline,1054459.000,85.812,12288,3291,8740643984117779911
candidate,ad92282b0ac2b31311e7d17d2ff1c6566049bf04,4,bit,interleaved,4096,64,0,sample,1163000.000,94.645,12288,12287,4677226453256643133
candidate,ad92282b0ac2b31311e7d17d2ff1c6566049bf04,4,bit,interleaved,4096,64,0,pipeline,1621708.000,131.975,12288,3291,8457345758596538803
candidate,ad92282b0ac2b31311e7d17d2ff1c6566049bf04,4,bit,interleaved,4096,64,1,sample,1200375.000,97.687,12288,12287,4677226453256643133
candidate,ad92282b0ac2b31311e7d17d2ff1c6566049bf04,4,bit,interleaved,4096,64,1,pipeline,1617709.000,131.649,12288,3291,8457345758596538803
candidate,ad92282b0ac2b31311e7d17d2ff1c6566049bf04,4,bit,interleaved,4096,64,2,sample,1132000.000,92.122,12288,12287,4677226453256643133
candidate,ad92282b0ac2b31311e7d17d2ff1c6566049bf04,4,bit,interleaved,4096,64,2,pipeline,1550750.000,126.200,12288,3291,8457345758596538803
candidate,ad92282b0ac2b31311e7d17d2ff1c6566049bf04,4,byte,duplicates,4096,64,0,sample,1187833.000,64.000,18560,18557,13127346576464094117
candidate,ad92282b0ac2b31311e7d17d2ff1c6566049bf04,4,byte,duplicates,4096,64,0,pipeline,1548625.000,83.439,18560,4188,17203385925024874436
candidate,ad92282b0ac2b31311e7d17d2ff1c6566049bf04,4,byte,duplicates,4096,64,1,sample,1204167.000,64.880,18560,18557,13127346576464094117
candidate,ad92282b0ac2b31311e7d17d2ff1c6566049bf04,4,byte,duplicates,4096,64,1,pipeline,1593708.000,85.868,18560,4188,17203385925024874436
candidate,ad92282b0ac2b31311e7d17d2ff1c6566049bf04,4,byte,duplicates,4096,64,2,sample,1179416.000,63.546,18560,18557,13127346576464094117
candidate,ad92282b0ac2b31311e7d17d2ff1c6566049bf04,4,byte,duplicates,4096,64,2,pipeline,1537375.000,82.833,18560,4188,17203385925024874436
candidate,ad92282b0ac2b31311e7d17d2ff1c6566049bf04,4,bit,duplicates,4096,64,0,sample,1757167.000,94.675,18560,18557,16868185080966085382
candidate,ad92282b0ac2b31311e7d17d2ff1c6566049bf04,4,bit,duplicates,4096,64,0,pipeline,2226625.000,119.969,18560,4188,4346119021820151492
candidate,ad92282b0ac2b31311e7d17d2ff1c6566049bf04,4,bit,duplicates,4096,64,1,sample,1659166.000,89.395,18560,18557,16868185080966085382
candidate,ad92282b0ac2b31311e7d17d2ff1c6566049bf04,4,bit,duplicates,4096,64,1,pipeline,2196417.000,118.341,18560,4188,4346119021820151492
candidate,ad92282b0ac2b31311e7d17d2ff1c6566049bf04,4,bit,duplicates,4096,64,2,sample,1681875.000,90.618,18560,18557,16868185080966085382
candidate,ad92282b0ac2b31311e7d17d2ff1c6566049bf04,4,bit,duplicates,4096,64,2,pipeline,2253750.000,121.430,18560,4188,4346119021820151492
baseline,98f96161d2f67726864e205bc7599fff891c33dc,0,byte,interleaved,4096,128,0,sample,491167.000,39.971,12288,12287,15014217241958309973
baseline,98f96161d2f67726864e205bc7599fff891c33dc,0,byte,interleaved,4096,128,0,pipeline,834625.000,67.922,12288,3291,6462609879385636753
baseline,98f96161d2f67726864e205bc7599fff891c33dc,0,byte,interleaved,4096,128,1,sample,505125.000,41.107,12288,12287,15014217241958309973
baseline,98f96161d2f67726864e205bc7599fff891c33dc,0,byte,interleaved,4096,128,1,pipeline,857166.000,69.756,12288,3291,6462609879385636753
baseline,98f96161d2f67726864e205bc7599fff891c33dc,0,byte,interleaved,4096,128,2,sample,494417.000,40.236,12288,12287,15014217241958309973
baseline,98f96161d2f67726864e205bc7599fff891c33dc,0,byte,interleaved,4096,128,2,pipeline,829833.000,67.532,12288,3291,6462609879385636753
baseline,98f96161d2f67726864e205bc7599fff891c33dc,0,bit,interleaved,4096,128,0,sample,891750.000,72.571,12288,12287,4039585579405648745
baseline,98f96161d2f67726864e205bc7599fff891c33dc,0,bit,interleaved,4096,128,0,pipeline,1383125.000,112.559,12288,3291,1236584128191163935
baseline,98f96161d2f67726864e205bc7599fff891c33dc,0,bit,interleaved,4096,128,1,sample,892125.000,72.601,12288,12287,4039585579405648745
baseline,98f96161d2f67726864e205bc7599fff891c33dc,0,bit,interleaved,4096,128,1,pipeline,1336625.000,108.775,12288,3291,1236584128191163935
baseline,98f96161d2f67726864e205bc7599fff891c33dc,0,bit,interleaved,4096,128,2,sample,877125.000,71.381,12288,12287,4039585579405648745
baseline,98f96161d2f67726864e205bc7599fff891c33dc,0,bit,interleaved,4096,128,2,pipeline,1402083.000,114.102,12288,3291,1236584128191163935
baseline,98f96161d2f67726864e205bc7599fff891c33dc,0,byte,duplicates,4096,128,0,sample,756708.000,40.771,18560,18557,12923659425046939777
baseline,98f96161d2f67726864e205bc7599fff891c33dc,0,byte,duplicates,4096,128,0,pipeline,1342166.000,72.315,18560,4188,16403353188396907004
baseline,98f96161d2f67726864e205bc7599fff891c33dc,0,byte,duplicates,4096,128,1,sample,755750.000,40.719,18560,18557,12923659425046939777
baseline,98f96161d2f67726864e205bc7599fff891c33dc,0,byte,duplicates,4096,128,1,pipeline,1227542.000,66.139,18560,4188,16403353188396907004
baseline,98f96161d2f67726864e205bc7599fff891c33dc,0,byte,duplicates,4096,128,2,sample,740958.000,39.922,18560,18557,12923659425046939777
baseline,98f96161d2f67726864e205bc7599fff891c33dc,0,byte,duplicates,4096,128,2,pipeline,1220916.000,65.782,18560,4188,16403353188396907004
baseline,98f96161d2f67726864e205bc7599fff891c33dc,0,bit,duplicates,4096,128,0,sample,1267166.000,68.274,18560,18557,9763645790499849738
baseline,98f96161d2f67726864e205bc7599fff891c33dc,0,bit,duplicates,4096,128,0,pipeline,2087000.000,112.446,18560,4188,17302790615910417922
baseline,98f96161d2f67726864e205bc7599fff891c33dc,0,bit,duplicates,4096,128,1,sample,1234458.000,66.512,18560,18557,9763645790499849738
baseline,98f96161d2f67726864e205bc7599fff891c33dc,0,bit,duplicates,4096,128,1,pipeline,1869333.000,100.718,18560,4188,17302790615910417922
baseline,98f96161d2f67726864e205bc7599fff891c33dc,0,bit,duplicates,4096,128,2,sample,1275667.000,68.732,18560,18557,9763645790499849738
baseline,98f96161d2f67726864e205bc7599fff891c33dc,0,bit,duplicates,4096,128,2,pipeline,1946083.000,104.854,18560,4188,17302790615910417922
candidate,ad92282b0ac2b31311e7d17d2ff1c6566049bf04,0,byte,interleaved,4096,128,0,sample,625292.000,50.886,12288,12287,15014217241958309973
candidate,ad92282b0ac2b31311e7d17d2ff1c6566049bf04,0,byte,interleaved,4096,128,0,pipeline,935167.000,76.104,12288,3291,6462609879385636753
candidate,ad92282b0ac2b31311e7d17d2ff1c6566049bf04,0,byte,interleaved,4096,128,1,sample,579833.000,47.187,12288,12287,15014217241958309973
candidate,ad92282b0ac2b31311e7d17d2ff1c6566049bf04,0,byte,interleaved,4096,128,1,pipeline,894333.000,72.781,12288,3291,6462609879385636753
candidate,ad92282b0ac2b31311e7d17d2ff1c6566049bf04,0,byte,interleaved,4096,128,2,sample,598250.000,48.686,12288,12287,15014217241958309973
candidate,ad92282b0ac2b31311e7d17d2ff1c6566049bf04,0,byte,interleaved,4096,128,2,pipeline,902500.000,73.446,12288,3291,6462609879385636753
candidate,ad92282b0ac2b31311e7d17d2ff1c6566049bf04,0,bit,interleaved,4096,128,0,sample,898959.000,73.157,12288,12287,4039585579405648745
candidate,ad92282b0ac2b31311e7d17d2ff1c6566049bf04,0,bit,interleaved,4096,128,0,pipeline,1379084.000,112.230,12288,3291,1236584128191163935
candidate,ad92282b0ac2b31311e7d17d2ff1c6566049bf04,0,bit,interleaved,4096,128,1,sample,896791.000,72.981,12288,12287,4039585579405648745
candidate,ad92282b0ac2b31311e7d17d2ff1c6566049bf04,0,bit,interleaved,4096,128,1,pipeline,1318333.000,107.286,12288,3291,1236584128191163935
candidate,ad92282b0ac2b31311e7d17d2ff1c6566049bf04,0,bit,interleaved,4096,128,2,sample,939000.000,76.416,12288,12287,4039585579405648745
candidate,ad92282b0ac2b31311e7d17d2ff1c6566049bf04,0,bit,interleaved,4096,128,2,pipeline,1426791.000,116.113,12288,3291,1236584128191163935
candidate,ad92282b0ac2b31311e7d17d2ff1c6566049bf04,0,byte,duplicates,4096,128,0,sample,804458.000,43.344,18560,18557,12923659425046939777
candidate,ad92282b0ac2b31311e7d17d2ff1c6566049bf04,0,byte,duplicates,4096,128,0,pipeline,1181375.000,63.652,18560,4188,16403353188396907004
candidate,ad92282b0ac2b31311e7d17d2ff1c6566049bf04,0,byte,duplicates,4096,128,1,sample,788708.000,42.495,18560,18557,12923659425046939777
candidate,ad92282b0ac2b31311e7d17d2ff1c6566049bf04,0,byte,duplicates,4096,128,1,pipeline,1177375.000,63.436,18560,4188,16403353188396907004
candidate,ad92282b0ac2b31311e7d17d2ff1c6566049bf04,0,byte,duplicates,4096,128,2,sample,821250.000,44.248,18560,18557,12923659425046939777
candidate,ad92282b0ac2b31311e7d17d2ff1c6566049bf04,0,byte,duplicates,4096,128,2,pipeline,1245500.000,67.107,18560,4188,16403353188396907004
candidate,ad92282b0ac2b31311e7d17d2ff1c6566049bf04,0,bit,duplicates,4096,128,0,sample,1238208.000,66.714,18560,18557,9763645790499849738
candidate,ad92282b0ac2b31311e7d17d2ff1c6566049bf04,0,bit,duplicates,4096,128,0,pipeline,1828125.000,98.498,18560,4188,17302790615910417922
candidate,ad92282b0ac2b31311e7d17d2ff1c6566049bf04,0,bit,duplicates,4096,128,1,sample,1220208.000,65.744,18560,18557,9763645790499849738
candidate,ad92282b0ac2b31311e7d17d2ff1c6566049bf04,0,bit,duplicates,4096,128,1,pipeline,1793458.000,96.630,18560,4188,17302790615910417922
candidate,ad92282b0ac2b31311e7d17d2ff1c6566049bf04,0,bit,duplicates,4096,128,2,sample,1253375.000,67.531,18560,18557,9763645790499849738
candidate,ad92282b0ac2b31311e7d17d2ff1c6566049bf04,0,bit,duplicates,4096,128,2,pipeline,1824083.000,98.280,18560,4188,17302790615910417922
candidate,ad92282b0ac2b31311e7d17d2ff1c6566049bf04,1,byte,interleaved,4096,128,0,sample,661708.000,53.850,12288,12287,15014217241958309973
candidate,ad92282b0ac2b31311e7d17d2ff1c6566049bf04,1,byte,interleaved,4096,128,0,pipeline,892000.000,72.591,12288,3291,6462609879385636753
candidate,ad92282b0ac2b31311e7d17d2ff1c6566049bf04,1,byte,interleaved,4096,128,1,sample,585084.000,47.614,12288,12287,15014217241958309973
candidate,ad92282b0ac2b31311e7d17d2ff1c6566049bf04,1,byte,interleaved,4096,128,1,pipeline,864750.000,70.374,12288,3291,6462609879385636753
candidate,ad92282b0ac2b31311e7d17d2ff1c6566049bf04,1,byte,interleaved,4096,128,2,sample,583959.000,47.523,12288,12287,15014217241958309973
candidate,ad92282b0ac2b31311e7d17d2ff1c6566049bf04,1,byte,interleaved,4096,128,2,pipeline,895541.000,72.879,12288,3291,6462609879385636753
candidate,ad92282b0ac2b31311e7d17d2ff1c6566049bf04,1,bit,interleaved,4096,128,0,sample,892250.000,72.611,12288,12287,4039585579405648745
candidate,ad92282b0ac2b31311e7d17d2ff1c6566049bf04,1,bit,interleaved,4096,128,0,pipeline,1333000.000,108.480,12288,3291,1236584128191163935
candidate,ad92282b0ac2b31311e7d17d2ff1c6566049bf04,1,bit,interleaved,4096,128,1,sample,885000.000,72.021,12288,12287,4039585579405648745
candidate,ad92282b0ac2b31311e7d17d2ff1c6566049bf04,1,bit,interleaved,4096,128,1,pipeline,1432833.000,116.604,12288,3291,1236584128191163935
candidate,ad92282b0ac2b31311e7d17d2ff1c6566049bf04,1,bit,interleaved,4096,128,2,sample,935583.000,76.138,12288,12287,4039585579405648745
candidate,ad92282b0ac2b31311e7d17d2ff1c6566049bf04,1,bit,interleaved,4096,128,2,pipeline,1427667.000,116.184,12288,3291,1236584128191163935
candidate,ad92282b0ac2b31311e7d17d2ff1c6566049bf04,1,byte,duplicates,4096,128,0,sample,790917.000,42.614,18560,18557,12923659425046939777
candidate,ad92282b0ac2b31311e7d17d2ff1c6566049bf04,1,byte,duplicates,4096,128,0,pipeline,1182167.000,63.694,18560,4188,16403353188396907004
candidate,ad92282b0ac2b31311e7d17d2ff1c6566049bf04,1,byte,duplicates,4096,128,1,sample,803250.000,43.279,18560,18557,12923659425046939777
candidate,ad92282b0ac2b31311e7d17d2ff1c6566049bf04,1,byte,duplicates,4096,128,1,pipeline,1174500.000,63.281,18560,4188,16403353188396907004
candidate,ad92282b0ac2b31311e7d17d2ff1c6566049bf04,1,byte,duplicates,4096,128,2,sample,792750.000,42.713,18560,18557,12923659425046939777
candidate,ad92282b0ac2b31311e7d17d2ff1c6566049bf04,1,byte,duplicates,4096,128,2,pipeline,1215375.000,65.484,18560,4188,16403353188396907004
candidate,ad92282b0ac2b31311e7d17d2ff1c6566049bf04,1,bit,duplicates,4096,128,0,sample,1229375.000,66.238,18560,18557,9763645790499849738
candidate,ad92282b0ac2b31311e7d17d2ff1c6566049bf04,1,bit,duplicates,4096,128,0,pipeline,1813167.000,97.692,18560,4188,17302790615910417922
candidate,ad92282b0ac2b31311e7d17d2ff1c6566049bf04,1,bit,duplicates,4096,128,1,sample,1232541.000,66.408,18560,18557,9763645790499849738
candidate,ad92282b0ac2b31311e7d17d2ff1c6566049bf04,1,bit,duplicates,4096,128,1,pipeline,1875250.000,101.037,18560,4188,17302790615910417922
candidate,ad92282b0ac2b31311e7d17d2ff1c6566049bf04,1,bit,duplicates,4096,128,2,sample,1250417.000,67.372,18560,18557,9763645790499849738
candidate,ad92282b0ac2b31311e7d17d2ff1c6566049bf04,1,bit,duplicates,4096,128,2,pipeline,1863917.000,100.427,18560,4188,17302790615910417922
baseline,98f96161d2f67726864e205bc7599fff891c33dc,1,byte,interleaved,4096,128,0,sample,499500.000,40.649,12288,12287,15014217241958309973
baseline,98f96161d2f67726864e205bc7599fff891c33dc,1,byte,interleaved,4096,128,0,pipeline,924666.000,75.250,12288,3291,6462609879385636753
baseline,98f96161d2f67726864e205bc7599fff891c33dc,1,byte,interleaved,4096,128,1,sample,490791.000,39.941,12288,12287,15014217241958309973
baseline,98f96161d2f67726864e205bc7599fff891c33dc,1,byte,interleaved,4096,128,1,pipeline,896875.000,72.988,12288,3291,6462609879385636753
baseline,98f96161d2f67726864e205bc7599fff891c33dc,1,byte,interleaved,4096,128,2,sample,509833.000,41.490,12288,12287,15014217241958309973
baseline,98f96161d2f67726864e205bc7599fff891c33dc,1,byte,interleaved,4096,128,2,pipeline,887875.000,72.255,12288,3291,6462609879385636753
baseline,98f96161d2f67726864e205bc7599fff891c33dc,1,bit,interleaved,4096,128,0,sample,888916.000,72.340,12288,12287,4039585579405648745
baseline,98f96161d2f67726864e205bc7599fff891c33dc,1,bit,interleaved,4096,128,0,pipeline,1506292.000,122.582,12288,3291,1236584128191163935
baseline,98f96161d2f67726864e205bc7599fff891c33dc,1,bit,interleaved,4096,128,1,sample,871917.000,70.957,12288,12287,4039585579405648745
baseline,98f96161d2f67726864e205bc7599fff891c33dc,1,bit,interleaved,4096,128,1,pipeline,1353875.000,110.179,12288,3291,1236584128191163935
baseline,98f96161d2f67726864e205bc7599fff891c33dc,1,bit,interleaved,4096,128,2,sample,883166.000,71.872,12288,12287,4039585579405648745
baseline,98f96161d2f67726864e205bc7599fff891c33dc,1,bit,interleaved,4096,128,2,pipeline,1434666.000,116.753,12288,3291,1236584128191163935
baseline,98f96161d2f67726864e205bc7599fff891c33dc,1,byte,duplicates,4096,128,0,sample,775875.000,41.804,18560,18557,12923659425046939777
baseline,98f96161d2f67726864e205bc7599fff891c33dc,1,byte,duplicates,4096,128,0,pipeline,1268375.000,68.339,18560,4188,16403353188396907004
baseline,98f96161d2f67726864e205bc7599fff891c33dc,1,byte,duplicates,4096,128,1,sample,765542.000,41.247,18560,18557,12923659425046939777
baseline,98f96161d2f67726864e205bc7599fff891c33dc,1,byte,duplicates,4096,128,1,pipeline,1263291.000,68.065,18560,4188,16403353188396907004
baseline,98f96161d2f67726864e205bc7599fff891c33dc,1,byte,duplicates,4096,128,2,sample,750542.000,40.439,18560,18557,12923659425046939777
baseline,98f96161d2f67726864e205bc7599fff891c33dc,1,byte,duplicates,4096,128,2,pipeline,1234416.000,66.509,18560,4188,16403353188396907004
baseline,98f96161d2f67726864e205bc7599fff891c33dc,1,bit,duplicates,4096,128,0,sample,1239125.000,66.763,18560,18557,9763645790499849738
baseline,98f96161d2f67726864e205bc7599fff891c33dc,1,bit,duplicates,4096,128,0,pipeline,1894667.000,102.083,18560,4188,17302790615910417922
baseline,98f96161d2f67726864e205bc7599fff891c33dc,1,bit,duplicates,4096,128,1,sample,1371042.000,73.871,18560,18557,9763645790499849738
baseline,98f96161d2f67726864e205bc7599fff891c33dc,1,bit,duplicates,4096,128,1,pipeline,1964292.000,105.835,18560,4188,17302790615910417922
baseline,98f96161d2f67726864e205bc7599fff891c33dc,1,bit,duplicates,4096,128,2,sample,1239000.000,66.756,18560,18557,9763645790499849738
baseline,98f96161d2f67726864e205bc7599fff891c33dc,1,bit,duplicates,4096,128,2,pipeline,1943875.000,104.735,18560,4188,17302790615910417922
baseline,98f96161d2f67726864e205bc7599fff891c33dc,2,byte,interleaved,4096,128,0,sample,493042.000,40.124,12288,12287,15014217241958309973
baseline,98f96161d2f67726864e205bc7599fff891c33dc,2,byte,interleaved,4096,128,0,pipeline,885959.000,72.100,12288,3291,6462609879385636753
baseline,98f96161d2f67726864e205bc7599fff891c33dc,2,byte,interleaved,4096,128,1,sample,523917.000,42.636,12288,12287,15014217241958309973
baseline,98f96161d2f67726864e205bc7599fff891c33dc,2,byte,interleaved,4096,128,1,pipeline,876417.000,71.323,12288,3291,6462609879385636753
baseline,98f96161d2f67726864e205bc7599fff891c33dc,2,byte,interleaved,4096,128,2,sample,510667.000,41.558,12288,12287,15014217241958309973
baseline,98f96161d2f67726864e205bc7599fff891c33dc,2,byte,interleaved,4096,128,2,pipeline,870917.000,70.875,12288,3291,6462609879385636753
baseline,98f96161d2f67726864e205bc7599fff891c33dc,2,bit,interleaved,4096,128,0,sample,937875.000,76.324,12288,12287,4039585579405648745
baseline,98f96161d2f67726864e205bc7599fff891c33dc,2,bit,interleaved,4096,128,0,pipeline,1368541.000,111.372,12288,3291,1236584128191163935
baseline,98f96161d2f67726864e205bc7599fff891c33dc,2,bit,interleaved,4096,128,1,sample,900625.000,73.293,12288,12287,4039585579405648745
baseline,98f96161d2f67726864e205bc7599fff891c33dc,2,bit,interleaved,4096,128,1,pipeline,1379083.000,112.230,12288,3291,1236584128191163935
baseline,98f96161d2f67726864e205bc7599fff891c33dc,2,bit,interleaved,4096,128,2,sample,897500.000,73.039,12288,12287,4039585579405648745
baseline,98f96161d2f67726864e205bc7599fff891c33dc,2,bit,interleaved,4096,128,2,pipeline,1445625.000,117.645,12288,3291,1236584128191163935
baseline,98f96161d2f67726864e205bc7599fff891c33dc,2,byte,duplicates,4096,128,0,sample,757750.000,40.827,18560,18557,12923659425046939777
baseline,98f96161d2f67726864e205bc7599fff891c33dc,2,byte,duplicates,4096,128,0,pipeline,1243708.000,67.010,18560,4188,16403353188396907004
baseline,98f96161d2f67726864e205bc7599fff891c33dc,2,byte,duplicates,4096,128,1,sample,747750.000,40.288,18560,18557,12923659425046939777
baseline,98f96161d2f67726864e205bc7599fff891c33dc,2,byte,duplicates,4096,128,1,pipeline,1245125.000,67.086,18560,4188,16403353188396907004
baseline,98f96161d2f67726864e205bc7599fff891c33dc,2,byte,duplicates,4096,128,2,sample,779209.000,41.983,18560,18557,12923659425046939777
baseline,98f96161d2f67726864e205bc7599fff891c33dc,2,byte,duplicates,4096,128,2,pipeline,1332667.000,71.803,18560,4188,16403353188396907004
baseline,98f96161d2f67726864e205bc7599fff891c33dc,2,bit,duplicates,4096,128,0,sample,1226417.000,66.079,18560,18557,9763645790499849738
baseline,98f96161d2f67726864e205bc7599fff891c33dc,2,bit,duplicates,4096,128,0,pipeline,1862250.000,100.337,18560,4188,17302790615910417922
baseline,98f96161d2f67726864e205bc7599fff891c33dc,2,bit,duplicates,4096,128,1,sample,1248750.000,67.282,18560,18557,9763645790499849738
baseline,98f96161d2f67726864e205bc7599fff891c33dc,2,bit,duplicates,4096,128,1,pipeline,2017625.000,108.708,18560,4188,17302790615910417922
baseline,98f96161d2f67726864e205bc7599fff891c33dc,2,bit,duplicates,4096,128,2,sample,1234917.000,66.536,18560,18557,9763645790499849738
baseline,98f96161d2f67726864e205bc7599fff891c33dc,2,bit,duplicates,4096,128,2,pipeline,1977167.000,106.528,18560,4188,17302790615910417922
candidate,ad92282b0ac2b31311e7d17d2ff1c6566049bf04,2,byte,interleaved,4096,128,0,sample,592708.000,48.235,12288,12287,15014217241958309973
candidate,ad92282b0ac2b31311e7d17d2ff1c6566049bf04,2,byte,interleaved,4096,128,0,pipeline,884083.000,71.947,12288,3291,6462609879385636753
candidate,ad92282b0ac2b31311e7d17d2ff1c6566049bf04,2,byte,interleaved,4096,128,1,sample,599208.000,48.764,12288,12287,15014217241958309973
candidate,ad92282b0ac2b31311e7d17d2ff1c6566049bf04,2,byte,interleaved,4096,128,1,pipeline,927166.000,75.453,12288,3291,6462609879385636753
candidate,ad92282b0ac2b31311e7d17d2ff1c6566049bf04,2,byte,interleaved,4096,128,2,sample,599000.000,48.747,12288,12287,15014217241958309973
candidate,ad92282b0ac2b31311e7d17d2ff1c6566049bf04,2,byte,interleaved,4096,128,2,pipeline,906458.000,73.768,12288,3291,6462609879385636753
candidate,ad92282b0ac2b31311e7d17d2ff1c6566049bf04,2,bit,interleaved,4096,128,0,sample,886542.000,72.147,12288,12287,4039585579405648745
candidate,ad92282b0ac2b31311e7d17d2ff1c6566049bf04,2,bit,interleaved,4096,128,0,pipeline,1321166.000,107.517,12288,3291,1236584128191163935
candidate,ad92282b0ac2b31311e7d17d2ff1c6566049bf04,2,bit,interleaved,4096,128,1,sample,879166.000,71.547,12288,12287,4039585579405648745
candidate,ad92282b0ac2b31311e7d17d2ff1c6566049bf04,2,bit,interleaved,4096,128,1,pipeline,1314125.000,106.944,12288,3291,1236584128191163935
candidate,ad92282b0ac2b31311e7d17d2ff1c6566049bf04,2,bit,interleaved,4096,128,2,sample,901500.000,73.364,12288,12287,4039585579405648745
candidate,ad92282b0ac2b31311e7d17d2ff1c6566049bf04,2,bit,interleaved,4096,128,2,pipeline,1335541.000,108.687,12288,3291,1236584128191163935
candidate,ad92282b0ac2b31311e7d17d2ff1c6566049bf04,2,byte,duplicates,4096,128,0,sample,793916.000,42.776,18560,18557,12923659425046939777
candidate,ad92282b0ac2b31311e7d17d2ff1c6566049bf04,2,byte,duplicates,4096,128,0,pipeline,1173375.000,63.221,18560,4188,16403353188396907004
candidate,ad92282b0ac2b31311e7d17d2ff1c6566049bf04,2,byte,duplicates,4096,128,1,sample,796166.000,42.897,18560,18557,12923659425046939777
candidate,ad92282b0ac2b31311e7d17d2ff1c6566049bf04,2,byte,duplicates,4096,128,1,pipeline,1165375.000,62.790,18560,4188,16403353188396907004
candidate,ad92282b0ac2b31311e7d17d2ff1c6566049bf04,2,byte,duplicates,4096,128,2,sample,790625.000,42.598,18560,18557,12923659425046939777
candidate,ad92282b0ac2b31311e7d17d2ff1c6566049bf04,2,byte,duplicates,4096,128,2,pipeline,1164166.000,62.724,18560,4188,16403353188396907004
candidate,ad92282b0ac2b31311e7d17d2ff1c6566049bf04,2,bit,duplicates,4096,128,0,sample,1224417.000,65.971,18560,18557,9763645790499849738
candidate,ad92282b0ac2b31311e7d17d2ff1c6566049bf04,2,bit,duplicates,4096,128,0,pipeline,1795625.000,96.747,18560,4188,17302790615910417922
candidate,ad92282b0ac2b31311e7d17d2ff1c6566049bf04,2,bit,duplicates,4096,128,1,sample,1210500.000,65.221,18560,18557,9763645790499849738
candidate,ad92282b0ac2b31311e7d17d2ff1c6566049bf04,2,bit,duplicates,4096,128,1,pipeline,1977417.000,106.542,18560,4188,17302790615910417922
candidate,ad92282b0ac2b31311e7d17d2ff1c6566049bf04,2,bit,duplicates,4096,128,2,sample,1258792.000,67.823,18560,18557,9763645790499849738
candidate,ad92282b0ac2b31311e7d17d2ff1c6566049bf04,2,bit,duplicates,4096,128,2,pipeline,1864708.000,100.469,18560,4188,17302790615910417922
candidate,ad92282b0ac2b31311e7d17d2ff1c6566049bf04,3,byte,interleaved,4096,128,0,sample,642000.000,52.246,12288,12287,15014217241958309973
candidate,ad92282b0ac2b31311e7d17d2ff1c6566049bf04,3,byte,interleaved,4096,128,0,pipeline,939166.000,76.430,12288,3291,6462609879385636753
candidate,ad92282b0ac2b31311e7d17d2ff1c6566049bf04,3,byte,interleaved,4096,128,1,sample,617250.000,50.232,12288,12287,15014217241958309973
candidate,ad92282b0ac2b31311e7d17d2ff1c6566049bf04,3,byte,interleaved,4096,128,1,pipeline,901584.000,73.371,12288,3291,6462609879385636753
candidate,ad92282b0ac2b31311e7d17d2ff1c6566049bf04,3,byte,interleaved,4096,128,2,sample,580083.000,47.207,12288,12287,15014217241958309973
candidate,ad92282b0ac2b31311e7d17d2ff1c6566049bf04,3,byte,interleaved,4096,128,2,pipeline,871959.000,70.960,12288,3291,6462609879385636753
candidate,ad92282b0ac2b31311e7d17d2ff1c6566049bf04,3,bit,interleaved,4096,128,0,sample,885125.000,72.032,12288,12287,4039585579405648745
candidate,ad92282b0ac2b31311e7d17d2ff1c6566049bf04,3,bit,interleaved,4096,128,0,pipeline,1318750.000,107.320,12288,3291,1236584128191163935
candidate,ad92282b0ac2b31311e7d17d2ff1c6566049bf04,3,bit,interleaved,4096,128,1,sample,888250.000,72.286,12288,12287,4039585579405648745
candidate,ad92282b0ac2b31311e7d17d2ff1c6566049bf04,3,bit,interleaved,4096,128,1,pipeline,1394875.000,113.515,12288,3291,1236584128191163935
candidate,ad92282b0ac2b31311e7d17d2ff1c6566049bf04,3,bit,interleaved,4096,128,2,sample,943958.000,76.819,12288,12287,4039585579405648745
candidate,ad92282b0ac2b31311e7d17d2ff1c6566049bf04,3,bit,interleaved,4096,128,2,pipeline,1346458.000,109.575,12288,3291,1236584128191163935
candidate,ad92282b0ac2b31311e7d17d2ff1c6566049bf04,3,byte,duplicates,4096,128,0,sample,791333.000,42.636,18560,18557,12923659425046939777
candidate,ad92282b0ac2b31311e7d17d2ff1c6566049bf04,3,byte,duplicates,4096,128,0,pipeline,1180667.000,63.614,18560,4188,16403353188396907004
candidate,ad92282b0ac2b31311e7d17d2ff1c6566049bf04,3,byte,duplicates,4096,128,1,sample,811541.000,43.725,18560,18557,12923659425046939777
candidate,ad92282b0ac2b31311e7d17d2ff1c6566049bf04,3,byte,duplicates,4096,128,1,pipeline,1262125.000,68.002,18560,4188,16403353188396907004
candidate,ad92282b0ac2b31311e7d17d2ff1c6566049bf04,3,byte,duplicates,4096,128,2,sample,882375.000,47.542,18560,18557,12923659425046939777
candidate,ad92282b0ac2b31311e7d17d2ff1c6566049bf04,3,byte,duplicates,4096,128,2,pipeline,1274417.000,68.665,18560,4188,16403353188396907004
candidate,ad92282b0ac2b31311e7d17d2ff1c6566049bf04,3,bit,duplicates,4096,128,0,sample,1346083.000,72.526,18560,18557,9763645790499849738
candidate,ad92282b0ac2b31311e7d17d2ff1c6566049bf04,3,bit,duplicates,4096,128,0,pipeline,1799500.000,96.956,18560,4188,17302790615910417922
candidate,ad92282b0ac2b31311e7d17d2ff1c6566049bf04,3,bit,duplicates,4096,128,1,sample,1212292.000,65.317,18560,18557,9763645790499849738
candidate,ad92282b0ac2b31311e7d17d2ff1c6566049bf04,3,bit,duplicates,4096,128,1,pipeline,1762625.000,94.969,18560,4188,17302790615910417922
candidate,ad92282b0ac2b31311e7d17d2ff1c6566049bf04,3,bit,duplicates,4096,128,2,sample,1210334.000,65.212,18560,18557,9763645790499849738
candidate,ad92282b0ac2b31311e7d17d2ff1c6566049bf04,3,bit,duplicates,4096,128,2,pipeline,1776458.000,95.714,18560,4188,17302790615910417922
baseline,98f96161d2f67726864e205bc7599fff891c33dc,3,byte,interleaved,4096,128,0,sample,513583.000,41.795,12288,12287,15014217241958309973
baseline,98f96161d2f67726864e205bc7599fff891c33dc,3,byte,interleaved,4096,128,0,pipeline,955292.000,77.742,12288,3291,6462609879385636753
baseline,98f96161d2f67726864e205bc7599fff891c33dc,3,byte,interleaved,4096,128,1,sample,524250.000,42.664,12288,12287,15014217241958309973
baseline,98f96161d2f67726864e205bc7599fff891c33dc,3,byte,interleaved,4096,128,1,pipeline,866250.000,70.496,12288,3291,6462609879385636753
baseline,98f96161d2f67726864e205bc7599fff891c33dc,3,byte,interleaved,4096,128,2,sample,499917.000,40.683,12288,12287,15014217241958309973
baseline,98f96161d2f67726864e205bc7599fff891c33dc,3,byte,interleaved,4096,128,2,pipeline,917750.000,74.687,12288,3291,6462609879385636753
baseline,98f96161d2f67726864e205bc7599fff891c33dc,3,bit,interleaved,4096,128,0,sample,899667.000,73.215,12288,12287,4039585579405648745
baseline,98f96161d2f67726864e205bc7599fff891c33dc,3,bit,interleaved,4096,128,0,pipeline,1360209.000,110.694,12288,3291,1236584128191163935
baseline,98f96161d2f67726864e205bc7599fff891c33dc,3,bit,interleaved,4096,128,1,sample,869458.000,70.757,12288,12287,4039585579405648745
baseline,98f96161d2f67726864e205bc7599fff891c33dc,3,bit,interleaved,4096,128,1,pipeline,1459500.000,118.774,12288,3291,1236584128191163935
baseline,98f96161d2f67726864e205bc7599fff891c33dc,3,bit,interleaved,4096,128,2,sample,865333.000,70.421,12288,12287,4039585579405648745
baseline,98f96161d2f67726864e205bc7599fff891c33dc,3,bit,interleaved,4096,128,2,pipeline,1402875.000,114.166,12288,3291,1236584128191163935
baseline,98f96161d2f67726864e205bc7599fff891c33dc,3,byte,duplicates,4096,128,0,sample,796084.000,42.892,18560,18557,12923659425046939777
baseline,98f96161d2f67726864e205bc7599fff891c33dc,3,byte,duplicates,4096,128,0,pipeline,1288166.000,69.405,18560,4188,16403353188396907004
baseline,98f96161d2f67726864e205bc7599fff891c33dc,3,byte,duplicates,4096,128,1,sample,741209.000,39.936,18560,18557,12923659425046939777
baseline,98f96161d2f67726864e205bc7599fff891c33dc,3,byte,duplicates,4096,128,1,pipeline,1232959.000,66.431,18560,4188,16403353188396907004
baseline,98f96161d2f67726864e205bc7599fff891c33dc,3,byte,duplicates,4096,128,2,sample,761250.000,41.016,18560,18557,12923659425046939777
baseline,98f96161d2f67726864e205bc7599fff891c33dc,3,byte,duplicates,4096,128,2,pipeline,1240750.000,66.851,18560,4188,16403353188396907004
baseline,98f96161d2f67726864e205bc7599fff891c33dc,3,bit,duplicates,4096,128,0,sample,1265042.000,68.160,18560,18557,9763645790499849738
baseline,98f96161d2f67726864e205bc7599fff891c33dc,3,bit,duplicates,4096,128,0,pipeline,1942375.000,104.654,18560,4188,17302790615910417922
baseline,98f96161d2f67726864e205bc7599fff891c33dc,3,bit,duplicates,4096,128,1,sample,1234708.000,66.525,18560,18557,9763645790499849738
baseline,98f96161d2f67726864e205bc7599fff891c33dc,3,bit,duplicates,4096,128,1,pipeline,1950708.000,105.103,18560,4188,17302790615910417922
baseline,98f96161d2f67726864e205bc7599fff891c33dc,3,bit,duplicates,4096,128,2,sample,1254083.000,67.569,18560,18557,9763645790499849738
baseline,98f96161d2f67726864e205bc7599fff891c33dc,3,bit,duplicates,4096,128,2,pipeline,1862167.000,100.332,18560,4188,17302790615910417922
baseline,98f96161d2f67726864e205bc7599fff891c33dc,4,byte,interleaved,4096,128,0,sample,493500.000,40.161,12288,12287,15014217241958309973
baseline,98f96161d2f67726864e205bc7599fff891c33dc,4,byte,interleaved,4096,128,0,pipeline,868875.000,70.709,12288,3291,6462609879385636753
baseline,98f96161d2f67726864e205bc7599fff891c33dc,4,byte,interleaved,4096,128,1,sample,493334.000,40.148,12288,12287,15014217241958309973
baseline,98f96161d2f67726864e205bc7599fff891c33dc,4,byte,interleaved,4096,128,1,pipeline,854417.000,69.533,12288,3291,6462609879385636753
baseline,98f96161d2f67726864e205bc7599fff891c33dc,4,byte,interleaved,4096,128,2,sample,502250.000,40.873,12288,12287,15014217241958309973
baseline,98f96161d2f67726864e205bc7599fff891c33dc,4,byte,interleaved,4096,128,2,pipeline,863834.000,70.299,12288,3291,6462609879385636753
baseline,98f96161d2f67726864e205bc7599fff891c33dc,4,bit,interleaved,4096,128,0,sample,884042.000,71.944,12288,12287,4039585579405648745
baseline,98f96161d2f67726864e205bc7599fff891c33dc,4,bit,interleaved,4096,128,0,pipeline,1384125.000,112.640,12288,3291,1236584128191163935
baseline,98f96161d2f67726864e205bc7599fff891c33dc,4,bit,interleaved,4096,128,1,sample,880041.000,71.618,12288,12287,4039585579405648745
baseline,98f96161d2f67726864e205bc7599fff891c33dc,4,bit,interleaved,4096,128,1,pipeline,1403542.000,114.221,12288,3291,1236584128191163935
baseline,98f96161d2f67726864e205bc7599fff891c33dc,4,bit,interleaved,4096,128,2,sample,882500.000,71.818,12288,12287,4039585579405648745
baseline,98f96161d2f67726864e205bc7599fff891c33dc,4,bit,interleaved,4096,128,2,pipeline,1381500.000,112.427,12288,3291,1236584128191163935
baseline,98f96161d2f67726864e205bc7599fff891c33dc,4,byte,duplicates,4096,128,0,sample,760375.000,40.968,18560,18557,12923659425046939777
baseline,98f96161d2f67726864e205bc7599fff891c33dc,4,byte,duplicates,4096,128,0,pipeline,1251584.000,67.434,18560,4188,16403353188396907004
baseline,98f96161d2f67726864e205bc7599fff891c33dc,4,byte,duplicates,4096,128,1,sample,766459.000,41.296,18560,18557,12923659425046939777
baseline,98f96161d2f67726864e205bc7599fff891c33dc,4,byte,duplicates,4096,128,1,pipeline,1325417.000,71.413,18560,4188,16403353188396907004
baseline,98f96161d2f67726864e205bc7599fff891c33dc,4,byte,duplicates,4096,128,2,sample,785417.000,42.318,18560,18557,12923659425046939777
baseline,98f96161d2f67726864e205bc7599fff891c33dc,4,byte,duplicates,4096,128,2,pipeline,1281333.000,69.037,18560,4188,16403353188396907004
baseline,98f96161d2f67726864e205bc7599fff891c33dc,4,bit,duplicates,4096,128,0,sample,1250750.000,67.390,18560,18557,9763645790499849738
baseline,98f96161d2f67726864e205bc7599fff891c33dc,4,bit,duplicates,4096,128,0,pipeline,1871125.000,100.815,18560,4188,17302790615910417922
baseline,98f96161d2f67726864e205bc7599fff891c33dc,4,bit,duplicates,4096,128,1,sample,1223875.000,65.942,18560,18557,9763645790499849738
baseline,98f96161d2f67726864e205bc7599fff891c33dc,4,bit,duplicates,4096,128,1,pipeline,1889333.000,101.796,18560,4188,17302790615910417922
baseline,98f96161d2f67726864e205bc7599fff891c33dc,4,bit,duplicates,4096,128,2,sample,1270542.000,68.456,18560,18557,9763645790499849738
baseline,98f96161d2f67726864e205bc7599fff891c33dc,4,bit,duplicates,4096,128,2,pipeline,1909667.000,102.892,18560,4188,17302790615910417922
candidate,ad92282b0ac2b31311e7d17d2ff1c6566049bf04,4,byte,interleaved,4096,128,0,sample,582125.000,47.373,12288,12287,15014217241958309973
candidate,ad92282b0ac2b31311e7d17d2ff1c6566049bf04,4,byte,interleaved,4096,128,0,pipeline,936584.000,76.219,12288,3291,6462609879385636753
candidate,ad92282b0ac2b31311e7d17d2ff1c6566049bf04,4,byte,interleaved,4096,128,1,sample,587416.000,47.804,12288,12287,15014217241958309973
candidate,ad92282b0ac2b31311e7d17d2ff1c6566049bf04,4,byte,interleaved,4096,128,1,pipeline,872708.000,71.021,12288,3291,6462609879385636753
candidate,ad92282b0ac2b31311e7d17d2ff1c6566049bf04,4,byte,interleaved,4096,128,2,sample,600125.000,48.838,12288,12287,15014217241958309973
candidate,ad92282b0ac2b31311e7d17d2ff1c6566049bf04,4,byte,interleaved,4096,128,2,pipeline,943833.000,76.809,12288,3291,6462609879385636753
candidate,ad92282b0ac2b31311e7d17d2ff1c6566049bf04,4,bit,interleaved,4096,128,0,sample,886542.000,72.147,12288,12287,4039585579405648745
candidate,ad92282b0ac2b31311e7d17d2ff1c6566049bf04,4,bit,interleaved,4096,128,0,pipeline,1328833.000,108.141,12288,3291,1236584128191163935
candidate,ad92282b0ac2b31311e7d17d2ff1c6566049bf04,4,bit,interleaved,4096,128,1,sample,910833.000,74.124,12288,12287,4039585579405648745
candidate,ad92282b0ac2b31311e7d17d2ff1c6566049bf04,4,bit,interleaved,4096,128,1,pipeline,1340000.000,109.049,12288,3291,1236584128191163935
candidate,ad92282b0ac2b31311e7d17d2ff1c6566049bf04,4,bit,interleaved,4096,128,2,sample,936000.000,76.172,12288,12287,4039585579405648745
candidate,ad92282b0ac2b31311e7d17d2ff1c6566049bf04,4,bit,interleaved,4096,128,2,pipeline,1472750.000,119.853,12288,3291,1236584128191163935
candidate,ad92282b0ac2b31311e7d17d2ff1c6566049bf04,4,byte,duplicates,4096,128,0,sample,794875.000,42.827,18560,18557,12923659425046939777
candidate,ad92282b0ac2b31311e7d17d2ff1c6566049bf04,4,byte,duplicates,4096,128,0,pipeline,1199583.000,64.633,18560,4188,16403353188396907004
candidate,ad92282b0ac2b31311e7d17d2ff1c6566049bf04,4,byte,duplicates,4096,128,1,sample,886875.000,47.784,18560,18557,12923659425046939777
candidate,ad92282b0ac2b31311e7d17d2ff1c6566049bf04,4,byte,duplicates,4096,128,1,pipeline,1241875.000,66.911,18560,4188,16403353188396907004
candidate,ad92282b0ac2b31311e7d17d2ff1c6566049bf04,4,byte,duplicates,4096,128,2,sample,797875.000,42.989,18560,18557,12923659425046939777
candidate,ad92282b0ac2b31311e7d17d2ff1c6566049bf04,4,byte,duplicates,4096,128,2,pipeline,1181333.000,63.649,18560,4188,16403353188396907004
candidate,ad92282b0ac2b31311e7d17d2ff1c6566049bf04,4,bit,duplicates,4096,128,0,sample,1236792.000,66.638,18560,18557,9763645790499849738
candidate,ad92282b0ac2b31311e7d17d2ff1c6566049bf04,4,bit,duplicates,4096,128,0,pipeline,1887000.000,101.670,18560,4188,17302790615910417922
candidate,ad92282b0ac2b31311e7d17d2ff1c6566049bf04,4,bit,duplicates,4096,128,1,sample,1261584.000,67.973,18560,18557,9763645790499849738
candidate,ad92282b0ac2b31311e7d17d2ff1c6566049bf04,4,bit,duplicates,4096,128,1,pipeline,1800167.000,96.992,18560,4188,17302790615910417922
candidate,ad92282b0ac2b31311e7d17d2ff1c6566049bf04,4,bit,duplicates,4096,128,2,sample,1239250.000,66.770,18560,18557,9763645790499849738
candidate,ad92282b0ac2b31311e7d17d2ff1c6566049bf04,4,bit,duplicates,4096,128,2,pipeline,1815792.000,97.834,18560,4188,17302790615910417922
baseline,98f96161d2f67726864e205bc7599fff891c33dc,0,byte,interleaved,4096,256,0,sample,579792.000,47.184,12288,12287,15234824909277193901
baseline,98f96161d2f67726864e205bc7599fff891c33dc,0,byte,interleaved,4096,256,0,pipeline,978667.000,79.644,12288,3291,2136286492418905256
baseline,98f96161d2f67726864e205bc7599fff891c33dc,0,byte,interleaved,4096,256,1,sample,575750.000,46.855,12288,12287,15234824909277193901
baseline,98f96161d2f67726864e205bc7599fff891c33dc,0,byte,interleaved,4096,256,1,pipeline,982458.000,79.953,12288,3291,2136286492418905256
baseline,98f96161d2f67726864e205bc7599fff891c33dc,0,byte,interleaved,4096,256,2,sample,552542.000,44.966,12288,12287,15234824909277193901
baseline,98f96161d2f67726864e205bc7599fff891c33dc,0,byte,interleaved,4096,256,2,pipeline,960250.000,78.145,12288,3291,2136286492418905256
baseline,98f96161d2f67726864e205bc7599fff891c33dc,0,bit,interleaved,4096,256,0,sample,971250.000,79.041,12288,12287,16224018269888773233
baseline,98f96161d2f67726864e205bc7599fff891c33dc,0,bit,interleaved,4096,256,0,pipeline,1448625.000,117.889,12288,3291,14509446816710878132
baseline,98f96161d2f67726864e205bc7599fff891c33dc,0,bit,interleaved,4096,256,1,sample,941542.000,76.623,12288,12287,16224018269888773233
baseline,98f96161d2f67726864e205bc7599fff891c33dc,0,bit,interleaved,4096,256,1,pipeline,1440375.000,117.218,12288,3291,14509446816710878132
baseline,98f96161d2f67726864e205bc7599fff891c33dc,0,bit,interleaved,4096,256,2,sample,1032625.000,84.035,12288,12287,16224018269888773233
baseline,98f96161d2f67726864e205bc7599fff891c33dc,0,bit,interleaved,4096,256,2,pipeline,1473958.000,119.951,12288,3291,14509446816710878132
baseline,98f96161d2f67726864e205bc7599fff891c33dc,0,byte,duplicates,4096,256,0,sample,866791.000,46.702,18560,18557,1679975457493596345
baseline,98f96161d2f67726864e205bc7599fff891c33dc,0,byte,duplicates,4096,256,0,pipeline,1406000.000,75.754,18560,4188,9231858508344181296
baseline,98f96161d2f67726864e205bc7599fff891c33dc,0,byte,duplicates,4096,256,1,sample,860833.000,46.381,18560,18557,1679975457493596345
baseline,98f96161d2f67726864e205bc7599fff891c33dc,0,byte,duplicates,4096,256,1,pipeline,1496250.000,80.617,18560,4188,9231858508344181296
baseline,98f96161d2f67726864e205bc7599fff891c33dc,0,byte,duplicates,4096,256,2,sample,842833.000,45.411,18560,18557,1679975457493596345
baseline,98f96161d2f67726864e205bc7599fff891c33dc,0,byte,duplicates,4096,256,2,pipeline,1394500.000,75.135,18560,4188,9231858508344181296
baseline,98f96161d2f67726864e205bc7599fff891c33dc,0,bit,duplicates,4096,256,0,sample,1324708.000,71.374,18560,18557,3918200539344112658
baseline,98f96161d2f67726864e205bc7599fff891c33dc,0,bit,duplicates,4096,256,0,pipeline,2045375.000,110.203,18560,4188,1201076196652855081
baseline,98f96161d2f67726864e205bc7599fff891c33dc,0,bit,duplicates,4096,256,1,sample,1374500.000,74.057,18560,18557,3918200539344112658
baseline,98f96161d2f67726864e205bc7599fff891c33dc,0,bit,duplicates,4096,256,1,pipeline,2124375.000,114.460,18560,4188,1201076196652855081
baseline,98f96161d2f67726864e205bc7599fff891c33dc,0,bit,duplicates,4096,256,2,sample,1349209.000,72.694,18560,18557,3918200539344112658
baseline,98f96161d2f67726864e205bc7599fff891c33dc,0,bit,duplicates,4096,256,2,pipeline,2044292.000,110.145,18560,4188,1201076196652855081
candidate,ad92282b0ac2b31311e7d17d2ff1c6566049bf04,0,byte,interleaved,4096,256,0,sample,601000.000,48.910,12288,12287,15234824909277193901
candidate,ad92282b0ac2b31311e7d17d2ff1c6566049bf04,0,byte,interleaved,4096,256,0,pipeline,913334.000,74.327,12288,3291,2136286492418905256
candidate,ad92282b0ac2b31311e7d17d2ff1c6566049bf04,0,byte,interleaved,4096,256,1,sample,620208.000,50.473,12288,12287,15234824909277193901
candidate,ad92282b0ac2b31311e7d17d2ff1c6566049bf04,0,byte,interleaved,4096,256,1,pipeline,912875.000,74.290,12288,3291,2136286492418905256
candidate,ad92282b0ac2b31311e7d17d2ff1c6566049bf04,0,byte,interleaved,4096,256,2,sample,583875.000,47.516,12288,12287,15234824909277193901
candidate,ad92282b0ac2b31311e7d17d2ff1c6566049bf04,0,byte,interleaved,4096,256,2,pipeline,908750.000,73.954,12288,3291,2136286492418905256
candidate,ad92282b0ac2b31311e7d17d2ff1c6566049bf04,0,bit,interleaved,4096,256,0,sample,927375.000,75.470,12288,12287,16224018269888773233
candidate,ad92282b0ac2b31311e7d17d2ff1c6566049bf04,0,bit,interleaved,4096,256,0,pipeline,1512042.000,123.050,12288,3291,14509446816710878132
candidate,ad92282b0ac2b31311e7d17d2ff1c6566049bf04,0,bit,interleaved,4096,256,1,sample,905333.000,73.676,12288,12287,16224018269888773233
candidate,ad92282b0ac2b31311e7d17d2ff1c6566049bf04,0,bit,interleaved,4096,256,1,pipeline,1416084.000,115.241,12288,3291,14509446816710878132
candidate,ad92282b0ac2b31311e7d17d2ff1c6566049bf04,0,bit,interleaved,4096,256,2,sample,906666.000,73.785,12288,12287,16224018269888773233
candidate,ad92282b0ac2b31311e7d17d2ff1c6566049bf04,0,bit,interleaved,4096,256,2,pipeline,1445333.000,117.622,12288,3291,14509446816710878132
candidate,ad92282b0ac2b31311e7d17d2ff1c6566049bf04,0,byte,duplicates,4096,256,0,sample,816333.000,43.983,18560,18557,1679975457493596345
candidate,ad92282b0ac2b31311e7d17d2ff1c6566049bf04,0,byte,duplicates,4096,256,0,pipeline,1236666.000,66.631,18560,4188,9231858508344181296
candidate,ad92282b0ac2b31311e7d17d2ff1c6566049bf04,0,byte,duplicates,4096,256,1,sample,790916.000,42.614,18560,18557,1679975457493596345
candidate,ad92282b0ac2b31311e7d17d2ff1c6566049bf04,0,byte,duplicates,4096,256,1,pipeline,1305500.000,70.339,18560,4188,9231858508344181296
candidate,ad92282b0ac2b31311e7d17d2ff1c6566049bf04,0,byte,duplicates,4096,256,2,sample,815208.000,43.923,18560,18557,1679975457493596345
candidate,ad92282b0ac2b31311e7d17d2ff1c6566049bf04,0,byte,duplicates,4096,256,2,pipeline,1229000.000,66.218,18560,4188,9231858508344181296
candidate,ad92282b0ac2b31311e7d17d2ff1c6566049bf04,0,bit,duplicates,4096,256,0,sample,1215375.000,65.484,18560,18557,3918200539344112658
candidate,ad92282b0ac2b31311e7d17d2ff1c6566049bf04,0,bit,duplicates,4096,256,0,pipeline,1913084.000,103.076,18560,4188,1201076196652855081
candidate,ad92282b0ac2b31311e7d17d2ff1c6566049bf04,0,bit,duplicates,4096,256,1,sample,1279750.000,68.952,18560,18557,3918200539344112658
candidate,ad92282b0ac2b31311e7d17d2ff1c6566049bf04,0,bit,duplicates,4096,256,1,pipeline,2015041.000,108.569,18560,4188,1201076196652855081
candidate,ad92282b0ac2b31311e7d17d2ff1c6566049bf04,0,bit,duplicates,4096,256,2,sample,1234417.000,66.510,18560,18557,3918200539344112658
candidate,ad92282b0ac2b31311e7d17d2ff1c6566049bf04,0,bit,duplicates,4096,256,2,pipeline,1946417.000,104.872,18560,4188,1201076196652855081
candidate,ad92282b0ac2b31311e7d17d2ff1c6566049bf04,1,byte,interleaved,4096,256,0,sample,624000.000,50.781,12288,12287,15234824909277193901
candidate,ad92282b0ac2b31311e7d17d2ff1c6566049bf04,1,byte,interleaved,4096,256,0,pipeline,951000.000,77.393,12288,3291,2136286492418905256
candidate,ad92282b0ac2b31311e7d17d2ff1c6566049bf04,1,byte,interleaved,4096,256,1,sample,610042.000,49.645,12288,12287,15234824909277193901
candidate,ad92282b0ac2b31311e7d17d2ff1c6566049bf04,1,byte,interleaved,4096,256,1,pipeline,952792.000,77.538,12288,3291,2136286492418905256
candidate,ad92282b0ac2b31311e7d17d2ff1c6566049bf04,1,byte,interleaved,4096,256,2,sample,601542.000,48.954,12288,12287,15234824909277193901
candidate,ad92282b0ac2b31311e7d17d2ff1c6566049bf04,1,byte,interleaved,4096,256,2,pipeline,960958.000,78.203,12288,3291,2136286492418905256
candidate,ad92282b0ac2b31311e7d17d2ff1c6566049bf04,1,bit,interleaved,4096,256,0,sample,899208.000,73.178,12288,12287,16224018269888773233
candidate,ad92282b0ac2b31311e7d17d2ff1c6566049bf04,1,bit,interleaved,4096,256,0,pipeline,1477667.000,120.253,12288,3291,14509446816710878132
candidate,ad92282b0ac2b31311e7d17d2ff1c6566049bf04,1,bit,interleaved,4096,256,1,sample,921292.000,74.975,12288,12287,16224018269888773233
candidate,ad92282b0ac2b31311e7d17d2ff1c6566049bf04,1,bit,interleaved,4096,256,1,pipeline,1436458.000,116.899,12288,3291,14509446816710878132
candidate,ad92282b0ac2b31311e7d17d2ff1c6566049bf04,1,bit,interleaved,4096,256,2,sample,940541.000,76.541,12288,12287,16224018269888773233
candidate,ad92282b0ac2b31311e7d17d2ff1c6566049bf04,1,bit,interleaved,4096,256,2,pipeline,1431375.000,116.486,12288,3291,14509446816710878132
candidate,ad92282b0ac2b31311e7d17d2ff1c6566049bf04,1,byte,duplicates,4096,256,0,sample,798208.000,43.007,18560,18557,1679975457493596345
candidate,ad92282b0ac2b31311e7d17d2ff1c6566049bf04,1,byte,duplicates,4096,256,0,pipeline,1221583.000,65.818,18560,4188,9231858508344181296
candidate,ad92282b0ac2b31311e7d17d2ff1c6566049bf04,1,byte,duplicates,4096,256,1,sample,813417.000,43.826,18560,18557,1679975457493596345
candidate,ad92282b0ac2b31311e7d17d2ff1c6566049bf04,1,byte,duplicates,4096,256,1,pipeline,1271791.000,68.523,18560,4188,9231858508344181296
candidate,ad92282b0ac2b31311e7d17d2ff1c6566049bf04,1,byte,duplicates,4096,256,2,sample,812292.000,43.766,18560,18557,1679975457493596345
candidate,ad92282b0ac2b31311e7d17d2ff1c6566049bf04,1,byte,duplicates,4096,256,2,pipeline,1287125.000,69.349,18560,4188,9231858508344181296
candidate,ad92282b0ac2b31311e7d17d2ff1c6566049bf04,1,bit,duplicates,4096,256,0,sample,1264791.000,68.146,18560,18557,3918200539344112658
candidate,ad92282b0ac2b31311e7d17d2ff1c6566049bf04,1,bit,duplicates,4096,256,0,pipeline,1878625.000,101.219,18560,4188,1201076196652855081
candidate,ad92282b0ac2b31311e7d17d2ff1c6566049bf04,1,bit,duplicates,4096,256,1,sample,1291042.000,69.560,18560,18557,3918200539344112658
candidate,ad92282b0ac2b31311e7d17d2ff1c6566049bf04,1,bit,duplicates,4096,256,1,pipeline,1955459.000,105.359,18560,4188,1201076196652855081
candidate,ad92282b0ac2b31311e7d17d2ff1c6566049bf04,1,bit,duplicates,4096,256,2,sample,1217500.000,65.598,18560,18557,3918200539344112658
candidate,ad92282b0ac2b31311e7d17d2ff1c6566049bf04,1,bit,duplicates,4096,256,2,pipeline,1940667.000,104.562,18560,4188,1201076196652855081
baseline,98f96161d2f67726864e205bc7599fff891c33dc,1,byte,interleaved,4096,256,0,sample,563875.000,45.888,12288,12287,15234824909277193901
baseline,98f96161d2f67726864e205bc7599fff891c33dc,1,byte,interleaved,4096,256,0,pipeline,963500.000,78.410,12288,3291,2136286492418905256
baseline,98f96161d2f67726864e205bc7599fff891c33dc,1,byte,interleaved,4096,256,1,sample,556875.000,45.319,12288,12287,15234824909277193901
baseline,98f96161d2f67726864e205bc7599fff891c33dc,1,byte,interleaved,4096,256,1,pipeline,947584.000,77.115,12288,3291,2136286492418905256
baseline,98f96161d2f67726864e205bc7599fff891c33dc,1,byte,interleaved,4096,256,2,sample,556375.000,45.278,12288,12287,15234824909277193901
baseline,98f96161d2f67726864e205bc7599fff891c33dc,1,byte,interleaved,4096,256,2,pipeline,947291.000,77.091,12288,3291,2136286492418905256
baseline,98f96161d2f67726864e205bc7599fff891c33dc,1,bit,interleaved,4096,256,0,sample,948167.000,77.162,12288,12287,16224018269888773233
baseline,98f96161d2f67726864e205bc7599fff891c33dc,1,bit,interleaved,4096,256,0,pipeline,1584708.000,128.964,12288,3291,14509446816710878132
baseline,98f96161d2f67726864e205bc7599fff891c33dc,1,bit,interleaved,4096,256,1,sample,1082500.000,88.094,12288,12287,16224018269888773233
baseline,98f96161d2f67726864e205bc7599fff891c33dc,1,bit,interleaved,4096,256,1,pipeline,1858875.000,151.276,12288,3291,14509446816710878132
baseline,98f96161d2f67726864e205bc7599fff891c33dc,1,bit,interleaved,4096,256,2,sample,976875.000,79.498,12288,12287,16224018269888773233
baseline,98f96161d2f67726864e205bc7599fff891c33dc,1,bit,interleaved,4096,256,2,pipeline,1557167.000,126.723,12288,3291,14509446816710878132
baseline,98f96161d2f67726864e205bc7599fff891c33dc,1,byte,duplicates,4096,256,0,sample,832542.000,44.857,18560,18557,1679975457493596345
baseline,98f96161d2f67726864e205bc7599fff891c33dc,1,byte,duplicates,4096,256,0,pipeline,1396125.000,75.222,18560,4188,9231858508344181296
baseline,98f96161d2f67726864e205bc7599fff891c33dc,1,byte,duplicates,4096,256,1,sample,834958.000,44.987,18560,18557,1679975457493596345
baseline,98f96161d2f67726864e205bc7599fff891c33dc,1,byte,duplicates,4096,256,1,pipeline,1475459.000,79.497,18560,4188,9231858508344181296
baseline,98f96161d2f67726864e205bc7599fff891c33dc,1,byte,duplicates,4096,256,2,sample,912500.000,49.165,18560,18557,1679975457493596345
baseline,98f96161d2f67726864e205bc7599fff891c33dc,1,byte,duplicates,4096,256,2,pipeline,1509959.000,81.356,18560,4188,9231858508344181296
baseline,98f96161d2f67726864e205bc7599fff891c33dc,1,bit,duplicates,4096,256,0,sample,1389333.000,74.856,18560,18557,3918200539344112658
baseline,98f96161d2f67726864e205bc7599fff891c33dc,1,bit,duplicates,4096,256,0,pipeline,2046083.000,110.242,18560,4188,1201076196652855081
baseline,98f96161d2f67726864e205bc7599fff891c33dc,1,bit,duplicates,4096,256,1,sample,1337292.000,72.052,18560,18557,3918200539344112658
baseline,98f96161d2f67726864e205bc7599fff891c33dc,1,bit,duplicates,4096,256,1,pipeline,2048708.000,110.383,18560,4188,1201076196652855081
baseline,98f96161d2f67726864e205bc7599fff891c33dc,1,bit,duplicates,4096,256,2,sample,1343583.000,72.391,18560,18557,3918200539344112658
baseline,98f96161d2f67726864e205bc7599fff891c33dc,1,bit,duplicates,4096,256,2,pipeline,2040667.000,109.950,18560,4188,1201076196652855081
baseline,98f96161d2f67726864e205bc7599fff891c33dc,2,byte,interleaved,4096,256,0,sample,549875.000,44.749,12288,12287,15234824909277193901
baseline,98f96161d2f67726864e205bc7599fff891c33dc,2,byte,interleaved,4096,256,0,pipeline,1065042.000,86.673,12288,3291,2136286492418905256
baseline,98f96161d2f67726864e205bc7599fff891c33dc,2,byte,interleaved,4096,256,1,sample,551875.000,44.912,12288,12287,15234824909277193901
baseline,98f96161d2f67726864e205bc7599fff891c33dc,2,byte,interleaved,4096,256,1,pipeline,964583.000,78.498,12288,3291,2136286492418905256
baseline,98f96161d2f67726864e205bc7599fff891c33dc,2,byte,interleaved,4096,256,2,sample,559041.000,45.495,12288,12287,15234824909277193901
baseline,98f96161d2f67726864e205bc7599fff891c33dc,2,byte,interleaved,4096,256,2,pipeline,1005375.000,81.818,12288,3291,2136286492418905256
baseline,98f96161d2f67726864e205bc7599fff891c33dc,2,bit,interleaved,4096,256,0,sample,1092458.000,88.904,12288,12287,16224018269888773233
baseline,98f96161d2f67726864e205bc7599fff891c33dc,2,bit,interleaved,4096,256,0,pipeline,1520458.000,123.735,12288,3291,14509446816710878132
baseline,98f96161d2f67726864e205bc7599fff891c33dc,2,bit,interleaved,4096,256,1,sample,954875.000,77.708,12288,12287,16224018269888773233
baseline,98f96161d2f67726864e205bc7599fff891c33dc,2,bit,interleaved,4096,256,1,pipeline,1520917.000,123.773,12288,3291,14509446816710878132
baseline,98f96161d2f67726864e205bc7599fff891c33dc,2,bit,interleaved,4096,256,2,sample,1019750.000,82.987,12288,12287,16224018269888773233
baseline,98f96161d2f67726864e205bc7599fff891c33dc,2,bit,interleaved,4096,256,2,pipeline,1516459.000,123.410,12288,3291,14509446816710878132
baseline,98f96161d2f67726864e205bc7599fff891c33dc,2,byte,duplicates,4096,256,0,sample,834209.000,44.947,18560,18557,1679975457493596345
baseline,98f96161d2f67726864e205bc7599fff891c33dc,2,byte,duplicates,4096,256,0,pipeline,1445583.000,77.887,18560,4188,9231858508344181296
baseline,98f96161d2f67726864e205bc7599fff891c33dc,2,byte,duplicates,4096,256,1,sample,862333.000,46.462,18560,18557,1679975457493596345
baseline,98f96161d2f67726864e205bc7599fff891c33dc,2,byte,duplicates,4096,256,1,pipeline,1407708.000,75.846,18560,4188,9231858508344181296
baseline,98f96161d2f67726864e205bc7599fff891c33dc,2,byte,duplicates,4096,256,2,sample,859500.000,46.309,18560,18557,1679975457493596345
baseline,98f96161d2f67726864e205bc7599fff891c33dc,2,byte,duplicates,4096,256,2,pipeline,1435750.000,77.357,18560,4188,9231858508344181296
baseline,98f96161d2f67726864e205bc7599fff891c33dc,2,bit,duplicates,4096,256,0,sample,1386125.000,74.683,18560,18557,3918200539344112658
baseline,98f96161d2f67726864e205bc7599fff891c33dc,2,bit,duplicates,4096,256,0,pipeline,2073583.000,111.723,18560,4188,1201076196652855081
baseline,98f96161d2f67726864e205bc7599fff891c33dc,2,bit,duplicates,4096,256,1,sample,1383542.000,74.544,18560,18557,3918200539344112658
baseline,98f96161d2f67726864e205bc7599fff891c33dc,2,bit,duplicates,4096,256,1,pipeline,2072709.000,111.676,18560,4188,1201076196652855081
baseline,98f96161d2f67726864e205bc7599fff891c33dc,2,bit,duplicates,4096,256,2,sample,1328125.000,71.558,18560,18557,3918200539344112658
baseline,98f96161d2f67726864e205bc7599fff891c33dc,2,bit,duplicates,4096,256,2,pipeline,2011417.000,108.374,18560,4188,1201076196652855081
candidate,ad92282b0ac2b31311e7d17d2ff1c6566049bf04,2,byte,interleaved,4096,256,0,sample,593084.000,48.265,12288,12287,15234824909277193901
candidate,ad92282b0ac2b31311e7d17d2ff1c6566049bf04,2,byte,interleaved,4096,256,0,pipeline,917833.000,74.693,12288,3291,2136286492418905256
candidate,ad92282b0ac2b31311e7d17d2ff1c6566049bf04,2,byte,interleaved,4096,256,1,sample,585709.000,47.665,12288,12287,15234824909277193901
candidate,ad92282b0ac2b31311e7d17d2ff1c6566049bf04,2,byte,interleaved,4096,256,1,pipeline,917250.000,74.646,12288,3291,2136286492418905256
candidate,ad92282b0ac2b31311e7d17d2ff1c6566049bf04,2,byte,interleaved,4096,256,2,sample,580958.000,47.278,12288,12287,15234824909277193901
candidate,ad92282b0ac2b31311e7d17d2ff1c6566049bf04,2,byte,interleaved,4096,256,2,pipeline,915541.000,74.507,12288,3291,2136286492418905256
candidate,ad92282b0ac2b31311e7d17d2ff1c6566049bf04,2,bit,interleaved,4096,256,0,sample,989959.000,80.563,12288,12287,16224018269888773233
candidate,ad92282b0ac2b31311e7d17d2ff1c6566049bf04,2,bit,interleaved,4096,256,0,pipeline,1386375.000,112.823,12288,3291,14509446816710878132
candidate,ad92282b0ac2b31311e7d17d2ff1c6566049bf04,2,bit,interleaved,4096,256,1,sample,919750.000,74.849,12288,12287,16224018269888773233
candidate,ad92282b0ac2b31311e7d17d2ff1c6566049bf04,2,bit,interleaved,4096,256,1,pipeline,1429333.000,116.319,12288,3291,14509446816710878132
candidate,ad92282b0ac2b31311e7d17d2ff1c6566049bf04,2,bit,interleaved,4096,256,2,sample,913000.000,74.300,12288,12287,16224018269888773233
candidate,ad92282b0ac2b31311e7d17d2ff1c6566049bf04,2,bit,interleaved,4096,256,2,pipeline,1434292.000,116.723,12288,3291,14509446816710878132
candidate,ad92282b0ac2b31311e7d17d2ff1c6566049bf04,2,byte,duplicates,4096,256,0,sample,875166.000,47.153,18560,18557,1679975457493596345
candidate,ad92282b0ac2b31311e7d17d2ff1c6566049bf04,2,byte,duplicates,4096,256,0,pipeline,1382917.000,74.511,18560,4188,9231858508344181296
candidate,ad92282b0ac2b31311e7d17d2ff1c6566049bf04,2,byte,duplicates,4096,256,1,sample,825541.000,44.480,18560,18557,1679975457493596345
candidate,ad92282b0ac2b31311e7d17d2ff1c6566049bf04,2,byte,duplicates,4096,256,1,pipeline,1249959.000,67.347,18560,4188,9231858508344181296
candidate,ad92282b0ac2b31311e7d17d2ff1c6566049bf04,2,byte,duplicates,4096,256,2,sample,800042.000,43.106,18560,18557,1679975457493596345
candidate,ad92282b0ac2b31311e7d17d2ff1c6566049bf04,2,byte,duplicates,4096,256,2,pipeline,1220542.000,65.762,18560,4188,9231858508344181296
candidate,ad92282b0ac2b31311e7d17d2ff1c6566049bf04,2,bit,duplicates,4096,256,0,sample,1209750.000,65.180,18560,18557,3918200539344112658
candidate,ad92282b0ac2b31311e7d17d2ff1c6566049bf04,2,bit,duplicates,4096,256,0,pipeline,1840167.000,99.147,18560,4188,1201076196652855081
candidate,ad92282b0ac2b31311e7d17d2ff1c6566049bf04,2,bit,duplicates,4096,256,1,sample,1266792.000,68.254,18560,18557,3918200539344112658
candidate,ad92282b0ac2b31311e7d17d2ff1c6566049bf04,2,bit,duplicates,4096,256,1,pipeline,2008583.000,108.221,18560,4188,1201076196652855081
candidate,ad92282b0ac2b31311e7d17d2ff1c6566049bf04,2,bit,duplicates,4096,256,2,sample,1310250.000,70.595,18560,18557,3918200539344112658
candidate,ad92282b0ac2b31311e7d17d2ff1c6566049bf04,2,bit,duplicates,4096,256,2,pipeline,1855458.000,99.971,18560,4188,1201076196652855081
candidate,ad92282b0ac2b31311e7d17d2ff1c6566049bf04,3,byte,interleaved,4096,256,0,sample,589542.000,47.977,12288,12287,15234824909277193901
candidate,ad92282b0ac2b31311e7d17d2ff1c6566049bf04,3,byte,interleaved,4096,256,0,pipeline,899708.000,73.218,12288,3291,2136286492418905256
candidate,ad92282b0ac2b31311e7d17d2ff1c6566049bf04,3,byte,interleaved,4096,256,1,sample,592667.000,48.231,12288,12287,15234824909277193901
candidate,ad92282b0ac2b31311e7d17d2ff1c6566049bf04,3,byte,interleaved,4096,256,1,pipeline,1014417.000,82.553,12288,3291,2136286492418905256
candidate,ad92282b0ac2b31311e7d17d2ff1c6566049bf04,3,byte,interleaved,4096,256,2,sample,608792.000,49.544,12288,12287,15234824909277193901
candidate,ad92282b0ac2b31311e7d17d2ff1c6566049bf04,3,byte,interleaved,4096,256,2,pipeline,933417.000,75.962,12288,3291,2136286492418905256
candidate,ad92282b0ac2b31311e7d17d2ff1c6566049bf04,3,bit,interleaved,4096,256,0,sample,898583.000,73.127,12288,12287,16224018269888773233
candidate,ad92282b0ac2b31311e7d17d2ff1c6566049bf04,3,bit,interleaved,4096,256,0,pipeline,1483375.000,120.717,12288,3291,14509446816710878132
candidate,ad92282b0ac2b31311e7d17d2ff1c6566049bf04,3,bit,interleaved,4096,256,1,sample,1005000.000,81.787,12288,12287,16224018269888773233
candidate,ad92282b0ac2b31311e7d17d2ff1c6566049bf04,3,bit,interleaved,4096,256,1,pipeline,1421792.000,115.706,12288,3291,14509446816710878132
candidate,ad92282b0ac2b31311e7d17d2ff1c6566049bf04,3,bit,interleaved,4096,256,2,sample,963042.000,78.373,12288,12287,16224018269888773233
candidate,ad92282b0ac2b31311e7d17d2ff1c6566049bf04,3,bit,interleaved,4096,256,2,pipeline,1607334.000,130.805,12288,3291,14509446816710878132
candidate,ad92282b0ac2b31311e7d17d2ff1c6566049bf04,3,byte,duplicates,4096,256,0,sample,824000.000,44.397,18560,18557,1679975457493596345
candidate,ad92282b0ac2b31311e7d17d2ff1c6566049bf04,3,byte,duplicates,4096,256,0,pipeline,1287833.000,69.388,18560,4188,9231858508344181296
candidate,ad92282b0ac2b31311e7d17d2ff1c6566049bf04,3,byte,duplicates,4096,256,1,sample,816917.000,44.015,18560,18557,1679975457493596345
candidate,ad92282b0ac2b31311e7d17d2ff1c6566049bf04,3,byte,duplicates,4096,256,1,pipeline,1267792.000,68.308,18560,4188,9231858508344181296
candidate,ad92282b0ac2b31311e7d17d2ff1c6566049bf04,3,byte,duplicates,4096,256,2,sample,798042.000,42.998,18560,18557,1679975457493596345
candidate,ad92282b0ac2b31311e7d17d2ff1c6566049bf04,3,byte,duplicates,4096,256,2,pipeline,1264875.000,68.151,18560,4188,9231858508344181296
candidate,ad92282b0ac2b31311e7d17d2ff1c6566049bf04,3,bit,duplicates,4096,256,0,sample,1215125.000,65.470,18560,18557,3918200539344112658
candidate,ad92282b0ac2b31311e7d17d2ff1c6566049bf04,3,bit,duplicates,4096,256,0,pipeline,1869208.000,100.712,18560,4188,1201076196652855081
candidate,ad92282b0ac2b31311e7d17d2ff1c6566049bf04,3,bit,duplicates,4096,256,1,sample,1311708.000,70.674,18560,18557,3918200539344112658
candidate,ad92282b0ac2b31311e7d17d2ff1c6566049bf04,3,bit,duplicates,4096,256,1,pipeline,1973125.000,106.311,18560,4188,1201076196652855081
candidate,ad92282b0ac2b31311e7d17d2ff1c6566049bf04,3,bit,duplicates,4096,256,2,sample,1221833.000,65.832,18560,18557,3918200539344112658
candidate,ad92282b0ac2b31311e7d17d2ff1c6566049bf04,3,bit,duplicates,4096,256,2,pipeline,1833042.000,98.763,18560,4188,1201076196652855081
baseline,98f96161d2f67726864e205bc7599fff891c33dc,3,byte,interleaved,4096,256,0,sample,578416.000,47.072,12288,12287,15234824909277193901
baseline,98f96161d2f67726864e205bc7599fff891c33dc,3,byte,interleaved,4096,256,0,pipeline,982625.000,79.966,12288,3291,2136286492418905256
baseline,98f96161d2f67726864e205bc7599fff891c33dc,3,byte,interleaved,4096,256,1,sample,549667.000,44.732,12288,12287,15234824909277193901
baseline,98f96161d2f67726864e205bc7599fff891c33dc,3,byte,interleaved,4096,256,1,pipeline,943792.000,76.806,12288,3291,2136286492418905256
baseline,98f96161d2f67726864e205bc7599fff891c33dc,3,byte,interleaved,4096,256,2,sample,553875.000,45.074,12288,12287,15234824909277193901
baseline,98f96161d2f67726864e205bc7599fff891c33dc,3,byte,interleaved,4096,256,2,pipeline,963041.000,78.372,12288,3291,2136286492418905256
baseline,98f96161d2f67726864e205bc7599fff891c33dc,3,bit,interleaved,4096,256,0,sample,964875.000,78.522,12288,12287,16224018269888773233
baseline,98f96161d2f67726864e205bc7599fff891c33dc,3,bit,interleaved,4096,256,0,pipeline,1487916.000,121.087,12288,3291,14509446816710878132
baseline,98f96161d2f67726864e205bc7599fff891c33dc,3,bit,interleaved,4096,256,1,sample,938666.000,76.389,12288,12287,16224018269888773233
baseline,98f96161d2f67726864e205bc7599fff891c33dc,3,bit,interleaved,4096,256,1,pipeline,1449708.000,117.978,12288,3291,14509446816710878132
baseline,98f96161d2f67726864e205bc7599fff891c33dc,3,bit,interleaved,4096,256,2,sample,1019250.000,82.947,12288,12287,16224018269888773233
baseline,98f96161d2f67726864e205bc7599fff891c33dc,3,bit,interleaved,4096,256,2,pipeline,1629916.000,132.643,12288,3291,14509446816710878132
baseline,98f96161d2f67726864e205bc7599fff891c33dc,3,byte,duplicates,4096,256,0,sample,850959.000,45.849,18560,18557,1679975457493596345
baseline,98f96161d2f67726864e205bc7599fff891c33dc,3,byte,duplicates,4096,256,0,pipeline,1434250.000,77.276,18560,4188,9231858508344181296
baseline,98f96161d2f67726864e205bc7599fff891c33dc,3,byte,duplicates,4096,256,1,sample,836125.000,45.050,18560,18557,1679975457493596345
baseline,98f96161d2f67726864e205bc7599fff891c33dc,3,byte,duplicates,4096,256,1,pipeline,1397625.000,75.303,18560,4188,9231858508344181296
baseline,98f96161d2f67726864e205bc7599fff891c33dc,3,byte,duplicates,4096,256,2,sample,861666.000,46.426,18560,18557,1679975457493596345
baseline,98f96161d2f67726864e205bc7599fff891c33dc,3,byte,duplicates,4096,256,2,pipeline,1512791.000,81.508,18560,4188,9231858508344181296
baseline,98f96161d2f67726864e205bc7599fff891c33dc,3,bit,duplicates,4096,256,0,sample,1348917.000,72.679,18560,18557,3918200539344112658
baseline,98f96161d2f67726864e205bc7599fff891c33dc,3,bit,duplicates,4096,256,0,pipeline,2102125.000,113.261,18560,4188,1201076196652855081
baseline,98f96161d2f67726864e205bc7599fff891c33dc,3,bit,duplicates,4096,256,1,sample,1382875.000,74.508,18560,18557,3918200539344112658
baseline,98f96161d2f67726864e205bc7599fff891c33dc,3,bit,duplicates,4096,256,1,pipeline,2097833.000,113.030,18560,4188,1201076196652855081
baseline,98f96161d2f67726864e205bc7599fff891c33dc,3,bit,duplicates,4096,256,2,sample,1318375.000,71.033,18560,18557,3918200539344112658
baseline,98f96161d2f67726864e205bc7599fff891c33dc,3,bit,duplicates,4096,256,2,pipeline,2146042.000,115.627,18560,4188,1201076196652855081
baseline,98f96161d2f67726864e205bc7599fff891c33dc,4,byte,interleaved,4096,256,0,sample,549167.000,44.691,12288,12287,15234824909277193901
baseline,98f96161d2f67726864e205bc7599fff891c33dc,4,byte,interleaved,4096,256,0,pipeline,943792.000,76.806,12288,3291,2136286492418905256
baseline,98f96161d2f67726864e205bc7599fff891c33dc,4,byte,interleaved,4096,256,1,sample,579167.000,47.133,12288,12287,15234824909277193901
baseline,98f96161d2f67726864e205bc7599fff891c33dc,4,byte,interleaved,4096,256,1,pipeline,986667.000,80.295,12288,3291,2136286492418905256
baseline,98f96161d2f67726864e205bc7599fff891c33dc,4,byte,interleaved,4096,256,2,sample,545125.000,44.362,12288,12287,15234824909277193901
baseline,98f96161d2f67726864e205bc7599fff891c33dc,4,byte,interleaved,4096,256,2,pipeline,970917.000,79.013,12288,3291,2136286492418905256
baseline,98f96161d2f67726864e205bc7599fff891c33dc,4,bit,interleaved,4096,256,0,sample,945291.000,76.928,12288,12287,16224018269888773233
baseline,98f96161d2f67726864e205bc7599fff891c33dc,4,bit,interleaved,4096,256,0,pipeline,1469584.000,119.595,12288,3291,14509446816710878132
baseline,98f96161d2f67726864e205bc7599fff891c33dc,4,bit,interleaved,4096,256,1,sample,976458.000,79.464,12288,12287,16224018269888773233
baseline,98f96161d2f67726864e205bc7599fff891c33dc,4,bit,interleaved,4096,256,1,pipeline,1498625.000,121.958,12288,3291,14509446816710878132
baseline,98f96161d2f67726864e205bc7599fff891c33dc,4,bit,interleaved,4096,256,2,sample,952458.000,77.511,12288,12287,16224018269888773233
baseline,98f96161d2f67726864e205bc7599fff891c33dc,4,bit,interleaved,4096,256,2,pipeline,1486958.000,121.009,12288,3291,14509446816710878132
baseline,98f96161d2f67726864e205bc7599fff891c33dc,4,byte,duplicates,4096,256,0,sample,842042.000,45.369,18560,18557,1679975457493596345
baseline,98f96161d2f67726864e205bc7599fff891c33dc,4,byte,duplicates,4096,256,0,pipeline,1409166.000,75.925,18560,4188,9231858508344181296
baseline,98f96161d2f67726864e205bc7599fff891c33dc,4,byte,duplicates,4096,256,1,sample,873041.000,47.039,18560,18557,1679975457493596345
baseline,98f96161d2f67726864e205bc7599fff891c33dc,4,byte,duplicates,4096,256,1,pipeline,1454084.000,78.345,18560,4188,9231858508344181296
baseline,98f96161d2f67726864e205bc7599fff891c33dc,4,byte,duplicates,4096,256,2,sample,851333.000,45.869,18560,18557,1679975457493596345
baseline,98f96161d2f67726864e205bc7599fff891c33dc,4,byte,duplicates,4096,256,2,pipeline,1436375.000,77.391,18560,4188,9231858508344181296
baseline,98f96161d2f67726864e205bc7599fff891c33dc,4,bit,duplicates,4096,256,0,sample,1523834.000,82.103,18560,18557,3918200539344112658
baseline,98f96161d2f67726864e205bc7599fff891c33dc,4,bit,duplicates,4096,256,0,pipeline,2049541.000,110.428,18560,4188,1201076196652855081
baseline,98f96161d2f67726864e205bc7599fff891c33dc,4,bit,duplicates,4096,256,1,sample,1320292.000,71.136,18560,18557,3918200539344112658
baseline,98f96161d2f67726864e205bc7599fff891c33dc,4,bit,duplicates,4096,256,1,pipeline,2006458.000,108.107,18560,4188,1201076196652855081
baseline,98f96161d2f67726864e205bc7599fff891c33dc,4,bit,duplicates,4096,256,2,sample,1394417.000,75.130,18560,18557,3918200539344112658
baseline,98f96161d2f67726864e205bc7599fff891c33dc,4,bit,duplicates,4096,256,2,pipeline,2053416.000,110.637,18560,4188,1201076196652855081
candidate,ad92282b0ac2b31311e7d17d2ff1c6566049bf04,4,byte,interleaved,4096,256,0,sample,609084.000,49.567,12288,12287,15234824909277193901
candidate,ad92282b0ac2b31311e7d17d2ff1c6566049bf04,4,byte,interleaved,4096,256,0,pipeline,944542.000,76.867,12288,3291,2136286492418905256
candidate,ad92282b0ac2b31311e7d17d2ff1c6566049bf04,4,byte,interleaved,4096,256,1,sample,610667.000,49.696,12288,12287,15234824909277193901
candidate,ad92282b0ac2b31311e7d17d2ff1c6566049bf04,4,byte,interleaved,4096,256,1,pipeline,930833.000,75.751,12288,3291,2136286492418905256
candidate,ad92282b0ac2b31311e7d17d2ff1c6566049bf04,4,byte,interleaved,4096,256,2,sample,602917.000,49.066,12288,12287,15234824909277193901
candidate,ad92282b0ac2b31311e7d17d2ff1c6566049bf04,4,byte,interleaved,4096,256,2,pipeline,956250.000,77.820,12288,3291,2136286492418905256
candidate,ad92282b0ac2b31311e7d17d2ff1c6566049bf04,4,bit,interleaved,4096,256,0,sample,942250.000,76.681,12288,12287,16224018269888773233
candidate,ad92282b0ac2b31311e7d17d2ff1c6566049bf04,4,bit,interleaved,4096,256,0,pipeline,1491500.000,121.379,12288,3291,14509446816710878132
candidate,ad92282b0ac2b31311e7d17d2ff1c6566049bf04,4,bit,interleaved,4096,256,1,sample,964667.000,78.505,12288,12287,16224018269888773233
candidate,ad92282b0ac2b31311e7d17d2ff1c6566049bf04,4,bit,interleaved,4096,256,1,pipeline,1466833.000,119.371,12288,3291,14509446816710878132
candidate,ad92282b0ac2b31311e7d17d2ff1c6566049bf04,4,bit,interleaved,4096,256,2,sample,972625.000,79.152,12288,12287,16224018269888773233
candidate,ad92282b0ac2b31311e7d17d2ff1c6566049bf04,4,bit,interleaved,4096,256,2,pipeline,1468167.000,119.480,12288,3291,14509446816710878132
candidate,ad92282b0ac2b31311e7d17d2ff1c6566049bf04,4,byte,duplicates,4096,256,0,sample,797209.000,42.953,18560,18557,1679975457493596345
candidate,ad92282b0ac2b31311e7d17d2ff1c6566049bf04,4,byte,duplicates,4096,256,0,pipeline,1237666.000,66.685,18560,4188,9231858508344181296
candidate,ad92282b0ac2b31311e7d17d2ff1c6566049bf04,4,byte,duplicates,4096,256,1,sample,804459.000,43.344,18560,18557,1679975457493596345
candidate,ad92282b0ac2b31311e7d17d2ff1c6566049bf04,4,byte,duplicates,4096,256,1,pipeline,1232667.000,66.415,18560,4188,9231858508344181296
candidate,ad92282b0ac2b31311e7d17d2ff1c6566049bf04,4,byte,duplicates,4096,256,2,sample,872583.000,47.014,18560,18557,1679975457493596345
candidate,ad92282b0ac2b31311e7d17d2ff1c6566049bf04,4,byte,duplicates,4096,256,2,pipeline,1239875.000,66.804,18560,4188,9231858508344181296
candidate,ad92282b0ac2b31311e7d17d2ff1c6566049bf04,4,bit,duplicates,4096,256,0,sample,1246792.000,67.176,18560,18557,3918200539344112658
candidate,ad92282b0ac2b31311e7d17d2ff1c6566049bf04,4,bit,duplicates,4096,256,0,pipeline,1831167.000,98.662,18560,4188,1201076196652855081
candidate,ad92282b0ac2b31311e7d17d2ff1c6566049bf04,4,bit,duplicates,4096,256,1,sample,1213500.000,65.383,18560,18557,3918200539344112658
candidate,ad92282b0ac2b31311e7d17d2ff1c6566049bf04,4,bit,duplicates,4096,256,1,pipeline,1816875.000,97.892,18560,4188,1201076196652855081
candidate,ad92282b0ac2b31311e7d17d2ff1c6566049bf04,4,bit,duplicates,4096,256,2,sample,1231625.000,66.359,18560,18557,3918200539344112658
candidate,ad92282b0ac2b31311e7d17d2ff1c6566049bf04,4,bit,duplicates,4096,256,2,pipeline,1837958.000,99.028,18560,4188,1201076196652855081
baseline,98f96161d2f67726864e205bc7599fff891c33dc,0,byte,interleaved,4096,512,0,sample,697083.000,56.729,12288,12287,18170311407222474557
baseline,98f96161d2f67726864e205bc7599fff891c33dc,0,byte,interleaved,4096,512,0,pipeline,1181667.000,96.164,12288,3291,12106510025141016937
baseline,98f96161d2f67726864e205bc7599fff891c33dc,0,byte,interleaved,4096,512,1,sample,717750.000,58.411,12288,12287,18170311407222474557
baseline,98f96161d2f67726864e205bc7599fff891c33dc,0,byte,interleaved,4096,512,1,pipeline,1189417.000,96.795,12288,3291,12106510025141016937
baseline,98f96161d2f67726864e205bc7599fff891c33dc,0,byte,interleaved,4096,512,2,sample,700625.000,57.017,12288,12287,18170311407222474557
baseline,98f96161d2f67726864e205bc7599fff891c33dc,0,byte,interleaved,4096,512,2,pipeline,1170583.000,95.262,12288,3291,12106510025141016937
baseline,98f96161d2f67726864e205bc7599fff891c33dc,0,bit,interleaved,4096,512,0,sample,1094166.000,89.043,12288,12287,10274829361699670801
baseline,98f96161d2f67726864e205bc7599fff891c33dc,0,bit,interleaved,4096,512,0,pipeline,1666292.000,135.603,12288,3291,12497744567745829727
baseline,98f96161d2f67726864e205bc7599fff891c33dc,0,bit,interleaved,4096,512,1,sample,1071625.000,87.209,12288,12287,10274829361699670801
baseline,98f96161d2f67726864e205bc7599fff891c33dc,0,bit,interleaved,4096,512,1,pipeline,1634916.000,133.050,12288,3291,12497744567745829727
baseline,98f96161d2f67726864e205bc7599fff891c33dc,0,bit,interleaved,4096,512,2,sample,1076959.000,87.643,12288,12287,10274829361699670801
baseline,98f96161d2f67726864e205bc7599fff891c33dc,0,bit,interleaved,4096,512,2,pipeline,1632083.000,132.819,12288,3291,12497744567745829727
baseline,98f96161d2f67726864e205bc7599fff891c33dc,0,byte,duplicates,4096,512,0,sample,1084458.000,58.430,18560,18557,6391043152467505833
baseline,98f96161d2f67726864e205bc7599fff891c33dc,0,byte,duplicates,4096,512,0,pipeline,1715458.000,92.428,18560,4188,17458740278925816780
baseline,98f96161d2f67726864e205bc7599fff891c33dc,0,byte,duplicates,4096,512,1,sample,1075625.000,57.954,18560,18557,6391043152467505833
baseline,98f96161d2f67726864e205bc7599fff891c33dc,0,byte,duplicates,4096,512,1,pipeline,1704458.000,91.835,18560,4188,17458740278925816780
baseline,98f96161d2f67726864e205bc7599fff891c33dc,0,byte,duplicates,4096,512,2,sample,1074166.000,57.875,18560,18557,6391043152467505833
baseline,98f96161d2f67726864e205bc7599fff891c33dc,0,byte,duplicates,4096,512,2,pipeline,1745125.000,94.026,18560,4188,17458740278925816780
baseline,98f96161d2f67726864e205bc7599fff891c33dc,0,bit,duplicates,4096,512,0,sample,1520500.000,81.923,18560,18557,15844185036883294130
baseline,98f96161d2f67726864e205bc7599fff891c33dc,0,bit,duplicates,4096,512,0,pipeline,2322667.000,125.144,18560,4188,17932523634408985425
baseline,98f96161d2f67726864e205bc7599fff891c33dc,0,bit,duplicates,4096,512,1,sample,1497834.000,80.702,18560,18557,15844185036883294130
baseline,98f96161d2f67726864e205bc7599fff891c33dc,0,bit,duplicates,4096,512,1,pipeline,2415958.000,130.170,18560,4188,17932523634408985425
baseline,98f96161d2f67726864e205bc7599fff891c33dc,0,bit,duplicates,4096,512,2,sample,1538125.000,82.873,18560,18557,15844185036883294130
baseline,98f96161d2f67726864e205bc7599fff891c33dc,0,bit,duplicates,4096,512,2,pipeline,2353166.000,126.787,18560,4188,17932523634408985425
candidate,ad92282b0ac2b31311e7d17d2ff1c6566049bf04,0,byte,interleaved,4096,512,0,sample,576375.000,46.906,12288,12287,18170311407222474557
candidate,ad92282b0ac2b31311e7d17d2ff1c6566049bf04,0,byte,interleaved,4096,512,0,pipeline,964083.000,78.457,12288,3291,12106510025141016937
candidate,ad92282b0ac2b31311e7d17d2ff1c6566049bf04,0,byte,interleaved,4096,512,1,sample,575000.000,46.794,12288,12287,18170311407222474557
candidate,ad92282b0ac2b31311e7d17d2ff1c6566049bf04,0,byte,interleaved,4096,512,1,pipeline,978166.000,79.603,12288,3291,12106510025141016937
candidate,ad92282b0ac2b31311e7d17d2ff1c6566049bf04,0,byte,interleaved,4096,512,2,sample,582875.000,47.434,12288,12287,18170311407222474557
candidate,ad92282b0ac2b31311e7d17d2ff1c6566049bf04,0,byte,interleaved,4096,512,2,pipeline,1027625.000,83.628,12288,3291,12106510025141016937
candidate,ad92282b0ac2b31311e7d17d2ff1c6566049bf04,0,bit,interleaved,4096,512,0,sample,937917.000,76.328,12288,12287,10274829361699670801
candidate,ad92282b0ac2b31311e7d17d2ff1c6566049bf04,0,bit,interleaved,4096,512,0,pipeline,1443709.000,117.489,12288,3291,12497744567745829727
candidate,ad92282b0ac2b31311e7d17d2ff1c6566049bf04,0,bit,interleaved,4096,512,1,sample,894958.000,72.832,12288,12287,10274829361699670801
candidate,ad92282b0ac2b31311e7d17d2ff1c6566049bf04,0,bit,interleaved,4096,512,1,pipeline,1427250.000,116.150,12288,3291,12497744567745829727
candidate,ad92282b0ac2b31311e7d17d2ff1c6566049bf04,0,bit,interleaved,4096,512,2,sample,924459.000,75.233,12288,12287,10274829361699670801
candidate,ad92282b0ac2b31311e7d17d2ff1c6566049bf04,0,bit,interleaved,4096,512,2,pipeline,1424333.000,115.913,12288,3291,12497744567745829727
candidate,ad92282b0ac2b31311e7d17d2ff1c6566049bf04,0,byte,duplicates,4096,512,0,sample,793250.000,42.740,18560,18557,6391043152467505833
candidate,ad92282b0ac2b31311e7d17d2ff1c6566049bf04,0,byte,duplicates,4096,512,0,pipeline,1311875.000,70.683,18560,4188,17458740278925816780
candidate,ad92282b0ac2b31311e7d17d2ff1c6566049bf04,0,byte,duplicates,4096,512,1,sample,797125.000,42.949,18560,18557,6391043152467505833
candidate,ad92282b0ac2b31311e7d17d2ff1c6566049bf04,0,byte,duplicates,4096,512,1,pipeline,1366250.000,73.613,18560,4188,17458740278925816780
candidate,ad92282b0ac2b31311e7d17d2ff1c6566049bf04,0,byte,duplicates,4096,512,2,sample,803167.000,43.274,18560,18557,6391043152467505833
candidate,ad92282b0ac2b31311e7d17d2ff1c6566049bf04,0,byte,duplicates,4096,512,2,pipeline,1335708.000,71.967,18560,4188,17458740278925816780
candidate,ad92282b0ac2b31311e7d17d2ff1c6566049bf04,0,bit,duplicates,4096,512,0,sample,1263583.000,68.081,18560,18557,15844185036883294130
candidate,ad92282b0ac2b31311e7d17d2ff1c6566049bf04,0,bit,duplicates,4096,512,0,pipeline,2008375.000,108.210,18560,4188,17932523634408985425
candidate,ad92282b0ac2b31311e7d17d2ff1c6566049bf04,0,bit,duplicates,4096,512,1,sample,1265667.000,68.193,18560,18557,15844185036883294130
candidate,ad92282b0ac2b31311e7d17d2ff1c6566049bf04,0,bit,duplicates,4096,512,1,pipeline,2082333.000,112.195,18560,4188,17932523634408985425
candidate,ad92282b0ac2b31311e7d17d2ff1c6566049bf04,0,bit,duplicates,4096,512,2,sample,1219792.000,65.722,18560,18557,15844185036883294130
candidate,ad92282b0ac2b31311e7d17d2ff1c6566049bf04,0,bit,duplicates,4096,512,2,pipeline,1990250.000,107.233,18560,4188,17932523634408985425
candidate,ad92282b0ac2b31311e7d17d2ff1c6566049bf04,1,byte,interleaved,4096,512,0,sample,581416.000,47.316,12288,12287,18170311407222474557
candidate,ad92282b0ac2b31311e7d17d2ff1c6566049bf04,1,byte,interleaved,4096,512,0,pipeline,1068958.000,86.992,12288,3291,12106510025141016937
candidate,ad92282b0ac2b31311e7d17d2ff1c6566049bf04,1,byte,interleaved,4096,512,1,sample,582959.000,47.441,12288,12287,18170311407222474557
candidate,ad92282b0ac2b31311e7d17d2ff1c6566049bf04,1,byte,interleaved,4096,512,1,pipeline,965625.000,78.583,12288,3291,12106510025141016937
candidate,ad92282b0ac2b31311e7d17d2ff1c6566049bf04,1,byte,interleaved,4096,512,2,sample,579458.000,47.156,12288,12287,18170311407222474557
candidate,ad92282b0ac2b31311e7d17d2ff1c6566049bf04,1,byte,interleaved,4096,512,2,pipeline,962375.000,78.318,12288,3291,12106510025141016937
candidate,ad92282b0ac2b31311e7d17d2ff1c6566049bf04,1,bit,interleaved,4096,512,0,sample,893917.000,72.747,12288,12287,10274829361699670801
candidate,ad92282b0ac2b31311e7d17d2ff1c6566049bf04,1,bit,interleaved,4096,512,0,pipeline,1420917.000,115.635,12288,3291,12497744567745829727
candidate,ad92282b0ac2b31311e7d17d2ff1c6566049bf04,1,bit,interleaved,4096,512,1,sample,928500.000,75.562,12288,12287,10274829361699670801
candidate,ad92282b0ac2b31311e7d17d2ff1c6566049bf04,1,bit,interleaved,4096,512,1,pipeline,1462583.000,119.025,12288,3291,12497744567745829727
candidate,ad92282b0ac2b31311e7d17d2ff1c6566049bf04,1,bit,interleaved,4096,512,2,sample,891333.000,72.537,12288,12287,10274829361699670801
candidate,ad92282b0ac2b31311e7d17d2ff1c6566049bf04,1,bit,interleaved,4096,512,2,pipeline,1399458.000,113.888,12288,3291,12497744567745829727
candidate,ad92282b0ac2b31311e7d17d2ff1c6566049bf04,1,byte,duplicates,4096,512,0,sample,862792.000,46.487,18560,18557,6391043152467505833
candidate,ad92282b0ac2b31311e7d17d2ff1c6566049bf04,1,byte,duplicates,4096,512,0,pipeline,1337000.000,72.037,18560,4188,17458740278925816780
candidate,ad92282b0ac2b31311e7d17d2ff1c6566049bf04,1,byte,duplicates,4096,512,1,sample,823500.000,44.370,18560,18557,6391043152467505833
candidate,ad92282b0ac2b31311e7d17d2ff1c6566049bf04,1,byte,duplicates,4096,512,1,pipeline,1347000.000,72.575,18560,4188,17458740278925816780
candidate,ad92282b0ac2b31311e7d17d2ff1c6566049bf04,1,byte,duplicates,4096,512,2,sample,794583.000,42.812,18560,18557,6391043152467505833
candidate,ad92282b0ac2b31311e7d17d2ff1c6566049bf04,1,byte,duplicates,4096,512,2,pipeline,1319125.000,71.074,18560,4188,17458740278925816780
candidate,ad92282b0ac2b31311e7d17d2ff1c6566049bf04,1,bit,duplicates,4096,512,0,sample,1228334.000,66.182,18560,18557,15844185036883294130
candidate,ad92282b0ac2b31311e7d17d2ff1c6566049bf04,1,bit,duplicates,4096,512,0,pipeline,2015000.000,108.567,18560,4188,17932523634408985425
candidate,ad92282b0ac2b31311e7d17d2ff1c6566049bf04,1,bit,duplicates,4096,512,1,sample,1234375.000,66.507,18560,18557,15844185036883294130
candidate,ad92282b0ac2b31311e7d17d2ff1c6566049bf04,1,bit,duplicates,4096,512,1,pipeline,1911584.000,102.995,18560,4188,17932523634408985425
candidate,ad92282b0ac2b31311e7d17d2ff1c6566049bf04,1,bit,duplicates,4096,512,2,sample,1251000.000,67.403,18560,18557,15844185036883294130
candidate,ad92282b0ac2b31311e7d17d2ff1c6566049bf04,1,bit,duplicates,4096,512,2,pipeline,1975042.000,106.414,18560,4188,17932523634408985425
baseline,98f96161d2f67726864e205bc7599fff891c33dc,1,byte,interleaved,4096,512,0,sample,746875.000,60.781,12288,12287,18170311407222474557
baseline,98f96161d2f67726864e205bc7599fff891c33dc,1,byte,interleaved,4096,512,0,pipeline,1212792.000,98.697,12288,3291,12106510025141016937
baseline,98f96161d2f67726864e205bc7599fff891c33dc,1,byte,interleaved,4096,512,1,sample,723500.000,58.879,12288,12287,18170311407222474557
baseline,98f96161d2f67726864e205bc7599fff891c33dc,1,byte,interleaved,4096,512,1,pipeline,1256041.000,102.217,12288,3291,12106510025141016937
baseline,98f96161d2f67726864e205bc7599fff891c33dc,1,byte,interleaved,4096,512,2,sample,706292.000,57.478,12288,12287,18170311407222474557
baseline,98f96161d2f67726864e205bc7599fff891c33dc,1,byte,interleaved,4096,512,2,pipeline,1159542.000,94.364,12288,3291,12106510025141016937
baseline,98f96161d2f67726864e205bc7599fff891c33dc,1,bit,interleaved,4096,512,0,sample,1069209.000,87.012,12288,12287,10274829361699670801
baseline,98f96161d2f67726864e205bc7599fff891c33dc,1,bit,interleaved,4096,512,0,pipeline,1651833.000,134.427,12288,3291,12497744567745829727
baseline,98f96161d2f67726864e205bc7599fff891c33dc,1,bit,interleaved,4096,512,1,sample,1110125.000,90.342,12288,12287,10274829361699670801
baseline,98f96161d2f67726864e205bc7599fff891c33dc,1,bit,interleaved,4096,512,1,pipeline,1710250.000,139.181,12288,3291,12497744567745829727
baseline,98f96161d2f67726864e205bc7599fff891c33dc,1,bit,interleaved,4096,512,2,sample,1060458.000,86.300,12288,12287,10274829361699670801
baseline,98f96161d2f67726864e205bc7599fff891c33dc,1,bit,interleaved,4096,512,2,pipeline,1635875.000,133.128,12288,3291,12497744567745829727
baseline,98f96161d2f67726864e205bc7599fff891c33dc,1,byte,duplicates,4096,512,0,sample,1057833.000,56.995,18560,18557,6391043152467505833
baseline,98f96161d2f67726864e205bc7599fff891c33dc,1,byte,duplicates,4096,512,0,pipeline,1684500.000,90.760,18560,4188,17458740278925816780
baseline,98f96161d2f67726864e205bc7599fff891c33dc,1,byte,duplicates,4096,512,1,sample,1113583.000,59.999,18560,18557,6391043152467505833
baseline,98f96161d2f67726864e205bc7599fff891c33dc,1,byte,duplicates,4096,512,1,pipeline,1773750.000,95.568,18560,4188,17458740278925816780
baseline,98f96161d2f67726864e205bc7599fff891c33dc,1,byte,duplicates,4096,512,2,sample,1135875.000,61.200,18560,18557,6391043152467505833
baseline,98f96161d2f67726864e205bc7599fff891c33dc,1,byte,duplicates,4096,512,2,pipeline,1702916.000,91.752,18560,4188,17458740278925816780
baseline,98f96161d2f67726864e205bc7599fff891c33dc,1,bit,duplicates,4096,512,0,sample,1544166.000,83.199,18560,18557,15844185036883294130
baseline,98f96161d2f67726864e205bc7599fff891c33dc,1,bit,duplicates,4096,512,0,pipeline,2296042.000,123.709,18560,4188,17932523634408985425
baseline,98f96161d2f67726864e205bc7599fff891c33dc,1,bit,duplicates,4096,512,1,sample,1511125.000,81.418,18560,18557,15844185036883294130
baseline,98f96161d2f67726864e205bc7599fff891c33dc,1,bit,duplicates,4096,512,1,pipeline,2271000.000,122.360,18560,4188,17932523634408985425
baseline,98f96161d2f67726864e205bc7599fff891c33dc,1,bit,duplicates,4096,512,2,sample,1584208.000,85.356,18560,18557,15844185036883294130
baseline,98f96161d2f67726864e205bc7599fff891c33dc,1,bit,duplicates,4096,512,2,pipeline,2357125.000,127.000,18560,4188,17932523634408985425
baseline,98f96161d2f67726864e205bc7599fff891c33dc,2,byte,interleaved,4096,512,0,sample,699541.000,56.929,12288,12287,18170311407222474557
baseline,98f96161d2f67726864e205bc7599fff891c33dc,2,byte,interleaved,4096,512,0,pipeline,1158208.000,94.255,12288,3291,12106510025141016937
baseline,98f96161d2f67726864e205bc7599fff891c33dc,2,byte,interleaved,4096,512,1,sample,710083.000,57.787,12288,12287,18170311407222474557
baseline,98f96161d2f67726864e205bc7599fff891c33dc,2,byte,interleaved,4096,512,1,pipeline,1157292.000,94.181,12288,3291,12106510025141016937
baseline,98f96161d2f67726864e205bc7599fff891c33dc,2,byte,interleaved,4096,512,2,sample,704250.000,57.312,12288,12287,18170311407222474557
baseline,98f96161d2f67726864e205bc7599fff891c33dc,2,byte,interleaved,4096,512,2,pipeline,1215000.000,98.877,12288,3291,12106510025141016937
baseline,98f96161d2f67726864e205bc7599fff891c33dc,2,bit,interleaved,4096,512,0,sample,1126000.000,91.634,12288,12287,10274829361699670801
baseline,98f96161d2f67726864e205bc7599fff891c33dc,2,bit,interleaved,4096,512,0,pipeline,1651875.000,134.430,12288,3291,12497744567745829727
baseline,98f96161d2f67726864e205bc7599fff891c33dc,2,bit,interleaved,4096,512,1,sample,1064625.000,86.639,12288,12287,10274829361699670801
baseline,98f96161d2f67726864e205bc7599fff891c33dc,2,bit,interleaved,4096,512,1,pipeline,1666375.000,135.610,12288,3291,12497744567745829727
baseline,98f96161d2f67726864e205bc7599fff891c33dc,2,bit,interleaved,4096,512,2,sample,1075750.000,87.545,12288,12287,10274829361699670801
baseline,98f96161d2f67726864e205bc7599fff891c33dc,2,bit,interleaved,4096,512,2,pipeline,1709625.000,139.130,12288,3291,12497744567745829727
baseline,98f96161d2f67726864e205bc7599fff891c33dc,2,byte,duplicates,4096,512,0,sample,1074167.000,57.875,18560,18557,6391043152467505833
baseline,98f96161d2f67726864e205bc7599fff891c33dc,2,byte,duplicates,4096,512,0,pipeline,1657042.000,89.280,18560,4188,17458740278925816780
baseline,98f96161d2f67726864e205bc7599fff891c33dc,2,byte,duplicates,4096,512,1,sample,1140333.000,61.440,18560,18557,6391043152467505833
baseline,98f96161d2f67726864e205bc7599fff891c33dc,2,byte,duplicates,4096,512,1,pipeline,1696875.000,91.426,18560,4188,17458740278925816780
baseline,98f96161d2f67726864e205bc7599fff891c33dc,2,byte,duplicates,4096,512,2,sample,1060417.000,57.135,18560,18557,6391043152467505833
baseline,98f96161d2f67726864e205bc7599fff891c33dc,2,byte,duplicates,4096,512,2,pipeline,1669125.000,89.931,18560,4188,17458740278925816780
baseline,98f96161d2f67726864e205bc7599fff891c33dc,2,bit,duplicates,4096,512,0,sample,1518208.000,81.800,18560,18557,15844185036883294130
baseline,98f96161d2f67726864e205bc7599fff891c33dc,2,bit,duplicates,4096,512,0,pipeline,2270750.000,122.346,18560,4188,17932523634408985425
baseline,98f96161d2f67726864e205bc7599fff891c33dc,2,bit,duplicates,4096,512,1,sample,1503167.000,80.990,18560,18557,15844185036883294130
baseline,98f96161d2f67726864e205bc7599fff891c33dc,2,bit,duplicates,4096,512,1,pipeline,2270333.000,122.324,18560,4188,17932523634408985425
baseline,98f96161d2f67726864e205bc7599fff891c33dc,2,bit,duplicates,4096,512,2,sample,1508333.000,81.268,18560,18557,15844185036883294130
baseline,98f96161d2f67726864e205bc7599fff891c33dc,2,bit,duplicates,4096,512,2,pipeline,2314625.000,124.710,18560,4188,17932523634408985425
candidate,ad92282b0ac2b31311e7d17d2ff1c6566049bf04,2,byte,interleaved,4096,512,0,sample,622209.000,50.635,12288,12287,18170311407222474557
candidate,ad92282b0ac2b31311e7d17d2ff1c6566049bf04,2,byte,interleaved,4096,512,0,pipeline,1014333.000,82.547,12288,3291,12106510025141016937
candidate,ad92282b0ac2b31311e7d17d2ff1c6566049bf04,2,byte,interleaved,4096,512,1,sample,581666.000,47.336,12288,12287,18170311407222474557
candidate,ad92282b0ac2b31311e7d17d2ff1c6566049bf04,2,byte,interleaved,4096,512,1,pipeline,982792.000,79.980,12288,3291,12106510025141016937
candidate,ad92282b0ac2b31311e7d17d2ff1c6566049bf04,2,byte,interleaved,4096,512,2,sample,579417.000,47.153,12288,12287,18170311407222474557
candidate,ad92282b0ac2b31311e7d17d2ff1c6566049bf04,2,byte,interleaved,4096,512,2,pipeline,969917.000,78.932,12288,3291,12106510025141016937
candidate,ad92282b0ac2b31311e7d17d2ff1c6566049bf04,2,bit,interleaved,4096,512,0,sample,911750.000,74.198,12288,12287,10274829361699670801
candidate,ad92282b0ac2b31311e7d17d2ff1c6566049bf04,2,bit,interleaved,4096,512,0,pipeline,1429042.000,116.296,12288,3291,12497744567745829727
candidate,ad92282b0ac2b31311e7d17d2ff1c6566049bf04,2,bit,interleaved,4096,512,1,sample,885834.000,72.089,12288,12287,10274829361699670801
candidate,ad92282b0ac2b31311e7d17d2ff1c6566049bf04,2,bit,interleaved,4096,512,1,pipeline,1409708.000,114.722,12288,3291,12497744567745829727
candidate,ad92282b0ac2b31311e7d17d2ff1c6566049bf04,2,bit,interleaved,4096,512,2,sample,881042.000,71.699,12288,12287,10274829361699670801
candidate,ad92282b0ac2b31311e7d17d2ff1c6566049bf04,2,bit,interleaved,4096,512,2,pipeline,1406125.000,114.431,12288,3291,12497744567745829727
candidate,ad92282b0ac2b31311e7d17d2ff1c6566049bf04,2,byte,duplicates,4096,512,0,sample,816042.000,43.968,18560,18557,6391043152467505833
candidate,ad92282b0ac2b31311e7d17d2ff1c6566049bf04,2,byte,duplicates,4096,512,0,pipeline,1349750.000,72.724,18560,4188,17458740278925816780
candidate,ad92282b0ac2b31311e7d17d2ff1c6566049bf04,2,byte,duplicates,4096,512,1,sample,832708.000,44.866,18560,18557,6391043152467505833
candidate,ad92282b0ac2b31311e7d17d2ff1c6566049bf04,2,byte,duplicates,4096,512,1,pipeline,1324333.000,71.354,18560,4188,17458740278925816780
candidate,ad92282b0ac2b31311e7d17d2ff1c6566049bf04,2,byte,duplicates,4096,512,2,sample,793167.000,42.735,18560,18557,6391043152467505833
candidate,ad92282b0ac2b31311e7d17d2ff1c6566049bf04,2,byte,duplicates,4096,512,2,pipeline,1346167.000,72.531,18560,4188,17458740278925816780
candidate,ad92282b0ac2b31311e7d17d2ff1c6566049bf04,2,bit,duplicates,4096,512,0,sample,1294333.000,69.738,18560,18557,15844185036883294130
candidate,ad92282b0ac2b31311e7d17d2ff1c6566049bf04,2,bit,duplicates,4096,512,0,pipeline,1921750.000,103.543,18560,4188,17932523634408985425
candidate,ad92282b0ac2b31311e7d17d2ff1c6566049bf04,2,bit,duplicates,4096,512,1,sample,1219458.000,65.704,18560,18557,15844185036883294130
candidate,ad92282b0ac2b31311e7d17d2ff1c6566049bf04,2,bit,duplicates,4096,512,1,pipeline,1914958.000,103.177,18560,4188,17932523634408985425
candidate,ad92282b0ac2b31311e7d17d2ff1c6566049bf04,2,bit,duplicates,4096,512,2,sample,1254667.000,67.601,18560,18557,15844185036883294130
candidate,ad92282b0ac2b31311e7d17d2ff1c6566049bf04,2,bit,duplicates,4096,512,2,pipeline,1953709.000,105.264,18560,4188,17932523634408985425
candidate,ad92282b0ac2b31311e7d17d2ff1c6566049bf04,3,byte,interleaved,4096,512,0,sample,582792.000,47.428,12288,12287,18170311407222474557
candidate,ad92282b0ac2b31311e7d17d2ff1c6566049bf04,3,byte,interleaved,4096,512,0,pipeline,1033709.000,84.123,12288,3291,12106510025141016937
candidate,ad92282b0ac2b31311e7d17d2ff1c6566049bf04,3,byte,interleaved,4096,512,1,sample,580208.000,47.217,12288,12287,18170311407222474557
candidate,ad92282b0ac2b31311e7d17d2ff1c6566049bf04,3,byte,interleaved,4096,512,1,pipeline,984250.000,80.098,12288,3291,12106510025141016937
candidate,ad92282b0ac2b31311e7d17d2ff1c6566049bf04,3,byte,interleaved,4096,512,2,sample,578916.000,47.112,12288,12287,18170311407222474557
candidate,ad92282b0ac2b31311e7d17d2ff1c6566049bf04,3,byte,interleaved,4096,512,2,pipeline,972666.000,79.156,12288,3291,12106510025141016937
candidate,ad92282b0ac2b31311e7d17d2ff1c6566049bf04,3,bit,interleaved,4096,512,0,sample,918083.000,74.714,12288,12287,10274829361699670801
candidate,ad92282b0ac2b31311e7d17d2ff1c6566049bf04,3,bit,interleaved,4096,512,0,pipeline,1426459.000,116.086,12288,3291,12497744567745829727
candidate,ad92282b0ac2b31311e7d17d2ff1c6566049bf04,3,bit,interleaved,4096,512,1,sample,891916.000,72.584,12288,12287,10274829361699670801
candidate,ad92282b0ac2b31311e7d17d2ff1c6566049bf04,3,bit,interleaved,4096,512,1,pipeline,1552916.000,126.377,12288,3291,12497744567745829727
candidate,ad92282b0ac2b31311e7d17d2ff1c6566049bf04,3,bit,interleaved,4096,512,2,sample,893833.000,72.740,12288,12287,10274829361699670801
candidate,ad92282b0ac2b31311e7d17d2ff1c6566049bf04,3,bit,interleaved,4096,512,2,pipeline,1426791.000,116.113,12288,3291,12497744567745829727
candidate,ad92282b0ac2b31311e7d17d2ff1c6566049bf04,3,byte,duplicates,4096,512,0,sample,833292.000,44.897,18560,18557,6391043152467505833
candidate,ad92282b0ac2b31311e7d17d2ff1c6566049bf04,3,byte,duplicates,4096,512,0,pipeline,1371333.000,73.886,18560,4188,17458740278925816780
candidate,ad92282b0ac2b31311e7d17d2ff1c6566049bf04,3,byte,duplicates,4096,512,1,sample,798083.000,43.000,18560,18557,6391043152467505833
candidate,ad92282b0ac2b31311e7d17d2ff1c6566049bf04,3,byte,duplicates,4096,512,1,pipeline,1315708.000,70.889,18560,4188,17458740278925816780
candidate,ad92282b0ac2b31311e7d17d2ff1c6566049bf04,3,byte,duplicates,4096,512,2,sample,788792.000,42.500,18560,18557,6391043152467505833
candidate,ad92282b0ac2b31311e7d17d2ff1c6566049bf04,3,byte,duplicates,4096,512,2,pipeline,1375583.000,74.115,18560,4188,17458740278925816780
candidate,ad92282b0ac2b31311e7d17d2ff1c6566049bf04,3,bit,duplicates,4096,512,0,sample,1241291.000,66.880,18560,18557,15844185036883294130
candidate,ad92282b0ac2b31311e7d17d2ff1c6566049bf04,3,bit,duplicates,4096,512,0,pipeline,1987250.000,107.072,18560,4188,17932523634408985425
candidate,ad92282b0ac2b31311e7d17d2ff1c6566049bf04,3,bit,duplicates,4096,512,1,sample,1212042.000,65.304,18560,18557,15844185036883294130
candidate,ad92282b0ac2b31311e7d17d2ff1c6566049bf04,3,bit,duplicates,4096,512,1,pipeline,1923625.000,103.644,18560,4188,17932523634408985425
candidate,ad92282b0ac2b31311e7d17d2ff1c6566049bf04,3,bit,duplicates,4096,512,2,sample,1237667.000,66.685,18560,18557,15844185036883294130
candidate,ad92282b0ac2b31311e7d17d2ff1c6566049bf04,3,bit,duplicates,4096,512,2,pipeline,1959084.000,105.554,18560,4188,17932523634408985425
baseline,98f96161d2f67726864e205bc7599fff891c33dc,3,byte,interleaved,4096,512,0,sample,705000.000,57.373,12288,12287,18170311407222474557
baseline,98f96161d2f67726864e205bc7599fff891c33dc,3,byte,interleaved,4096,512,0,pipeline,1199542.000,97.619,12288,3291,12106510025141016937
baseline,98f96161d2f67726864e205bc7599fff891c33dc,3,byte,interleaved,4096,512,1,sample,701792.000,57.112,12288,12287,18170311407222474557
baseline,98f96161d2f67726864e205bc7599fff891c33dc,3,byte,interleaved,4096,512,1,pipeline,1192333.000,97.032,12288,3291,12106510025141016937
baseline,98f96161d2f67726864e205bc7599fff891c33dc,3,byte,interleaved,4096,512,2,sample,701292.000,57.071,12288,12287,18170311407222474557
baseline,98f96161d2f67726864e205bc7599fff891c33dc,3,byte,interleaved,4096,512,2,pipeline,1168875.000,95.123,12288,3291,12106510025141016937
baseline,98f96161d2f67726864e205bc7599fff891c33dc,3,bit,interleaved,4096,512,0,sample,1062500.000,86.466,12288,12287,10274829361699670801
baseline,98f96161d2f67726864e205bc7599fff891c33dc,3,bit,interleaved,4096,512,0,pipeline,1661875.000,135.244,12288,3291,12497744567745829727
baseline,98f96161d2f67726864e205bc7599fff891c33dc,3,bit,interleaved,4096,512,1,sample,1059958.000,86.260,12288,12287,10274829361699670801
baseline,98f96161d2f67726864e205bc7599fff891c33dc,3,bit,interleaved,4096,512,1,pipeline,1645333.000,133.898,12288,3291,12497744567745829727
baseline,98f96161d2f67726864e205bc7599fff891c33dc,3,bit,interleaved,4096,512,2,sample,1063459.000,86.545,12288,12287,10274829361699670801
baseline,98f96161d2f67726864e205bc7599fff891c33dc,3,bit,interleaved,4096,512,2,pipeline,1671542.000,136.030,12288,3291,12497744567745829727
baseline,98f96161d2f67726864e205bc7599fff891c33dc,3,byte,duplicates,4096,512,0,sample,1137916.000,61.310,18560,18557,6391043152467505833
baseline,98f96161d2f67726864e205bc7599fff891c33dc,3,byte,duplicates,4096,512,0,pipeline,1725500.000,92.969,18560,4188,17458740278925816780
baseline,98f96161d2f67726864e205bc7599fff891c33dc,3,byte,duplicates,4096,512,1,sample,1065958.000,57.433,18560,18557,6391043152467505833
baseline,98f96161d2f67726864e205bc7599fff891c33dc,3,byte,duplicates,4096,512,1,pipeline,1679750.000,90.504,18560,4188,17458740278925816780
baseline,98f96161d2f67726864e205bc7599fff891c33dc,3,byte,duplicates,4096,512,2,sample,1096375.000,59.072,18560,18557,6391043152467505833
baseline,98f96161d2f67726864e205bc7599fff891c33dc,3,byte,duplicates,4096,512,2,pipeline,1740709.000,93.788,18560,4188,17458740278925816780
baseline,98f96161d2f67726864e205bc7599fff891c33dc,3,bit,duplicates,4096,512,0,sample,1539166.000,82.929,18560,18557,15844185036883294130
baseline,98f96161d2f67726864e205bc7599fff891c33dc,3,bit,duplicates,4096,512,0,pipeline,2377208.000,128.082,18560,4188,17932523634408985425
baseline,98f96161d2f67726864e205bc7599fff891c33dc,3,bit,duplicates,4096,512,1,sample,1581750.000,85.224,18560,18557,15844185036883294130
baseline,98f96161d2f67726864e205bc7599fff891c33dc,3,bit,duplicates,4096,512,1,pipeline,2384417.000,128.471,18560,4188,17932523634408985425
baseline,98f96161d2f67726864e205bc7599fff891c33dc,3,bit,duplicates,4096,512,2,sample,1539584.000,82.952,18560,18557,15844185036883294130
baseline,98f96161d2f67726864e205bc7599fff891c33dc,3,bit,duplicates,4096,512,2,pipeline,2336000.000,125.862,18560,4188,17932523634408985425
baseline,98f96161d2f67726864e205bc7599fff891c33dc,4,byte,interleaved,4096,512,0,sample,697959.000,56.800,12288,12287,18170311407222474557
baseline,98f96161d2f67726864e205bc7599fff891c33dc,4,byte,interleaved,4096,512,0,pipeline,1160208.000,94.418,12288,3291,12106510025141016937
baseline,98f96161d2f67726864e205bc7599fff891c33dc,4,byte,interleaved,4096,512,1,sample,697334.000,56.749,12288,12287,18170311407222474557
baseline,98f96161d2f67726864e205bc7599fff891c33dc,4,byte,interleaved,4096,512,1,pipeline,1157250.000,94.177,12288,3291,12106510025141016937
baseline,98f96161d2f67726864e205bc7599fff891c33dc,4,byte,interleaved,4096,512,2,sample,700125.000,56.976,12288,12287,18170311407222474557
baseline,98f96161d2f67726864e205bc7599fff891c33dc,4,byte,interleaved,4096,512,2,pipeline,1151167.000,93.682,12288,3291,12106510025141016937
baseline,98f96161d2f67726864e205bc7599fff891c33dc,4,bit,interleaved,4096,512,0,sample,1063375.000,86.538,12288,12287,10274829361699670801
baseline,98f96161d2f67726864e205bc7599fff891c33dc,4,bit,interleaved,4096,512,0,pipeline,1635916.000,133.131,12288,3291,12497744567745829727
baseline,98f96161d2f67726864e205bc7599fff891c33dc,4,bit,interleaved,4096,512,1,sample,1064667.000,86.643,12288,12287,10274829361699670801
baseline,98f96161d2f67726864e205bc7599fff891c33dc,4,bit,interleaved,4096,512,1,pipeline,1684375.000,137.075,12288,3291,12497744567745829727
baseline,98f96161d2f67726864e205bc7599fff891c33dc,4,bit,interleaved,4096,512,2,sample,1145208.000,93.197,12288,12287,10274829361699670801
baseline,98f96161d2f67726864e205bc7599fff891c33dc,4,bit,interleaved,4096,512,2,pipeline,1855625.000,151.011,12288,3291,12497744567745829727
baseline,98f96161d2f67726864e205bc7599fff891c33dc,4,byte,duplicates,4096,512,0,sample,1121208.000,60.410,18560,18557,6391043152467505833
baseline,98f96161d2f67726864e205bc7599fff891c33dc,4,byte,duplicates,4096,512,0,pipeline,1739542.000,93.725,18560,4188,17458740278925816780
baseline,98f96161d2f67726864e205bc7599fff891c33dc,4,byte,duplicates,4096,512,1,sample,1124375.000,60.581,18560,18557,6391043152467505833
baseline,98f96161d2f67726864e205bc7599fff891c33dc,4,byte,duplicates,4096,512,1,pipeline,1690875.000,91.103,18560,4188,17458740278925816780
baseline,98f96161d2f67726864e205bc7599fff891c33dc,4,byte,duplicates,4096,512,2,sample,1091041.000,58.785,18560,18557,6391043152467505833
baseline,98f96161d2f67726864e205bc7599fff891c33dc,4,byte,duplicates,4096,512,2,pipeline,2924667.000,157.579,18560,4188,17458740278925816780
baseline,98f96161d2f67726864e205bc7599fff891c33dc,4,bit,duplicates,4096,512,0,sample,1742375.000,93.878,18560,18557,15844185036883294130
baseline,98f96161d2f67726864e205bc7599fff891c33dc,4,bit,duplicates,4096,512,0,pipeline,2327792.000,125.420,18560,4188,17932523634408985425
baseline,98f96161d2f67726864e205bc7599fff891c33dc,4,bit,duplicates,4096,512,1,sample,1685583.000,90.818,18560,18557,15844185036883294130
baseline,98f96161d2f67726864e205bc7599fff891c33dc,4,bit,duplicates,4096,512,1,pipeline,2339208.000,126.035,18560,4188,17932523634408985425
baseline,98f96161d2f67726864e205bc7599fff891c33dc,4,bit,duplicates,4096,512,2,sample,1525875.000,82.213,18560,18557,15844185036883294130
baseline,98f96161d2f67726864e205bc7599fff891c33dc,4,bit,duplicates,4096,512,2,pipeline,2309625.000,124.441,18560,4188,17932523634408985425
candidate,ad92282b0ac2b31311e7d17d2ff1c6566049bf04,4,byte,interleaved,4096,512,0,sample,592542.000,48.221,12288,12287,18170311407222474557
candidate,ad92282b0ac2b31311e7d17d2ff1c6566049bf04,4,byte,interleaved,4096,512,0,pipeline,997625.000,81.187,12288,3291,12106510025141016937
candidate,ad92282b0ac2b31311e7d17d2ff1c6566049bf04,4,byte,interleaved,4096,512,1,sample,594209.000,48.357,12288,12287,18170311407222474557
candidate,ad92282b0ac2b31311e7d17d2ff1c6566049bf04,4,byte,interleaved,4096,512,1,pipeline,989583.000,80.532,12288,3291,12106510025141016937
candidate,ad92282b0ac2b31311e7d17d2ff1c6566049bf04,4,byte,interleaved,4096,512,2,sample,591459.000,48.133,12288,12287,18170311407222474557
candidate,ad92282b0ac2b31311e7d17d2ff1c6566049bf04,4,byte,interleaved,4096,512,2,pipeline,962334.000,78.315,12288,3291,12106510025141016937
candidate,ad92282b0ac2b31311e7d17d2ff1c6566049bf04,4,bit,interleaved,4096,512,0,sample,945667.000,76.959,12288,12287,10274829361699670801
candidate,ad92282b0ac2b31311e7d17d2ff1c6566049bf04,4,bit,interleaved,4096,512,0,pipeline,1463000.000,119.059,12288,3291,12497744567745829727
candidate,ad92282b0ac2b31311e7d17d2ff1c6566049bf04,4,bit,interleaved,4096,512,1,sample,890000.000,72.428,12288,12287,10274829361699670801
candidate,ad92282b0ac2b31311e7d17d2ff1c6566049bf04,4,bit,interleaved,4096,512,1,pipeline,1602542.000,130.415,12288,3291,12497744567745829727
candidate,ad92282b0ac2b31311e7d17d2ff1c6566049bf04,4,bit,interleaved,4096,512,2,sample,890000.000,72.428,12288,12287,10274829361699670801
candidate,ad92282b0ac2b31311e7d17d2ff1c6566049bf04,4,bit,interleaved,4096,512,2,pipeline,1639458.000,133.419,12288,3291,12497744567745829727
candidate,ad92282b0ac2b31311e7d17d2ff1c6566049bf04,4,byte,duplicates,4096,512,0,sample,794875.000,42.827,18560,18557,6391043152467505833
candidate,ad92282b0ac2b31311e7d17d2ff1c6566049bf04,4,byte,duplicates,4096,512,0,pipeline,1343542.000,72.389,18560,4188,17458740278925816780
candidate,ad92282b0ac2b31311e7d17d2ff1c6566049bf04,4,byte,duplicates,4096,512,1,sample,838917.000,45.200,18560,18557,6391043152467505833
candidate,ad92282b0ac2b31311e7d17d2ff1c6566049bf04,4,byte,duplicates,4096,512,1,pipeline,1438583.000,77.510,18560,4188,17458740278925816780
candidate,ad92282b0ac2b31311e7d17d2ff1c6566049bf04,4,byte,duplicates,4096,512,2,sample,795167.000,42.843,18560,18557,6391043152467505833
candidate,ad92282b0ac2b31311e7d17d2ff1c6566049bf04,4,byte,duplicates,4096,512,2,pipeline,1437583.000,77.456,18560,4188,17458740278925816780
candidate,ad92282b0ac2b31311e7d17d2ff1c6566049bf04,4,bit,duplicates,4096,512,0,sample,1258667.000,67.816,18560,18557,15844185036883294130
candidate,ad92282b0ac2b31311e7d17d2ff1c6566049bf04,4,bit,duplicates,4096,512,0,pipeline,1956833.000,105.433,18560,4188,17932523634408985425
candidate,ad92282b0ac2b31311e7d17d2ff1c6566049bf04,4,bit,duplicates,4096,512,1,sample,1249083.000,67.300,18560,18557,15844185036883294130
candidate,ad92282b0ac2b31311e7d17d2ff1c6566049bf04,4,bit,duplicates,4096,512,1,pipeline,1964166.000,105.828,18560,4188,17932523634408985425
candidate,ad92282b0ac2b31311e7d17d2ff1c6566049bf04,4,bit,duplicates,4096,512,2,sample,1216250.000,65.531,18560,18557,15844185036883294130
candidate,ad92282b0ac2b31311e7d17d2ff1c6566049bf04,4,bit,duplicates,4096,512,2,pipeline,1920709.000,103.486,18560,4188,17932523634408985425
baseline,98f96161d2f67726864e205bc7599fff891c33dc,0,byte,interleaved,4096,4096,0,sample,2455209.000,199.805,12288,12287,3995458530025072765
baseline,98f96161d2f67726864e205bc7599fff891c33dc,0,byte,interleaved,4096,4096,0,pipeline,4077417.000,331.821,12288,3291,16457357610069266227
baseline,98f96161d2f67726864e205bc7599fff891c33dc,0,byte,interleaved,4096,4096,1,sample,2467250.000,200.785,12288,12287,3995458530025072765
baseline,98f96161d2f67726864e205bc7599fff891c33dc,0,byte,interleaved,4096,4096,1,pipeline,3991958.000,324.866,12288,3291,16457357610069266227
baseline,98f96161d2f67726864e205bc7599fff891c33dc,0,byte,interleaved,4096,4096,2,sample,2438333.000,198.432,12288,12287,3995458530025072765
baseline,98f96161d2f67726864e205bc7599fff891c33dc,0,byte,interleaved,4096,4096,2,pipeline,4804084.000,390.957,12288,3291,16457357610069266227
baseline,98f96161d2f67726864e205bc7599fff891c33dc,0,bit,interleaved,4096,4096,0,sample,2822458.000,229.692,12288,12287,16731185960236204945
baseline,98f96161d2f67726864e205bc7599fff891c33dc,0,bit,interleaved,4096,4096,0,pipeline,4427916.000,360.345,12288,3291,6689526789417462161
baseline,98f96161d2f67726864e205bc7599fff891c33dc,0,bit,interleaved,4096,4096,1,sample,2753375.000,224.070,12288,12287,16731185960236204945
baseline,98f96161d2f67726864e205bc7599fff891c33dc,0,bit,interleaved,4096,4096,1,pipeline,4616875.000,375.722,12288,3291,6689526789417462161
baseline,98f96161d2f67726864e205bc7599fff891c33dc,0,bit,interleaved,4096,4096,2,sample,2796541.000,227.583,12288,12287,16731185960236204945
baseline,98f96161d2f67726864e205bc7599fff891c33dc,0,bit,interleaved,4096,4096,2,pipeline,4690459.000,381.711,12288,3291,6689526789417462161
baseline,98f96161d2f67726864e205bc7599fff891c33dc,0,byte,duplicates,4096,4096,0,sample,3724250.000,200.660,18560,18557,13705658782080034441
baseline,98f96161d2f67726864e205bc7599fff891c33dc,0,byte,duplicates,4096,4096,0,pipeline,5787042.000,311.802,18560,4188,14512111365772538348
baseline,98f96161d2f67726864e205bc7599fff891c33dc,0,byte,duplicates,4096,4096,1,sample,3603417.000,194.150,18560,18557,13705658782080034441
baseline,98f96161d2f67726864e205bc7599fff891c33dc,0,byte,duplicates,4096,4096,1,pipeline,5658042.000,304.851,18560,4188,14512111365772538348
baseline,98f96161d2f67726864e205bc7599fff891c33dc,0,byte,duplicates,4096,4096,2,sample,3684542.000,198.521,18560,18557,13705658782080034441
baseline,98f96161d2f67726864e205bc7599fff891c33dc,0,byte,duplicates,4096,4096,2,pipeline,5903250.000,318.063,18560,4188,14512111365772538348
baseline,98f96161d2f67726864e205bc7599fff891c33dc,0,bit,duplicates,4096,4096,0,sample,4152958.000,223.759,18560,18557,6856370362290641746
baseline,98f96161d2f67726864e205bc7599fff891c33dc,0,bit,duplicates,4096,4096,0,pipeline,6242708.000,336.353,18560,4188,17777922905396887929
baseline,98f96161d2f67726864e205bc7599fff891c33dc,0,bit,duplicates,4096,4096,1,sample,4189917.000,225.750,18560,18557,6856370362290641746
baseline,98f96161d2f67726864e205bc7599fff891c33dc,0,bit,duplicates,4096,4096,1,pipeline,6339125.000,341.548,18560,4188,17777922905396887929
baseline,98f96161d2f67726864e205bc7599fff891c33dc,0,bit,duplicates,4096,4096,2,sample,4324875.000,233.021,18560,18557,6856370362290641746
baseline,98f96161d2f67726864e205bc7599fff891c33dc,0,bit,duplicates,4096,4096,2,pipeline,6307459.000,339.842,18560,4188,17777922905396887929
candidate,ad92282b0ac2b31311e7d17d2ff1c6566049bf04,0,byte,interleaved,4096,4096,0,sample,664541.000,54.080,12288,12287,3995458530025072765
candidate,ad92282b0ac2b31311e7d17d2ff1c6566049bf04,0,byte,interleaved,4096,4096,0,pipeline,1992959.000,162.187,12288,3291,16457357610069266227
candidate,ad92282b0ac2b31311e7d17d2ff1c6566049bf04,0,byte,interleaved,4096,4096,1,sample,589709.000,47.991,12288,12287,3995458530025072765
candidate,ad92282b0ac2b31311e7d17d2ff1c6566049bf04,0,byte,interleaved,4096,4096,1,pipeline,2107209.000,171.485,12288,3291,16457357610069266227
candidate,ad92282b0ac2b31311e7d17d2ff1c6566049bf04,0,byte,interleaved,4096,4096,2,sample,584042.000,47.529,12288,12287,3995458530025072765
candidate,ad92282b0ac2b31311e7d17d2ff1c6566049bf04,0,byte,interleaved,4096,4096,2,pipeline,2038583.000,165.900,12288,3291,16457357610069266227
candidate,ad92282b0ac2b31311e7d17d2ff1c6566049bf04,0,bit,interleaved,4096,4096,0,sample,1071500.000,87.199,12288,12287,16731185960236204945
candidate,ad92282b0ac2b31311e7d17d2ff1c6566049bf04,0,bit,interleaved,4096,4096,0,pipeline,2624708.000,213.599,12288,3291,6689526789417462161
candidate,ad92282b0ac2b31311e7d17d2ff1c6566049bf04,0,bit,interleaved,4096,4096,1,sample,911417.000,74.171,12288,12287,16731185960236204945
candidate,ad92282b0ac2b31311e7d17d2ff1c6566049bf04,0,bit,interleaved,4096,4096,1,pipeline,2488708.000,202.532,12288,3291,6689526789417462161
candidate,ad92282b0ac2b31311e7d17d2ff1c6566049bf04,0,bit,interleaved,4096,4096,2,sample,891833.000,72.578,12288,12287,16731185960236204945
candidate,ad92282b0ac2b31311e7d17d2ff1c6566049bf04,0,bit,interleaved,4096,4096,2,pipeline,2568250.000,209.005,12288,3291,6689526789417462161
candidate,ad92282b0ac2b31311e7d17d2ff1c6566049bf04,0,byte,duplicates,4096,4096,0,sample,802000.000,43.211,18560,18557,13705658782080034441
candidate,ad92282b0ac2b31311e7d17d2ff1c6566049bf04,0,byte,duplicates,4096,4096,0,pipeline,2852334.000,153.682,18560,4188,14512111365772538348
candidate,ad92282b0ac2b31311e7d17d2ff1c6566049bf04,0,byte,duplicates,4096,4096,1,sample,802666.000,43.247,18560,18557,13705658782080034441
candidate,ad92282b0ac2b31311e7d17d2ff1c6566049bf04,0,byte,duplicates,4096,4096,1,pipeline,2841708.000,153.109,18560,4188,14512111365772538348
candidate,ad92282b0ac2b31311e7d17d2ff1c6566049bf04,0,byte,duplicates,4096,4096,2,sample,817750.000,44.060,18560,18557,13705658782080034441
candidate,ad92282b0ac2b31311e7d17d2ff1c6566049bf04,0,byte,duplicates,4096,4096,2,pipeline,2741334.000,147.701,18560,4188,14512111365772538348
candidate,ad92282b0ac2b31311e7d17d2ff1c6566049bf04,0,bit,duplicates,4096,4096,0,sample,1240291.000,66.826,18560,18557,6856370362290641746
candidate,ad92282b0ac2b31311e7d17d2ff1c6566049bf04,0,bit,duplicates,4096,4096,0,pipeline,3366125.000,181.364,18560,4188,17777922905396887929
candidate,ad92282b0ac2b31311e7d17d2ff1c6566049bf04,0,bit,duplicates,4096,4096,1,sample,1242375.000,66.938,18560,18557,6856370362290641746
candidate,ad92282b0ac2b31311e7d17d2ff1c6566049bf04,0,bit,duplicates,4096,4096,1,pipeline,3443750.000,185.547,18560,4188,17777922905396887929
candidate,ad92282b0ac2b31311e7d17d2ff1c6566049bf04,0,bit,duplicates,4096,4096,2,sample,1218083.000,65.629,18560,18557,6856370362290641746
candidate,ad92282b0ac2b31311e7d17d2ff1c6566049bf04,0,bit,duplicates,4096,4096,2,pipeline,3350792.000,180.538,18560,4188,17777922905396887929
candidate,ad92282b0ac2b31311e7d17d2ff1c6566049bf04,1,byte,interleaved,4096,4096,0,sample,591208.000,48.113,12288,12287,3995458530025072765
candidate,ad92282b0ac2b31311e7d17d2ff1c6566049bf04,1,byte,interleaved,4096,4096,0,pipeline,1996500.000,162.476,12288,3291,16457357610069266227
candidate,ad92282b0ac2b31311e7d17d2ff1c6566049bf04,1,byte,interleaved,4096,4096,1,sample,586125.000,47.699,12288,12287,3995458530025072765
candidate,ad92282b0ac2b31311e7d17d2ff1c6566049bf04,1,byte,interleaved,4096,4096,1,pipeline,1988708.000,161.841,12288,3291,16457357610069266227
candidate,ad92282b0ac2b31311e7d17d2ff1c6566049bf04,1,byte,interleaved,4096,4096,2,sample,605959.000,49.313,12288,12287,3995458530025072765
candidate,ad92282b0ac2b31311e7d17d2ff1c6566049bf04,1,byte,interleaved,4096,4096,2,pipeline,2084250.000,169.617,12288,3291,16457357610069266227
candidate,ad92282b0ac2b31311e7d17d2ff1c6566049bf04,1,bit,interleaved,4096,4096,0,sample,933625.000,75.979,12288,12287,16731185960236204945
candidate,ad92282b0ac2b31311e7d17d2ff1c6566049bf04,1,bit,interleaved,4096,4096,0,pipeline,2455791.000,199.853,12288,3291,6689526789417462161
candidate,ad92282b0ac2b31311e7d17d2ff1c6566049bf04,1,bit,interleaved,4096,4096,1,sample,896625.000,72.968,12288,12287,16731185960236204945
candidate,ad92282b0ac2b31311e7d17d2ff1c6566049bf04,1,bit,interleaved,4096,4096,1,pipeline,2435333.000,198.188,12288,3291,6689526789417462161
candidate,ad92282b0ac2b31311e7d17d2ff1c6566049bf04,1,bit,interleaved,4096,4096,2,sample,901083.000,73.330,12288,12287,16731185960236204945
candidate,ad92282b0ac2b31311e7d17d2ff1c6566049bf04,1,bit,interleaved,4096,4096,2,pipeline,2654250.000,216.003,12288,3291,6689526789417462161
candidate,ad92282b0ac2b31311e7d17d2ff1c6566049bf04,1,byte,duplicates,4096,4096,0,sample,794000.000,42.780,18560,18557,13705658782080034441
candidate,ad92282b0ac2b31311e7d17d2ff1c6566049bf04,1,byte,duplicates,4096,4096,0,pipeline,2818542.000,151.861,18560,4188,14512111365772538348
candidate,ad92282b0ac2b31311e7d17d2ff1c6566049bf04,1,byte,duplicates,4096,4096,1,sample,795292.000,42.850,18560,18557,13705658782080034441
candidate,ad92282b0ac2b31311e7d17d2ff1c6566049bf04,1,byte,duplicates,4096,4096,1,pipeline,2769541.000,149.221,18560,4188,14512111365772538348
candidate,ad92282b0ac2b31311e7d17d2ff1c6566049bf04,1,byte,duplicates,4096,4096,2,sample,805334.000,43.391,18560,18557,13705658782080034441
candidate,ad92282b0ac2b31311e7d17d2ff1c6566049bf04,1,byte,duplicates,4096,4096,2,pipeline,2766333.000,149.048,18560,4188,14512111365772538348
candidate,ad92282b0ac2b31311e7d17d2ff1c6566049bf04,1,bit,duplicates,4096,4096,0,sample,1223209.000,65.906,18560,18557,6856370362290641746
candidate,ad92282b0ac2b31311e7d17d2ff1c6566049bf04,1,bit,duplicates,4096,4096,0,pipeline,3462375.000,186.550,18560,4188,17777922905396887929
candidate,ad92282b0ac2b31311e7d17d2ff1c6566049bf04,1,bit,duplicates,4096,4096,1,sample,1219959.000,65.731,18560,18557,6856370362290641746
candidate,ad92282b0ac2b31311e7d17d2ff1c6566049bf04,1,bit,duplicates,4096,4096,1,pipeline,3445834.000,185.659,18560,4188,17777922905396887929
candidate,ad92282b0ac2b31311e7d17d2ff1c6566049bf04,1,bit,duplicates,4096,4096,2,sample,1214250.000,65.423,18560,18557,6856370362290641746
candidate,ad92282b0ac2b31311e7d17d2ff1c6566049bf04,1,bit,duplicates,4096,4096,2,pipeline,3504459.000,188.818,18560,4188,17777922905396887929
baseline,98f96161d2f67726864e205bc7599fff891c33dc,1,byte,interleaved,4096,4096,0,sample,2481542.000,201.948,12288,12287,3995458530025072765
baseline,98f96161d2f67726864e205bc7599fff891c33dc,1,byte,interleaved,4096,4096,0,pipeline,3936709.000,320.370,12288,3291,16457357610069266227
baseline,98f96161d2f67726864e205bc7599fff891c33dc,1,byte,interleaved,4096,4096,1,sample,2448459.000,199.256,12288,12287,3995458530025072765
baseline,98f96161d2f67726864e205bc7599fff891c33dc,1,byte,interleaved,4096,4096,1,pipeline,3898083.000,317.227,12288,3291,16457357610069266227
baseline,98f96161d2f67726864e205bc7599fff891c33dc,1,byte,interleaved,4096,4096,2,sample,2389041.000,194.421,12288,12287,3995458530025072765
baseline,98f96161d2f67726864e205bc7599fff891c33dc,1,byte,interleaved,4096,4096,2,pipeline,3939333.000,320.584,12288,3291,16457357610069266227
baseline,98f96161d2f67726864e205bc7599fff891c33dc,1,bit,interleaved,4096,4096,0,sample,2832875.000,230.540,12288,12287,16731185960236204945
baseline,98f96161d2f67726864e205bc7599fff891c33dc,1,bit,interleaved,4096,4096,0,pipeline,4392250.000,357.442,12288,3291,6689526789417462161
baseline,98f96161d2f67726864e205bc7599fff891c33dc,1,bit,interleaved,4096,4096,1,sample,2896959.000,235.755,12288,12287,16731185960236204945
baseline,98f96161d2f67726864e205bc7599fff891c33dc,1,bit,interleaved,4096,4096,1,pipeline,4535750.000,369.120,12288,3291,6689526789417462161
baseline,98f96161d2f67726864e205bc7599fff891c33dc,1,bit,interleaved,4096,4096,2,sample,2828250.000,230.164,12288,12287,16731185960236204945
baseline,98f96161d2f67726864e205bc7599fff891c33dc,1,bit,interleaved,4096,4096,2,pipeline,4625750.000,376.444,12288,3291,6689526789417462161
baseline,98f96161d2f67726864e205bc7599fff891c33dc,1,byte,duplicates,4096,4096,0,sample,3644292.000,196.352,18560,18557,13705658782080034441
baseline,98f96161d2f67726864e205bc7599fff891c33dc,1,byte,duplicates,4096,4096,0,pipeline,5695083.000,306.847,18560,4188,14512111365772538348
baseline,98f96161d2f67726864e205bc7599fff891c33dc,1,byte,duplicates,4096,4096,1,sample,3657208.000,197.048,18560,18557,13705658782080034441
baseline,98f96161d2f67726864e205bc7599fff891c33dc,1,byte,duplicates,4096,4096,1,pipeline,5721583.000,308.275,18560,4188,14512111365772538348
baseline,98f96161d2f67726864e205bc7599fff891c33dc,1,byte,duplicates,4096,4096,2,sample,3648208.000,196.563,18560,18557,13705658782080034441
baseline,98f96161d2f67726864e205bc7599fff891c33dc,1,byte,duplicates,4096,4096,2,pipeline,5629292.000,303.302,18560,4188,14512111365772538348
baseline,98f96161d2f67726864e205bc7599fff891c33dc,1,bit,duplicates,4096,4096,0,sample,4217917.000,227.258,18560,18557,6856370362290641746
baseline,98f96161d2f67726864e205bc7599fff891c33dc,1,bit,duplicates,4096,4096,0,pipeline,6411042.000,345.423,18560,4188,17777922905396887929
baseline,98f96161d2f67726864e205bc7599fff891c33dc,1,bit,duplicates,4096,4096,1,sample,4142250.000,223.182,18560,18557,6856370362290641746
baseline,98f96161d2f67726864e205bc7599fff891c33dc,1,bit,duplicates,4096,4096,1,pipeline,6271125.000,337.884,18560,4188,17777922905396887929
baseline,98f96161d2f67726864e205bc7599fff891c33dc,1,bit,duplicates,4096,4096,2,sample,4201375.000,226.367,18560,18557,6856370362290641746
baseline,98f96161d2f67726864e205bc7599fff891c33dc,1,bit,duplicates,4096,4096,2,pipeline,6373833.000,343.418,18560,4188,17777922905396887929
baseline,98f96161d2f67726864e205bc7599fff891c33dc,2,byte,interleaved,4096,4096,0,sample,2393666.000,194.797,12288,12287,3995458530025072765
baseline,98f96161d2f67726864e205bc7599fff891c33dc,2,byte,interleaved,4096,4096,0,pipeline,4065750.000,330.872,12288,3291,16457357610069266227
baseline,98f96161d2f67726864e205bc7599fff891c33dc,2,byte,interleaved,4096,4096,1,sample,2459167.000,200.128,12288,12287,3995458530025072765
baseline,98f96161d2f67726864e205bc7599fff891c33dc,2,byte,interleaved,4096,4096,1,pipeline,4030750.000,328.023,12288,3291,16457357610069266227
baseline,98f96161d2f67726864e205bc7599fff891c33dc,2,byte,interleaved,4096,4096,2,sample,2411209.000,196.225,12288,12287,3995458530025072765
baseline,98f96161d2f67726864e205bc7599fff891c33dc,2,byte,interleaved,4096,4096,2,pipeline,4012125.000,326.508,12288,3291,16457357610069266227
baseline,98f96161d2f67726864e205bc7599fff891c33dc,2,bit,interleaved,4096,4096,0,sample,2852875.000,232.168,12288,12287,16731185960236204945
baseline,98f96161d2f67726864e205bc7599fff891c33dc,2,bit,interleaved,4096,4096,0,pipeline,4593000.000,373.779,12288,3291,6689526789417462161
baseline,98f96161d2f67726864e205bc7599fff891c33dc,2,bit,interleaved,4096,4096,1,sample,2775291.000,225.854,12288,12287,16731185960236204945
baseline,98f96161d2f67726864e205bc7599fff891c33dc,2,bit,interleaved,4096,4096,1,pipeline,4500417.000,366.245,12288,3291,6689526789417462161
baseline,98f96161d2f67726864e205bc7599fff891c33dc,2,bit,interleaved,4096,4096,2,sample,3029167.000,246.514,12288,12287,16731185960236204945
baseline,98f96161d2f67726864e205bc7599fff891c33dc,2,bit,interleaved,4096,4096,2,pipeline,4396750.000,357.808,12288,3291,6689526789417462161
baseline,98f96161d2f67726864e205bc7599fff891c33dc,2,byte,duplicates,4096,4096,0,sample,3660709.000,197.236,18560,18557,13705658782080034441
baseline,98f96161d2f67726864e205bc7599fff891c33dc,2,byte,duplicates,4096,4096,0,pipeline,5910292.000,318.442,18560,4188,14512111365772538348
baseline,98f96161d2f67726864e205bc7599fff891c33dc,2,byte,duplicates,4096,4096,1,sample,3588625.000,193.353,18560,18557,13705658782080034441
baseline,98f96161d2f67726864e205bc7599fff891c33dc,2,byte,duplicates,4096,4096,1,pipeline,5884958.000,317.077,18560,4188,14512111365772538348
baseline,98f96161d2f67726864e205bc7599fff891c33dc,2,byte,duplicates,4096,4096,2,sample,3695958.000,199.136,18560,18557,13705658782080034441
baseline,98f96161d2f67726864e205bc7599fff891c33dc,2,byte,duplicates,4096,4096,2,pipeline,5751709.000,309.898,18560,4188,14512111365772538348
baseline,98f96161d2f67726864e205bc7599fff891c33dc,2,bit,duplicates,4096,4096,0,sample,4221292.000,227.440,18560,18557,6856370362290641746
baseline,98f96161d2f67726864e205bc7599fff891c33dc,2,bit,duplicates,4096,4096,0,pipeline,6330708.000,341.094,18560,4188,17777922905396887929
baseline,98f96161d2f67726864e205bc7599fff891c33dc,2,bit,duplicates,4096,4096,1,sample,4207209.000,226.682,18560,18557,6856370362290641746
baseline,98f96161d2f67726864e205bc7599fff891c33dc,2,bit,duplicates,4096,4096,1,pipeline,6504917.000,350.480,18560,4188,17777922905396887929
baseline,98f96161d2f67726864e205bc7599fff891c33dc,2,bit,duplicates,4096,4096,2,sample,4308666.000,232.148,18560,18557,6856370362290641746
baseline,98f96161d2f67726864e205bc7599fff891c33dc,2,bit,duplicates,4096,4096,2,pipeline,6601583.000,355.689,18560,4188,17777922905396887929
candidate,ad92282b0ac2b31311e7d17d2ff1c6566049bf04,2,byte,interleaved,4096,4096,0,sample,624833.000,50.849,12288,12287,3995458530025072765
candidate,ad92282b0ac2b31311e7d17d2ff1c6566049bf04,2,byte,interleaved,4096,4096,0,pipeline,2050083.000,166.836,12288,3291,16457357610069266227
candidate,ad92282b0ac2b31311e7d17d2ff1c6566049bf04,2,byte,interleaved,4096,4096,1,sample,666208.000,54.216,12288,12287,3995458530025072765
candidate,ad92282b0ac2b31311e7d17d2ff1c6566049bf04,2,byte,interleaved,4096,4096,1,pipeline,1995000.000,162.354,12288,3291,16457357610069266227
candidate,ad92282b0ac2b31311e7d17d2ff1c6566049bf04,2,byte,interleaved,4096,4096,2,sample,598250.000,48.686,12288,12287,3995458530025072765
candidate,ad92282b0ac2b31311e7d17d2ff1c6566049bf04,2,byte,interleaved,4096,4096,2,pipeline,2029666.000,165.175,12288,3291,16457357610069266227
candidate,ad92282b0ac2b31311e7d17d2ff1c6566049bf04,2,bit,interleaved,4096,4096,0,sample,891750.000,72.571,12288,12287,16731185960236204945
candidate,ad92282b0ac2b31311e7d17d2ff1c6566049bf04,2,bit,interleaved,4096,4096,0,pipeline,2477125.000,201.589,12288,3291,6689526789417462161
candidate,ad92282b0ac2b31311e7d17d2ff1c6566049bf04,2,bit,interleaved,4096,4096,1,sample,897042.000,73.001,12288,12287,16731185960236204945
candidate,ad92282b0ac2b31311e7d17d2ff1c6566049bf04,2,bit,interleaved,4096,4096,1,pipeline,2424333.000,197.293,12288,3291,6689526789417462161
candidate,ad92282b0ac2b31311e7d17d2ff1c6566049bf04,2,bit,interleaved,4096,4096,2,sample,906583.000,73.778,12288,12287,16731185960236204945
candidate,ad92282b0ac2b31311e7d17d2ff1c6566049bf04,2,bit,interleaved,4096,4096,2,pipeline,2523583.000,205.370,12288,3291,6689526789417462161
candidate,ad92282b0ac2b31311e7d17d2ff1c6566049bf04,2,byte,duplicates,4096,4096,0,sample,801625.000,43.191,18560,18557,13705658782080034441
candidate,ad92282b0ac2b31311e7d17d2ff1c6566049bf04,2,byte,duplicates,4096,4096,0,pipeline,2698500.000,145.393,18560,4188,14512111365772538348
candidate,ad92282b0ac2b31311e7d17d2ff1c6566049bf04,2,byte,duplicates,4096,4096,1,sample,795500.000,42.861,18560,18557,13705658782080034441
candidate,ad92282b0ac2b31311e7d17d2ff1c6566049bf04,2,byte,duplicates,4096,4096,1,pipeline,2677667.000,144.271,18560,4188,14512111365772538348
candidate,ad92282b0ac2b31311e7d17d2ff1c6566049bf04,2,byte,duplicates,4096,4096,2,sample,810459.000,43.667,18560,18557,13705658782080034441
candidate,ad92282b0ac2b31311e7d17d2ff1c6566049bf04,2,byte,duplicates,4096,4096,2,pipeline,2787542.000,150.191,18560,4188,14512111365772538348
candidate,ad92282b0ac2b31311e7d17d2ff1c6566049bf04,2,bit,duplicates,4096,4096,0,sample,1224958.000,66.000,18560,18557,6856370362290641746
candidate,ad92282b0ac2b31311e7d17d2ff1c6566049bf04,2,bit,duplicates,4096,4096,0,pipeline,3392458.000,182.783,18560,4188,17777922905396887929
candidate,ad92282b0ac2b31311e7d17d2ff1c6566049bf04,2,bit,duplicates,4096,4096,1,sample,1210875.000,65.241,18560,18557,6856370362290641746
candidate,ad92282b0ac2b31311e7d17d2ff1c6566049bf04,2,bit,duplicates,4096,4096,1,pipeline,3375125.000,181.849,18560,4188,17777922905396887929
candidate,ad92282b0ac2b31311e7d17d2ff1c6566049bf04,2,bit,duplicates,4096,4096,2,sample,1222625.000,65.874,18560,18557,6856370362290641746
candidate,ad92282b0ac2b31311e7d17d2ff1c6566049bf04,2,bit,duplicates,4096,4096,2,pipeline,3404250.000,183.419,18560,4188,17777922905396887929
candidate,ad92282b0ac2b31311e7d17d2ff1c6566049bf04,3,byte,interleaved,4096,4096,0,sample,582458.000,47.401,12288,12287,3995458530025072765
candidate,ad92282b0ac2b31311e7d17d2ff1c6566049bf04,3,byte,interleaved,4096,4096,0,pipeline,2032167.000,165.378,12288,3291,16457357610069266227
candidate,ad92282b0ac2b31311e7d17d2ff1c6566049bf04,3,byte,interleaved,4096,4096,1,sample,581250.000,47.302,12288,12287,3995458530025072765
candidate,ad92282b0ac2b31311e7d17d2ff1c6566049bf04,3,byte,interleaved,4096,4096,1,pipeline,1994875.000,162.343,12288,3291,16457357610069266227
candidate,ad92282b0ac2b31311e7d17d2ff1c6566049bf04,3,byte,interleaved,4096,4096,2,sample,612750.000,49.866,12288,12287,3995458530025072765
candidate,ad92282b0ac2b31311e7d17d2ff1c6566049bf04,3,byte,interleaved,4096,4096,2,pipeline,2006334.000,163.276,12288,3291,16457357610069266227
candidate,ad92282b0ac2b31311e7d17d2ff1c6566049bf04,3,bit,interleaved,4096,4096,0,sample,899292.000,73.185,12288,12287,16731185960236204945
candidate,ad92282b0ac2b31311e7d17d2ff1c6566049bf04,3,bit,interleaved,4096,4096,0,pipeline,2478833.000,201.728,12288,3291,6689526789417462161
candidate,ad92282b0ac2b31311e7d17d2ff1c6566049bf04,3,bit,interleaved,4096,4096,1,sample,919667.000,74.843,12288,12287,16731185960236204945
candidate,ad92282b0ac2b31311e7d17d2ff1c6566049bf04,3,bit,interleaved,4096,4096,1,pipeline,2474417.000,201.369,12288,3291,6689526789417462161
candidate,ad92282b0ac2b31311e7d17d2ff1c6566049bf04,3,bit,interleaved,4096,4096,2,sample,893750.000,72.734,12288,12287,16731185960236204945
candidate,ad92282b0ac2b31311e7d17d2ff1c6566049bf04,3,bit,interleaved,4096,4096,2,pipeline,2433084.000,198.005,12288,3291,6689526789417462161
candidate,ad92282b0ac2b31311e7d17d2ff1c6566049bf04,3,byte,duplicates,4096,4096,0,sample,809000.000,43.588,18560,18557,13705658782080034441
candidate,ad92282b0ac2b31311e7d17d2ff1c6566049bf04,3,byte,duplicates,4096,4096,0,pipeline,2689958.000,144.933,18560,4188,14512111365772538348
candidate,ad92282b0ac2b31311e7d17d2ff1c6566049bf04,3,byte,duplicates,4096,4096,1,sample,845833.000,45.573,18560,18557,13705658782080034441
candidate,ad92282b0ac2b31311e7d17d2ff1c6566049bf04,3,byte,duplicates,4096,4096,1,pipeline,2720042.000,146.554,18560,4188,14512111365772538348
candidate,ad92282b0ac2b31311e7d17d2ff1c6566049bf04,3,byte,duplicates,4096,4096,2,sample,831084.000,44.778,18560,18557,13705658782080034441
candidate,ad92282b0ac2b31311e7d17d2ff1c6566049bf04,3,byte,duplicates,4096,4096,2,pipeline,2736250.000,147.427,18560,4188,14512111365772538348
candidate,ad92282b0ac2b31311e7d17d2ff1c6566049bf04,3,bit,duplicates,4096,4096,0,sample,1248583.000,67.273,18560,18557,6856370362290641746
candidate,ad92282b0ac2b31311e7d17d2ff1c6566049bf04,3,bit,duplicates,4096,4096,0,pipeline,3345666.000,180.262,18560,4188,17777922905396887929
candidate,ad92282b0ac2b31311e7d17d2ff1c6566049bf04,3,bit,duplicates,4096,4096,1,sample,1242334.000,66.936,18560,18557,6856370362290641746
candidate,ad92282b0ac2b31311e7d17d2ff1c6566049bf04,3,bit,duplicates,4096,4096,1,pipeline,3330584.000,179.450,18560,4188,17777922905396887929
candidate,ad92282b0ac2b31311e7d17d2ff1c6566049bf04,3,bit,duplicates,4096,4096,2,sample,1286375.000,69.309,18560,18557,6856370362290641746
candidate,ad92282b0ac2b31311e7d17d2ff1c6566049bf04,3,bit,duplicates,4096,4096,2,pipeline,3310541.000,178.370,18560,4188,17777922905396887929
baseline,98f96161d2f67726864e205bc7599fff891c33dc,3,byte,interleaved,4096,4096,0,sample,2394167.000,194.838,12288,12287,3995458530025072765
baseline,98f96161d2f67726864e205bc7599fff891c33dc,3,byte,interleaved,4096,4096,0,pipeline,3890750.000,316.630,12288,3291,16457357610069266227
baseline,98f96161d2f67726864e205bc7599fff891c33dc,3,byte,interleaved,4096,4096,1,sample,2577750.000,209.778,12288,12287,3995458530025072765
baseline,98f96161d2f67726864e205bc7599fff891c33dc,3,byte,interleaved,4096,4096,1,pipeline,3966709.000,322.812,12288,3291,16457357610069266227
baseline,98f96161d2f67726864e205bc7599fff891c33dc,3,byte,interleaved,4096,4096,2,sample,2425542.000,197.391,12288,12287,3995458530025072765
baseline,98f96161d2f67726864e205bc7599fff891c33dc,3,byte,interleaved,4096,4096,2,pipeline,3975208.000,323.503,12288,3291,16457357610069266227
baseline,98f96161d2f67726864e205bc7599fff891c33dc,3,bit,interleaved,4096,4096,0,sample,2798541.000,227.746,12288,12287,16731185960236204945
baseline,98f96161d2f67726864e205bc7599fff891c33dc,3,bit,interleaved,4096,4096,0,pipeline,4536292.000,369.164,12288,3291,6689526789417462161
baseline,98f96161d2f67726864e205bc7599fff891c33dc,3,bit,interleaved,4096,4096,1,sample,2814334.000,229.031,12288,12287,16731185960236204945
baseline,98f96161d2f67726864e205bc7599fff891c33dc,3,bit,interleaved,4096,4096,1,pipeline,4366708.000,355.364,12288,3291,6689526789417462161
baseline,98f96161d2f67726864e205bc7599fff891c33dc,3,bit,interleaved,4096,4096,2,sample,2890125.000,235.199,12288,12287,16731185960236204945
baseline,98f96161d2f67726864e205bc7599fff891c33dc,3,bit,interleaved,4096,4096,2,pipeline,4572916.000,372.145,12288,3291,6689526789417462161
baseline,98f96161d2f67726864e205bc7599fff891c33dc,3,byte,duplicates,4096,4096,0,sample,3583375.000,193.070,18560,18557,13705658782080034441
baseline,98f96161d2f67726864e205bc7599fff891c33dc,3,byte,duplicates,4096,4096,0,pipeline,5663875.000,305.166,18560,4188,14512111365772538348
baseline,98f96161d2f67726864e205bc7599fff891c33dc,3,byte,duplicates,4096,4096,1,sample,3686375.000,198.619,18560,18557,13705658782080034441
baseline,98f96161d2f67726864e205bc7599fff891c33dc,3,byte,duplicates,4096,4096,1,pipeline,5713875.000,307.860,18560,4188,14512111365772538348
baseline,98f96161d2f67726864e205bc7599fff891c33dc,3,byte,duplicates,4096,4096,2,sample,3644417.000,196.359,18560,18557,13705658782080034441
baseline,98f96161d2f67726864e205bc7599fff891c33dc,3,byte,duplicates,4096,4096,2,pipeline,5880958.000,316.862,18560,4188,14512111365772538348
baseline,98f96161d2f67726864e205bc7599fff891c33dc,3,bit,duplicates,4096,4096,0,sample,4162625.000,224.279,18560,18557,6856370362290641746
baseline,98f96161d2f67726864e205bc7599fff891c33dc,3,bit,duplicates,4096,4096,0,pipeline,6562417.000,353.579,18560,4188,17777922905396887929
baseline,98f96161d2f67726864e205bc7599fff891c33dc,3,bit,duplicates,4096,4096,1,sample,4228541.000,227.831,18560,18557,6856370362290641746
baseline,98f96161d2f67726864e205bc7599fff891c33dc,3,bit,duplicates,4096,4096,1,pipeline,6284041.000,338.580,18560,4188,17777922905396887929
baseline,98f96161d2f67726864e205bc7599fff891c33dc,3,bit,duplicates,4096,4096,2,sample,4340125.000,233.843,18560,18557,6856370362290641746
baseline,98f96161d2f67726864e205bc7599fff891c33dc,3,bit,duplicates,4096,4096,2,pipeline,6414625.000,345.616,18560,4188,17777922905396887929
baseline,98f96161d2f67726864e205bc7599fff891c33dc,4,byte,interleaved,4096,4096,0,sample,2387917.000,194.329,12288,12287,3995458530025072765
baseline,98f96161d2f67726864e205bc7599fff891c33dc,4,byte,interleaved,4096,4096,0,pipeline,3889375.000,316.518,12288,3291,16457357610069266227
baseline,98f96161d2f67726864e205bc7599fff891c33dc,4,byte,interleaved,4096,4096,1,sample,2437334.000,198.351,12288,12287,3995458530025072765
baseline,98f96161d2f67726864e205bc7599fff891c33dc,4,byte,interleaved,4096,4096,1,pipeline,3905250.000,317.810,12288,3291,16457357610069266227
baseline,98f96161d2f67726864e205bc7599fff891c33dc,4,byte,interleaved,4096,4096,2,sample,2439833.000,198.554,12288,12287,3995458530025072765
baseline,98f96161d2f67726864e205bc7599fff891c33dc,4,byte,interleaved,4096,4096,2,pipeline,3888917.000,316.481,12288,3291,16457357610069266227
baseline,98f96161d2f67726864e205bc7599fff891c33dc,4,bit,interleaved,4096,4096,0,sample,2801083.000,227.953,12288,12287,16731185960236204945
baseline,98f96161d2f67726864e205bc7599fff891c33dc,4,bit,interleaved,4096,4096,0,pipeline,4354208.000,354.346,12288,3291,6689526789417462161
baseline,98f96161d2f67726864e205bc7599fff891c33dc,4,bit,interleaved,4096,4096,1,sample,2785542.000,226.688,12288,12287,16731185960236204945
baseline,98f96161d2f67726864e205bc7599fff891c33dc,4,bit,interleaved,4096,4096,1,pipeline,4346584.000,353.726,12288,3291,6689526789417462161
baseline,98f96161d2f67726864e205bc7599fff891c33dc,4,bit,interleaved,4096,4096,2,sample,2793500.000,227.336,12288,12287,16731185960236204945
baseline,98f96161d2f67726864e205bc7599fff891c33dc,4,bit,interleaved,4096,4096,2,pipeline,4382667.000,356.662,12288,3291,6689526789417462161
baseline,98f96161d2f67726864e205bc7599fff891c33dc,4,byte,duplicates,4096,4096,0,sample,3593125.000,193.595,18560,18557,13705658782080034441
baseline,98f96161d2f67726864e205bc7599fff891c33dc,4,byte,duplicates,4096,4096,0,pipeline,5710333.000,307.669,18560,4188,14512111365772538348
baseline,98f96161d2f67726864e205bc7599fff891c33dc,4,byte,duplicates,4096,4096,1,sample,3594583.000,193.674,18560,18557,13705658782080034441
baseline,98f96161d2f67726864e205bc7599fff891c33dc,4,byte,duplicates,4096,4096,1,pipeline,5794750.000,312.217,18560,4188,14512111365772538348
baseline,98f96161d2f67726864e205bc7599fff891c33dc,4,byte,duplicates,4096,4096,2,sample,3797083.000,204.584,18560,18557,13705658782080034441
baseline,98f96161d2f67726864e205bc7599fff891c33dc,4,byte,duplicates,4096,4096,2,pipeline,5624167.000,303.026,18560,4188,14512111365772538348
baseline,98f96161d2f67726864e205bc7599fff891c33dc,4,bit,duplicates,4096,4096,0,sample,4267167.000,229.912,18560,18557,6856370362290641746
baseline,98f96161d2f67726864e205bc7599fff891c33dc,4,bit,duplicates,4096,4096,0,pipeline,6458167.000,347.962,18560,4188,17777922905396887929
baseline,98f96161d2f67726864e205bc7599fff891c33dc,4,bit,duplicates,4096,4096,1,sample,4242042.000,228.558,18560,18557,6856370362290641746
baseline,98f96161d2f67726864e205bc7599fff891c33dc,4,bit,duplicates,4096,4096,1,pipeline,6420875.000,345.952,18560,4188,17777922905396887929
baseline,98f96161d2f67726864e205bc7599fff891c33dc,4,bit,duplicates,4096,4096,2,sample,4164583.000,224.385,18560,18557,6856370362290641746
baseline,98f96161d2f67726864e205bc7599fff891c33dc,4,bit,duplicates,4096,4096,2,pipeline,6367750.000,343.090,18560,4188,17777922905396887929
candidate,ad92282b0ac2b31311e7d17d2ff1c6566049bf04,4,byte,interleaved,4096,4096,0,sample,594333.000,48.367,12288,12287,3995458530025072765
candidate,ad92282b0ac2b31311e7d17d2ff1c6566049bf04,4,byte,interleaved,4096,4096,0,pipeline,2025333.000,164.822,12288,3291,16457357610069266227
candidate,ad92282b0ac2b31311e7d17d2ff1c6566049bf04,4,byte,interleaved,4096,4096,1,sample,600083.000,48.835,12288,12287,3995458530025072765
candidate,ad92282b0ac2b31311e7d17d2ff1c6566049bf04,4,byte,interleaved,4096,4096,1,pipeline,1987833.000,161.770,12288,3291,16457357610069266227
candidate,ad92282b0ac2b31311e7d17d2ff1c6566049bf04,4,byte,interleaved,4096,4096,2,sample,590917.000,48.089,12288,12287,3995458530025072765
candidate,ad92282b0ac2b31311e7d17d2ff1c6566049bf04,4,byte,interleaved,4096,4096,2,pipeline,2094167.000,170.424,12288,3291,16457357610069266227
candidate,ad92282b0ac2b31311e7d17d2ff1c6566049bf04,4,bit,interleaved,4096,4096,0,sample,897875.000,73.069,12288,12287,16731185960236204945
candidate,ad92282b0ac2b31311e7d17d2ff1c6566049bf04,4,bit,interleaved,4096,4096,0,pipeline,2473791.000,201.318,12288,3291,6689526789417462161
candidate,ad92282b0ac2b31311e7d17d2ff1c6566049bf04,4,bit,interleaved,4096,4096,1,sample,927042.000,75.443,12288,12287,16731185960236204945
candidate,ad92282b0ac2b31311e7d17d2ff1c6566049bf04,4,bit,interleaved,4096,4096,1,pipeline,2542417.000,206.902,12288,3291,6689526789417462161
candidate,ad92282b0ac2b31311e7d17d2ff1c6566049bf04,4,bit,interleaved,4096,4096,2,sample,901833.000,73.391,12288,12287,16731185960236204945
candidate,ad92282b0ac2b31311e7d17d2ff1c6566049bf04,4,bit,interleaved,4096,4096,2,pipeline,2515125.000,204.681,12288,3291,6689526789417462161
candidate,ad92282b0ac2b31311e7d17d2ff1c6566049bf04,4,byte,duplicates,4096,4096,0,sample,898458.000,48.408,18560,18557,13705658782080034441
candidate,ad92282b0ac2b31311e7d17d2ff1c6566049bf04,4,byte,duplicates,4096,4096,0,pipeline,2885959.000,155.493,18560,4188,14512111365772538348
candidate,ad92282b0ac2b31311e7d17d2ff1c6566049bf04,4,byte,duplicates,4096,4096,1,sample,813208.000,43.815,18560,18557,13705658782080034441
candidate,ad92282b0ac2b31311e7d17d2ff1c6566049bf04,4,byte,duplicates,4096,4096,1,pipeline,2863417.000,154.279,18560,4188,14512111365772538348
candidate,ad92282b0ac2b31311e7d17d2ff1c6566049bf04,4,byte,duplicates,4096,4096,2,sample,840292.000,45.274,18560,18557,13705658782080034441
candidate,ad92282b0ac2b31311e7d17d2ff1c6566049bf04,4,byte,duplicates,4096,4096,2,pipeline,2862458.000,154.227,18560,4188,14512111365772538348
candidate,ad92282b0ac2b31311e7d17d2ff1c6566049bf04,4,bit,duplicates,4096,4096,0,sample,1219875.000,65.726,18560,18557,6856370362290641746
candidate,ad92282b0ac2b31311e7d17d2ff1c6566049bf04,4,bit,duplicates,4096,4096,0,pipeline,3377208.000,181.962,18560,4188,17777922905396887929
candidate,ad92282b0ac2b31311e7d17d2ff1c6566049bf04,4,bit,duplicates,4096,4096,1,sample,1215417.000,65.486,18560,18557,6856370362290641746
candidate,ad92282b0ac2b31311e7d17d2ff1c6566049bf04,4,bit,duplicates,4096,4096,1,pipeline,3442042.000,185.455,18560,4188,17777922905396887929
candidate,ad92282b0ac2b31311e7d17d2ff1c6566049bf04,4,bit,duplicates,4096,4096,2,sample,1269042.000,68.375,18560,18557,6856370362290641746
candidate,ad92282b0ac2b31311e7d17d2ff1c6566049bf04,4,bit,duplicates,4096,4096,2,pipeline,3421000.000,184.321,18560,4188,17777922905396887929
