key_bits,count,shape,windows,pattern,binary_ns,binary_min,binary_max,simd_ns,simd_min,simd_max,automatic_ns,automatic_min,automatic_max,simd_ratio,simd_disjoint_win,simd_disjoint_loss,automatic_ratio,automatic_disjoint_win,automatic_disjoint_loss,checksum
32,1,random,1,dependent,6.66365,6.64966,6.76219,12.1606,12.0373,13.6681,12.1365,12.0729,12.1365,0.5479704948768974,False,True,0.549058624809459,False,True,8336
32,1,random,1,independent,1.72551,1.681,1.75604,2.50308,2.50182,2.50562,2.50626,2.50244,2.56667,0.6893547149911309,False,True,0.6884800459649039,False,True,7024
32,1,random,8192,dependent,20.8747,20.6553,20.8918,24.4395,24.2176,24.5425,24.3905,24.2379,24.4478,0.854137768775957,False,True,0.8558537135360079,False,True,19281
32,1,random,8192,independent,2.81398,2.786,3.03395,3.2177,3.15729,3.51143,3.1662,3.16238,3.82742,0.8745314976536035,False,True,0.8887562377613543,False,True,16216
32,1,shared,1,dependent,6.66237,6.65982,6.9294,12.5058,12.3431,12.5599,12.1784,12.0926,12.6642,0.5327424075229094,False,True,0.5470644748078566,False,True,8336
32,1,shared,1,independent,1.70645,1.62251,1.79036,2.51453,2.50562,2.57556,2.60735,2.50244,2.68874,0.6786357689110887,False,True,0.6544767675992866,False,True,7024
32,1,shared,8192,dependent,21.0298,20.8594,21.1531,24.4458,24.3511,24.4853,25.3372,24.5908,25.3595,0.8602622945454844,False,True,0.829997000457825,False,True,19281
32,1,shared,8192,independent,2.86993,2.79555,2.95322,3.23994,3.15984,3.2495,3.27048,3.13123,3.40399,0.8857972678506393,False,True,0.8775256231501186,False,True,16216
32,2,random,1,dependent,11.7226,11.7207,11.7823,13.0641,12.5624,13.5078,13.0978,12.7322,13.1105,0.8973140132117788,False,True,0.895005268060285,False,True,48792
32,2,random,1,independent,2.72115,2.71034,2.79553,2.5069,2.50688,2.51007,2.50879,2.50435,2.51007,1.0854641190314733,True,False,1.08464638331626,True,False,49344
32,2,random,8192,dependent,26.7836,26.5935,26.9852,26.8733,25.0791,27.298,25.3054,25.0626,25.5152,0.9966621144407274,False,False,1.0584144095726604,True,False,49048
32,2,random,8192,independent,5.14412,5.12886,5.22932,3.32451,3.32133,3.79753,3.3582,3.35503,3.6138,1.5473317872408265,True,False,1.531808707045441,True,False,49216
32,2,shared,1,dependent,11.9197,11.7219,12.6578,13.0666,12.4213,13.1448,13.0742,12.3494,13.4735,0.9122265929928215,False,False,0.9116963179391474,False,False,48792
32,2,shared,1,independent,2.73006,2.73006,2.786,2.50626,2.50435,2.51579,2.50497,2.50435,2.51198,1.089296401809868,True,False,1.08985736356124,True,False,49344
32,2,shared,8192,dependent,28.4328,26.2318,28.5765,25.952,25.1427,26.1415,25.5369,24.9176,26.7709,1.0955918618988902,True,False,1.1134006085311843,False,False,49048
32,2,shared,8192,independent,5.58789,4.75757,5.61523,3.31435,3.25139,3.56293,3.32642,3.30034,3.56102,1.685968591126465,True,False,1.6798510109968072,True,False,49216
32,3,random,1,dependent,10.6659,10.3213,10.7327,14.5086,14.2199,14.5836,14.2778,14.061,15.564,0.7351432943219884,False,True,0.7470268528764936,False,True,47555
32,3,random,1,independent,2.15784,2.14703,2.22778,2.50499,2.50435,2.53296,2.60735,2.6067,2.61244,0.8614166124415668,False,True,0.8275989031008496,False,True,44400
32,3,random,8192,dependent,25.3429,24.4166,25.898,27.6635,26.5382,28.9072,27.5745,26.2578,27.6788,0.9161132900753701,False,True,0.9190701553971967,False,True,82608
32,3,random,8192,independent,3.98572,3.27873,3.98889,3.10771,3.0988,3.13632,3.21706,3.21642,3.25076,1.2825263618548708,True,False,1.2389324414216707,True,False,82056
32,3,shared,1,dependent,10.3868,10.3188,10.5177,14.0438,13.9726,14.122,14.1182,14.0482,14.8958,0.7396003930560104,False,True,0.7357028516383107,False,True,47555
32,3,shared,1,independent,2.1534,2.15211,2.37465,2.50371,2.5018,2.64359,2.75612,2.66075,2.92397,0.8600836358843477,False,True,0.7813157627389228,False,True,44400
32,3,shared,8192,dependent,24.6029,24.3454,24.8553,26.0677,25.9953,26.5249,27.4118,25.7117,28.9167,0.9438078541643491,False,True,0.897529531077857,False,True,82608
32,3,shared,8192,independent,4.02386,4.01244,4.12497,3.17764,3.06129,3.19164,3.28954,3.23677,3.34549,1.2663045530645385,True,False,1.223228779707801,True,False,82056
32,4,random,1,dependent,17.4198,16.8839,17.6334,12.3781,12.2216,12.5828,12.6107,12.2865,12.8663,1.4073080682818848,True,False,1.3813507576898982,True,False,105032
32,4,random,1,independent,3.94566,3.93105,3.99144,2.08855,2.08727,2.08983,2.08983,2.08791,2.2316,1.8891862775609873,True,False,1.888029169836781,True,False,105904
32,4,random,8192,dependent,31.606,31.4032,34.6966,25.0397,24.7637,25.128,25.5572,24.3308,26.7487,1.262235569914975,True,False,1.2366769442661951,True,False,116017
32,4,random,8192,independent,7.74384,7.38589,8.04837,3.28763,3.09818,3.40588,3.26602,3.07274,3.36075,2.355447541237913,True,False,2.3710326329906124,True,False,116824
32,4,shared,1,dependent,16.9462,16.6988,17.5152,12.2693,12.2477,13.2713,12.4308,12.2731,12.7303,1.381187190793281,True,False,1.3632429127650676,True,False,105032
32,4,shared,1,independent,4.01051,3.92342,4.05948,2.08728,2.08727,2.15213,2.17247,2.086,2.19727,1.9214048905752943,True,False,1.8460600146377164,True,False,105904
32,4,shared,8192,dependent,32.8185,31.7472,33.2266,24.9755,24.7695,25.0594,25.1102,24.2952,25.7676,1.3140277471922484,True,False,1.3069788372852467,True,False,116017
32,4,shared,8192,independent,7.53848,7.34457,7.56645,3.2088,3.11661,3.27301,3.18782,3.04475,3.31371,2.3493143854400396,True,False,2.3647759283773864,True,False,116824
32,5,random,1,dependent,16.7923,16.751,16.908,28.8099,27.7271,29.452,29.1494,27.3457,29.2613,0.5828656121680396,False,True,0.5760770376062629,False,True,129799
32,5,random,1,independent,3.96474,3.95457,4.04039,11.0912,10.8852,11.8904,11.804,10.7059,11.8637,0.3574671811886901,False,True,0.33588105726872247,False,True,130168
32,5,random,8192,dependent,32.4497,31.9538,35.4424,41.4053,40.9336,41.8752,41.0779,40.247,41.2133,0.7837088488671741,False,True,0.7899551827138194,False,True,148254
32,5,random,8192,independent,7.50351,6.67381,7.56645,13.9999,13.8493,14.0883,15.0903,15.0566,16.8196,0.5359688283487739,False,True,0.4972406115186577,False,True,146368
32,5,shared,1,dependent,16.6327,16.4871,17.4446,28.3051,27.0303,28.532,27.0392,26.4333,31.1298,0.5876220186468163,False,True,0.6151328441669872,False,True,129799
32,5,shared,1,independent,4.00861,3.94058,4.08363,10.6722,10.0988,12.0818,10.7282,9.76753,11.7455,0.37561233859935156,False,True,0.37365168434592944,False,True,130168
32,5,shared,8192,dependent,31.7128,31.2462,31.9074,42.6636,40.4555,44.7998,41.8294,39.4554,43.3331,0.7433221762814202,False,True,0.7581461842627435,False,True,148254
32,5,shared,8192,independent,7.60078,7.54674,7.66945,15.3033,15.1914,15.6218,15.3936,14.0673,15.6428,0.4966758803656728,False,True,0.49376234279180964,False,True,146368
32,6,random,1,dependent,17.0542,16.8908,17.697,28.4824,27.701,30.7611,28.8766,27.4353,30.3726,0.5987627447125243,False,True,0.5905889197481698,False,True,187144
32,6,random,1,independent,3.9393,3.93423,3.94502,10.0486,9.09615,11.4695,10.32,9.22585,11.371,0.3920247596680134,False,True,0.38171511627906973,False,True,190040
32,6,random,8192,dependent,32.3912,32.3703,32.6157,41.3125,41.0124,42.5905,41.3704,40.1414,42.6839,0.7840532526475037,False,True,0.7829559298435597,False,True,176605
32,6,random,8192,independent,7.67072,7.43103,7.68661,9.48589,9.42548,9.87943,9.69823,9.61494,10.6894,0.808645261541089,False,True,0.7909402024905575,False,True,179576
32,6,shared,1,dependent,16.9481,16.7077,17.938,28.478,27.6368,31.1947,27.2923,26.3449,29.7597,0.5951295737060186,False,True,0.6209846733327715,False,True,187144
32,6,shared,1,independent,4.03723,3.9444,4.33986,9.90105,9.43501,11.3157,10.3709,9.38861,10.3919,0.40775776306553346,False,True,0.38928444011609403,False,True,190040
32,6,shared,8192,dependent,32.6112,32.2151,32.6436,42.1384,40.4091,42.256,42.0138,41.666,42.8403,0.7739069352419645,False,True,0.7762021050226353,False,True,176605
32,6,shared,8192,independent,7.52512,6.96692,7.68852,9.40958,9.33012,9.62448,9.6124,9.35999,9.78024,0.7997296372420448,False,True,0.782855478340477,False,True,179576
32,7,random,1,dependent,13.8474,13.3731,14.4838,26.7817,25.8026,31.0529,26.2725,26.2426,31.1635,0.5170470881236068,False,True,0.5270682272337996,False,True,221112
32,7,random,1,independent,2.78854,2.73387,3.10326,3.91769,3.90306,4.12178,4.03659,3.99971,4.37164,0.711781687678198,False,True,0.6908157628096981,False,True,224024
32,7,random,8192,dependent,28.457,28.2523,28.5632,42.7717,42.635,45.0726,40.8955,40.4396,42.448,0.6653230991520094,False,True,0.6958467313029552,False,True,212536
32,7,random,8192,independent,5.46138,4.40724,5.60252,6.0997,5.70934,6.4214,6.32732,5.66229,6.43857,0.8953522304375625,False,True,0.8631426891638165,False,True,213432
32,7,shared,1,dependent,13.6833,13.4366,13.7946,26.612,26.5153,31.9557,26.5611,25.6195,30.4788,0.5141778145197655,False,True,0.5151631521284886,False,True,221112
32,7,shared,1,independent,2.98373,2.74339,3.03015,3.99907,3.91324,4.11861,4.08173,4.05121,4.50261,0.7461059696379408,False,True,0.7309964157354847,False,True,224024
32,7,shared,8192,dependent,29.513,28.6789,29.7661,42.6051,42.4105,43.0851,41.652,40.8986,41.9413,0.6927104971001125,False,True,0.7085614136175934,False,True,212536
32,7,shared,8192,independent,5.28908,4.47528,5.29163,6.05011,5.59807,6.17728,6.03485,5.61078,6.10287,0.874212204406201,False,True,0.8764227776995287,False,True,213432
32,8,random,1,dependent,21.8124,21.4055,22.8138,32.5063,31.5495,38.456,33.3945,33.116,37.8348,0.6710206944499989,False,True,0.6531734267618919,False,True,222493
32,8,random,1,independent,5.60887,5.44803,5.71568,15.0216,14.1977,15.1342,15.0935,14.6491,15.4559,0.3733869894019279,False,True,0.37160830821214424,False,True,220664
32,8,random,8192,dependent,38.5793,37.9143,38.8839,46.0981,45.1915,46.6188,46.2449,46.1769,46.8578,0.8368956638126084,False,True,0.834239018789099,False,True,246296
32,8,random,8192,independent,10.3219,9.37843,10.4923,17.1471,17.0555,17.2456,17.5368,17.0466,18.02,0.6019618477760088,False,True,0.5885851466630172,False,True,245912
32,8,shared,1,dependent,22.5391,21.7107,23.1253,31.9176,31.6149,38.0446,34.1066,31.8267,38.606,0.7061652505200893,False,True,0.6608427694346549,False,True,222493
32,8,shared,1,independent,5.58472,5.43913,5.63939,15.1202,14.5747,15.7363,14.9187,14.7794,15.4139,0.36935490271292704,False,True,0.3743436090275962,False,True,220664
32,8,shared,8192,dependent,38.2036,37.845,39.0072,45.5443,44.6396,46.5577,46.9456,45.7172,47.1751,0.838822860379894,False,True,0.8137844654238098,False,True,246296
32,8,shared,8192,independent,10.2978,10.128,10.3855,18.0028,16.9926,18.3608,16.9703,16.7828,17.6379,0.572011020507921,False,True,0.6068130793209312,False,True,245912
32,9,random,1,dependent,22.3198,21.9555,22.7782,32.6881,32.1999,37.4622,33.5674,32.9691,37.5087,0.6828111759325259,False,True,0.6649248973706633,False,True,273740
32,9,random,1,independent,5.56755,5.46265,5.74556,15.2003,14.4018,16.4242,14.8169,14.4952,16.9131,0.3662789550206246,False,True,0.37575673723923353,False,True,273536
32,9,random,8192,dependent,37.7413,37.6911,39.0428,47.5788,46.1229,48.378,48.4428,46.8133,48.7385,0.7932377445416867,False,True,0.7790899782836666,False,True,279796
32,9,random,8192,independent,10.2469,9.57425,10.2806,19.1905,19.0805,19.7322,18.7429,18.7009,19.413,0.5339569057606628,False,True,0.546708353563216,False,True,279456
32,9,shared,1,dependent,21.808,21.6077,22.3045,32.5203,32.2666,38.3778,34.5891,32.7339,36.9085,0.6705965197123028,False,True,0.630487639169565,False,True,273740
32,9,shared,1,independent,5.44803,5.44357,5.50206,14.4895,14.3922,15.5366,14.8735,14.6631,16.0561,0.3759984816591325,False,True,0.36629105456012373,False,True,273536
32,9,shared,8192,dependent,39.9933,37.8259,42.4754,46.7231,46.5139,48.4492,47.7378,46.257,47.7994,0.8559641804589164,False,True,0.837770069001923,False,True,279796
32,9,shared,8192,independent,10.3499,10.2018,10.4135,19.7074,19.1581,20.8238,19.146,18.4676,19.2464,0.5251783593979926,False,True,0.5405776663532853,False,True,279456
32,10,random,1,dependent,21.9752,21.869,22.646,34.0214,32.6099,36.9326,31.978,31.3422,34.9407,0.6459228603173297,False,True,0.6871974482456689,False,True,306694
32,10,random,1,independent,5.45755,5.45184,5.63876,12.4836,12.4753,13.5282,13.4818,13.0138,13.9167,0.4371775769809991,False,True,0.4048087050690561,False,True,306840
32,10,random,8192,dependent,38.6562,38.0077,39.306,45.4744,44.6091,46.3619,46.6665,44.33,46.7001,0.850065091568003,False,True,0.8283501012503616,False,True,311217
32,10,random,8192,independent,10.2278,10.0136,10.4046,12.53,12.0888,12.6521,11.6335,11.5166,12.0532,0.8162649640861932,False,True,0.8791679202303693,False,True,313864
32,10,shared,1,dependent,22.7477,22.37,23.0185,32.3671,31.5107,36.7476,32.8541,31.1845,35.3654,0.7028031550555965,False,True,0.6923854252589478,False,True,306694
32,10,shared,1,independent,5.50206,5.47409,5.59108,12.5688,12.5052,13.3413,12.8034,12.6514,13.9147,0.4377553943097193,False,True,0.4297342893293969,False,True,306840
32,10,shared,8192,dependent,37.9174,37.4851,39.2577,46.1063,45.4082,46.182,45.6263,45.084,47.198,0.822390866324125,False,True,0.8310426223471988,False,True,311217
32,10,shared,8192,independent,9.96082,9.40387,10.3016,11.6889,11.666,11.8484,12.0786,11.8065,12.3335,0.8521605968055164,False,True,0.824666766015929,False,True,313864
32,11,random,1,dependent,21.8334,21.7985,22.5589,29.211,28.0501,33.4625,28.2822,27.647,32.8223,0.7474376091198521,False,True,0.7719837919256636,False,True,347792
32,11,random,1,independent,5.71823,5.63367,6.05392,4.44603,4.28645,4.46892,4.50516,4.2998,4.73531,1.28614291851382,True,False,1.2692623569418178,True,False,351456
32,11,random,8192,dependent,39.985,38.702,40.5057,45.7999,45.1094,48.8224,45.592,44.8062,46.9208,0.8730368406917919,False,True,0.8770178978768205,False,True,346098
32,11,random,8192,independent,10.3506,10.1274,10.4116,6.88362,6.567,7.55882,7.04701,6.72977,7.08771,1.5036565063149914,True,False,1.4687931477321587,True,False,345584
32,11,shared,1,dependent,22.1736,21.8735,22.7604,30.8145,29.4641,32.6449,28.9574,27.9357,32.4287,0.7195833130506742,False,True,0.7657317300586379,False,True,347792
32,11,shared,1,independent,5.51097,5.45819,5.8028,4.28073,4.27628,4.53441,4.39136,4.26102,4.58018,1.2873902348431225,True,False,1.2549574619252353,True,False,351456
32,11,shared,8192,dependent,39.0981,38.6829,39.9634,44.4139,44.4063,46.7002,45.6098,45.5977,47.4809,0.8803122445900946,False,True,0.8572302443773049,False,True,346098
32,11,shared,8192,independent,10.6926,9.76309,10.9151,7.20596,6.27708,7.37698,7.49142,6.25928,8.56972,1.4838550311131342,True,False,1.4273128458957047,True,False,345584
32,12,random,1,dependent,21.9816,21.2491,22.8411,32.5616,32.039,37.7032,34.0029,33.1122,38.5596,0.67507739177436,False,True,0.6464625076096451,False,True,368786
32,12,random,1,independent,5.50079,5.44357,5.64513,13.2643,12.8816,13.7622,13.4474,12.8447,14.7508,0.41470639234637335,False,True,0.4090597438910124,False,True,365160
32,12,random,8192,dependent,39.5235,39.1871,40.6882,47.65,47.3944,47.7028,48.9337,48.797,49.1015,0.8294543546694648,False,True,0.8076949014687219,False,True,383544
32,12,random,8192,independent,10.3366,10.1255,10.9545,16.5977,15.1221,16.7732,14.8487,14.8417,15.8971,0.6227730348180772,False,True,0.6961282805902201,False,True,375944
32,12,shared,1,dependent,21.4291,21.3025,21.5931,32.9272,31.8712,35.7908,31.7847,31.6423,36.7749,0.650802376151024,False,True,0.6741954462367113,False,True,368786
32,12,shared,1,independent,5.44612,5.44357,5.53004,12.9592,12.7417,15.5741,13.0596,12.4709,14.4958,0.42025125007716524,False,True,0.4170204294159086,False,True,365160
32,12,shared,8192,dependent,37.7699,37.6441,40.0861,47.98,46.3467,48.2095,48.4193,46.3181,49.5637,0.7872009170487704,False,True,0.7800587782144723,False,True,383544
32,12,shared,8192,independent,10.6405,9.9856,10.9539,15.5443,14.4819,15.5697,15.096,14.9562,15.4152,0.6845274473601255,False,True,0.7048555908850026,False,True,375944
32,13,random,1,dependent,21.801,21.3515,22.2441,33.7016,33.378,39.7898,37.419,33.4765,38.7071,0.6468832340304318,False,True,0.5826184558646677,False,True,409816
32,13,random,1,independent,5.45883,5.43849,5.66039,15.4438,15.3173,16.8031,15.8304,14.7197,16.8215,0.3534641733252179,False,True,0.3448320952092177,False,True,406056
32,13,random,8192,dependent,39.0396,39.0161,39.1445,48.3163,48.2553,49.0589,49.8651,49.2923,50.4169,0.8080006126296922,False,True,0.7829042757359356,False,True,408467
32,13,random,8192,independent,10.3448,10.285,12.1943,18.7772,18.5204,19.0258,19.6196,18.39,21.0374,0.5509234603668278,False,True,0.5272686497176293,False,True,406744
32,13,shared,1,dependent,22.0305,21.3038,22.8297,34.0169,33.8783,37.9702,34.9503,33.4644,37.7712,0.647633970173649,False,True,0.6303379370134162,False,True,409816
32,13,shared,1,independent,5.44865,5.44801,5.63112,15.3275,14.5823,16.9818,15.3224,14.5575,17.6042,0.35548197683901483,False,True,0.3556002976035086,False,True,406056
32,13,shared,8192,dependent,41.4931,40.8624,41.8568,48.9782,48.2973,54.9901,50.9675,50.5352,52.6072,0.8471748655524294,False,True,0.8141089910236915,False,True,408467
32,13,shared,8192,independent,10.1109,9.4471,10.2507,20.3482,18.8344,20.5116,19.2763,18.8834,19.331,0.4968940741687226,False,True,0.5245249347644517,False,True,406744
32,14,random,1,dependent,22.1736,21.7056,23.7166,32.3118,32.067,36.3655,32.8096,32.7835,35.4849,0.6862384639667243,False,True,0.6758265873402906,False,True,454656
32,14,random,1,independent,5.72331,5.52814,5.86891,10.0816,9.79614,10.594,10.9762,9.71477,11.1593,0.5676985795905412,False,True,0.5214290920354949,False,True,455264
32,14,random,8192,dependent,40.947,38.819,42.1391,48.0105,47.6532,53.4166,48.5026,48.2318,48.9426,0.8528759333895711,False,True,0.8442227839332325,False,True,440909
32,14,random,8192,independent,10.266,10.1674,10.2851,13.0323,11.6488,13.8734,11.7455,11.4905,11.7881,0.7877350889712484,False,True,0.8740368651824103,False,True,439440
32,14,shared,1,dependent,22.6911,22.0292,25.2406,34.3692,30.8984,35.4112,33.6825,32.0568,34.3787,0.6602161237386962,False,True,0.6736762413716322,False,True,454656
32,14,shared,1,independent,5.46837,5.44612,6.06856,9.93793,9.68616,10.7899,9.79488,9.45282,10.0911,0.5502524167507721,False,True,0.5582886160933059,False,True,455264
32,14,shared,8192,dependent,42.2853,39.6538,43.8004,47.6748,47.2724,49.8651,47.2005,46.9354,48.865,0.8869528555966675,False,True,0.8958655098992596,False,True,440909
32,14,shared,8192,independent,10.1878,9.74591,10.2431,12.4607,11.9775,13.0354,11.7543,11.6844,11.9572,0.8175945171619572,False,True,0.8667296223509693,False,True,439440
32,15,random,1,dependent,18.0581,18.0054,20.0214,28.972,28.7285,33.1338,30.4673,29.0648,35.4424,0.6232949054259285,False,True,0.5927043092102023,False,True,426017
32,15,random,1,independent,3.49107,3.42241,3.51015,4.53059,4.46573,4.62404,4.46573,4.45938,4.47528,0.770555269843442,False,True,0.7817467692852009,False,True,434128
32,15,random,8192,dependent,35.5765,33.4415,40.9368,48.3322,47.7816,49.9109,47.0931,45.4865,50.7329,0.7360827771133944,False,True,0.7554503738339587,False,True,484050
32,15,random,8192,independent,5.72078,5.61397,7.0025,6.54283,6.41823,7.36745,6.96628,6.55237,7.30643,0.8743586490860988,False,False,0.821210172430623,False,False,481248
32,15,shared,1,dependent,17.8629,17.6093,18.3322,30.6365,29.2339,35.1588,29.0114,28.7348,34.6165,0.5830594225841724,False,True,0.6157200272996133,False,True,426017
32,15,shared,1,independent,3.48918,3.4059,3.7168,4.74611,4.55284,4.83322,4.47845,4.44348,4.73149,0.73516627301095,False,True,0.7791043776306535,False,True,434128
32,15,shared,8192,dependent,35.9147,35.4385,36.2511,47.3201,45.9734,49.8867,46.8445,46.4738,47.088,0.7589734594812776,False,True,0.7666791192135685,False,True,484050
32,15,shared,8192,independent,7.06165,6.70624,7.09789,7.17609,7.05338,8.90796,7.40305,7.10297,7.47681,0.9840525968877202,False,False,0.9538838721878145,False,True,481248
32,16,random,1,dependent,27.1626,26.6743,27.1994,36.2116,34.8009,37.302,33.4549,32.43,39.2183,0.7501077002949332,False,True,0.8119169389237451,False,True,451938
32,16,random,1,independent,7.42213,7.19897,7.51558,15.5239,14.8646,17.1839,14.1315,13.8601,14.3522,0.4781098821816683,False,True,0.5252188373491844,False,True,456520
32,16,random,8192,dependent,45.8997,45.8628,50.7565,48.5605,47.7212,50.4297,49.3374,48.4136,50.1512,0.9452064949907848,False,False,0.9303226355665276,False,False,504410
32,16,random,8192,independent,13.2135,12.9623,13.5142,15.7585,15.3605,16.4,14.0381,13.5816,14.7947,0.838499857219913,False,True,0.9412598571031692,False,True,504104
32,16,shared,1,dependent,28.5536,27.2408,28.7997,34.6851,33.1065,39.4999,32.2475,32.1223,39.3969,0.8232238050344385,False,True,0.8854515853942165,False,True,451938
32,16,shared,1,independent,7.2155,7.14493,7.29942,15.3859,14.6631,16.7103,13.9758,12.6743,14.9326,0.4689683411435145,False,True,0.5162852931495872,False,True,456520
32,16,shared,8192,dependent,46.6557,46.6162,47.0047,48.5331,47.5394,50.7762,51.0038,49.6451,51.808,0.9613171217169314,False,True,0.914749489253742,False,True,504410
32,16,shared,8192,independent,13.682,13.1925,13.78,16.2977,15.8049,18.1688,14.7285,14.2918,15.1164,0.8395049608226929,False,True,0.9289472790847676,False,True,504104
32,17,random,1,dependent,26.8358,26.4524,26.9044,39.6468,38.9258,43.4716,28.4239,27.0659,30.0032,0.6768717777979559,False,True,0.9441280049535777,False,True,506819
32,17,random,1,independent,7.20596,7.19516,7.61667,17.1661,17.1432,18.3042,7.53403,7.45837,7.62239,0.419778516960754,False,True,0.9564549119130135,False,False,507840
32,17,random,8192,dependent,46.0542,46.0205,49.3622,54.9749,53.7917,56.7424,46.2023,45.4146,46.3511,0.8377314010575736,False,True,0.9967945318739544,False,False,540205
32,17,random,8192,independent,13.2516,12.3863,13.2573,17.9647,17.6798,19.3005,13.2249,12.6604,13.2548,0.7376466069569767,False,True,1.0020189188576094,False,False,542088
32,17,shared,1,dependent,27.9433,27.0755,28.2135,38.9595,38.0173,43.0698,26.6164,26.3487,29.7604,0.7172396976347233,False,True,1.0498527223816896,False,False,506819
32,17,shared,1,independent,7.2047,7.18816,7.31213,17.8382,17.2901,17.9284,7.50288,7.3363,7.57471,0.4038916482604747,False,True,0.9602579276224597,False,True,507840
32,17,shared,8192,dependent,47.1249,46.5889,51.9428,55.3156,54.2742,56.1803,47.7479,47.2457,47.7937,0.8519278467557071,False,True,0.9869523057558551,False,False,540205
32,17,shared,8192,independent,13.1868,12.9541,13.4023,18.5458,18.2686,18.7149,13.0234,12.7252,13.7418,0.7110396963193822,False,True,1.0125466468049817,False,False,542088
32,18,random,1,dependent,26.8192,26.5045,26.8478,40.2304,38.1749,43.0387,27.5319,26.5261,30.9207,0.6666401527203308,False,True,0.9741136645128015,False,False,540638
32,18,random,1,independent,7.24347,7.22568,7.39224,17.8789,17.3232,18.7893,7.4749,7.34393,8.0007,0.40514069657529267,False,True,0.9690390506896414,False,False,542560
32,18,random,8192,dependent,46.545,46.4637,46.5953,59.2715,57.7323,60.5729,47.3639,46.1985,47.8783,0.7852846646364611,False,True,0.982710460920659,False,False,578320
32,18,random,8192,independent,12.7811,12.7741,13.0717,21.8067,21.6611,22.0642,13.0266,12.0436,13.2968,0.5861088564523748,False,True,0.9811539465401563,False,False,569808
32,18,shared,1,dependent,27.4296,27.0526,28.1213,41.2598,38.5036,45.0274,27.7049,27.5587,29.9619,0.6648020591471603,False,True,0.9900631296268891,False,False,540638
32,18,shared,1,independent,7.19388,7.13094,7.27081,18.0041,17.7994,18.0257,7.38272,7.37381,7.56073,0.39956898706405763,False,True,0.9744213514802132,False,True,542560
32,18,shared,8192,dependent,47.8802,46.4827,48.4962,58.8277,57.1734,60.6009,46.9068,46.8216,47.9177,0.8139056940862893,False,True,1.0207517886532445,False,False,578320
32,18,shared,8192,independent,13.1365,12.8593,13.6007,21.1849,20.5441,21.8646,12.8314,12.3329,13.4837,0.6200878927915638,False,True,1.0237776080552394,False,False,569808
32,19,random,1,dependent,26.8682,26.7061,27.4785,42.1683,41.5293,44.3986,29.0114,26.5636,29.9803,0.637165833102117,False,True,0.9261255920086587,False,False,629544
32,19,random,1,independent,7.38525,7.37698,7.95491,21.616,21.513,21.6675,8.02676,7.84364,8.57671,0.3416566432272391,False,True,0.9200785871260634,False,False,631040
32,19,random,8192,dependent,48.6329,46.7796,49.3577,63.3634,58.8055,65.7024,50.258,48.4549,50.4424,0.7675235230432711,False,True,0.9676648493772135,False,False,605055
32,19,random,8192,independent,13.6369,12.8186,14.4768,25.4625,25.1535,26.7741,13.0736,12.3056,14.4424,0.5355679921453118,False,True,1.0430868314771753,False,False,609400
32,19,shared,1,dependent,26.9171,26.3526,27.1066,44.9301,41.7143,45.4165,27.8047,27.0348,32.1471,0.5990883616996179,False,True,0.9680773394426122,False,False,629544
32,19,shared,1,independent,8.05728,7.62494,9.03893,20.6985,19.804,21.4005,7.83984,7.69615,7.97272,0.3892687875933039,False,True,1.0277352599032634,False,False,631040
32,19,shared,8192,dependent,46.8585,45.8317,50.0685,63.7341,57.7494,65.5238,49.8645,48.0029,57.9961,0.7352186663026543,False,True,0.9397166320729176,False,False,605055
32,19,shared,8192,independent,13.1073,12.9814,13.2033,24.4071,24.257,25.3111,13.2771,13.2605,14.3617,0.5370281598387354,False,True,0.9872110626567548,False,True,609400
32,20,random,1,dependent,27.3457,26.907,27.9299,41.7347,41.5618,45.023,28.7132,26.7455,30.1596,0.6552269454434799,False,True,0.9523738210997033,False,False,662703
32,20,random,1,independent,7.22694,7.1481,7.35664,21.2917,20.8492,21.9542,7.48508,7.38654,7.75974,0.33942522203487746,False,True,0.9655127266508842,False,True,659488
32,20,random,8192,dependent,48.5058,47.6259,49.6476,64.2579,59.6441,64.373,51.2517,49.1918,52.0293,0.754861269976143,False,True,0.9464232405949461,False,False,644727
32,20,random,8192,independent,13.3203,13.1022,13.4207,27.4137,26.7073,29.5232,13.2751,12.6572,13.396,0.4858993860733867,False,True,1.0034048707731016,False,False,645600
32,20,shared,1,dependent,26.5744,26.3373,28.4621,41.5382,39.7911,45.5341,26.406,26.0951,29.8951,0.6397581021806433,False,True,1.006377338483678,False,False,662703
32,20,shared,1,independent,7.28481,7.22758,7.68152,21.4577,21.157,22.1068,7.55882,7.4183,7.72221,0.33949631134744174,False,True,0.963749632879206,False,False,659488
32,20,shared,8192,dependent,50.0959,46.1655,51.9485,60.7026,60.1476,61.0282,47.2762,45.7293,50.3127,0.825267780951722,False,True,1.0596431185247546,False,False,644727
32,20,shared,8192,independent,12.9267,12.7265,13.092,26.4288,25.0441,27.0443,12.5332,12.523,13.209,0.48911414820196153,False,True,1.0313966106022403,False,False,645600
32,21,random,1,dependent,27.4588,26.563,27.9274,43.314,42.5345,45.5729,26.7239,26.4937,30.2932,0.6339474534792446,False,True,1.027499728707262,False,False,640290
32,21,random,1,independent,7.1888,7.17418,7.36746,22.3897,22.2657,23.7077,7.35028,7.34711,7.94475,0.32107620914974294,False,True,0.9780307688958788,False,False,636696
32,21,random,8192,dependent,47.9444,47.7581,49.5179,64.1918,60.5265,64.565,48.3017,47.0581,49.3526,0.746892905324356,False,True,0.9926027448309274,False,False,671287
32,21,random,8192,independent,12.7112,12.6648,13.4112,25.8376,25.1077,26.7404,12.3412,12.2102,12.5453,0.4919651980060068,False,True,1.029980877062198,True,False,664472
32,21,shared,1,dependent,26.7493,26.6933,26.7658,43.841,42.4073,47.013,27.9026,26.5675,32.3219,0.6101434730047216,False,True,0.9586669342641905,False,False,640290
32,21,shared,1,independent,7.20914,7.17036,7.41005,22.8863,22.0413,23.2875,7.52959,7.38272,7.72667,0.31499805560531846,False,True,0.9574412418206038,False,False,636696
32,21,shared,8192,dependent,47.7422,46.2297,48.2928,64.2935,59.864,64.4944,47.5534,47.067,48.303,0.7425665113891762,False,True,1.0039702734189353,False,False,671287
32,21,shared,8192,independent,12.8473,12.5853,13.2567,26.8281,26.488,27.9414,13.265,12.7106,13.7253,0.4788747619100869,False,True,0.9685111194873728,False,False,664472
32,22,random,1,dependent,26.8421,26.577,26.8548,43.354,43.272,45.6772,26.6266,26.3665,29.7038,0.6191377958204548,False,True,1.0080934103490493,False,False,760273
32,22,random,1,independent,7.18117,7.15955,7.19388,21.4323,20.216,22.199,7.45836,7.36554,7.64275,0.335062965710633,False,True,0.9628349932156667,False,True,766264
32,22,random,8192,dependent,49.3075,48.3665,50.2523,63.1135,62.2133,66.7324,47.931,47.2685,50.031,0.7812512378492715,False,True,1.028718365984436,False,False,704106
32,22,random,8192,independent,13.7526,12.619,13.9103,25.0492,24.4961,25.7498,12.2585,12.2083,13.1645,0.5490235217092762,False,True,1.1218827752171963,False,False,702736
32,22,shared,1,dependent,27.0824,26.5395,27.2516,43.6153,43.6141,46.5107,27.1835,27.0443,30.4362,0.6209380653119433,False,True,0.9962808321224272,False,False,760273
32,22,shared,1,independent,7.22694,7.18243,7.62939,20.8708,20.1848,22.9829,7.71841,7.38144,8.30841,0.346270387335416,False,True,0.9363249684844417,False,False,766264
32,22,shared,8192,dependent,48.4492,47.6475,48.6043,63.7048,61.011,64.4983,48.4556,48.1796,50.0622,0.7605266793083095,False,True,0.9998679203229348,False,False,704106
32,22,shared,8192,independent,12.8123,12.6724,13.113,24.7631,24.0777,25.411,12.5624,12.441,13.3133,0.5173948334416935,False,True,1.019892695663249,False,False,702736
32,23,random,1,dependent,27.312,27.2261,27.3609,43.541,43.3928,46.7326,26.9381,26.4886,32.6875,0.6272708481660964,False,True,1.0138799692628657,False,False,783680
32,23,random,1,independent,7.25682,7.13602,7.52512,20.5104,20.1658,23.5443,7.4304,7.40051,7.84174,0.35381172478352446,False,True,0.976639211886305,False,False,777296
32,23,random,8192,dependent,49.3215,48.5891,49.7125,65.7342,63.626,69.411,49.1772,48.6641,50.2008,0.7503171864873992,False,True,1.002934286620629,False,False,735065
32,23,random,8192,independent,12.881,12.8282,13.476,23.8991,22.9874,25.0066,12.3825,12.338,13.1213,0.5389742709976526,False,True,1.0402584292348072,False,False,732360
32,23,shared,1,dependent,27.6388,26.9063,27.9935,43.4717,42.8696,46.7949,27.216,26.8764,30.2957,0.6357883404605755,False,True,1.0155349794238682,False,False,783680
32,23,shared,1,independent,7.2403,7.21423,7.87735,21.1277,20.5313,22.6841,7.58679,7.49779,8.34528,0.3426922949492846,False,True,0.9543298285572687,False,False,777296
32,23,shared,8192,dependent,49.4531,48.1135,51.1049,64.2993,61.341,65.1538,49.5389,49.4976,51.1754,0.7691079063069115,False,True,0.9982680277519284,False,False,735065
32,23,shared,8192,independent,12.8689,12.7742,13.2662,23.3097,22.0979,23.414,13.038,12.4251,13.2491,0.5520834673976929,False,True,0.9870302193587973,False,False,732360
32,24,random,1,dependent,26.4524,26.4498,27.3806,43.1945,42.6738,44.625,27.806,26.8981,31.2818,0.6124020419266343,False,True,0.9513198590232324,False,False,708468
32,24,random,1,independent,7.43738,7.22757,7.5334,17.1687,16.3129,17.7307,7.82903,7.40561,8.09988,0.4331941265209363,False,True,0.9499746456457568,False,False,700264
32,24,random,8192,dependent,49.0602,48.8249,49.8212,64.6738,62.9419,66.0216,48.1644,47.7257,48.9565,0.7585792082729019,False,True,1.0185987991130379,False,False,764911
32,24,random,8192,independent,12.6464,12.5345,13.1207,21.3769,21.3331,23.7541,12.4474,12.3119,12.7595,0.5915918585014666,False,True,1.0159872744508893,False,False,763336
32,24,shared,1,dependent,27.1568,27.0952,27.5453,43.1296,42.5739,45.454,27.6324,26.9521,30.4826,0.6296557352722956,False,True,0.9827883209565582,False,False,708468
32,24,shared,1,independent,7.22058,7.14684,9.29959,17.0212,16.5907,17.3225,7.43358,7.34648,7.64656,0.42421098394942774,False,True,0.9713462423220036,False,False,700264
32,24,shared,8192,dependent,49.0049,48.8116,49.4601,64.2948,63.7665,64.7354,48.4613,47.7212,49.1428,0.7621907214891407,False,True,1.0112171980528792,False,False,764911
32,24,shared,8192,independent,12.591,12.537,13.2586,21.3159,21.0431,21.8798,12.502,12.2732,12.6362,0.5906858260734944,False,True,1.0071188609822428,False,False,763336
32,25,random,1,dependent,27.928,27.3329,29.6427,43.7666,43.548,44.8958,27.9274,26.6755,30.0102,0.6381121677260743,False,True,1.00002148427709,False,False,744468
32,25,random,1,independent,7.16147,7.11949,7.23586,14.939,14.6319,15.948,7.43802,7.34392,7.97398,0.4793808153156168,False,True,0.9628194062398326,False,True,747384
32,25,random,8192,dependent,48.5903,48.3316,50.684,64.4239,63.4619,65.0291,50.2148,49.1187,50.3394,0.7542278564321625,False,True,0.9676489799819974,False,False,801520
32,25,random,8192,independent,13.0247,12.7913,13.5479,19.8975,19.2248,19.9827,13.1264,12.7907,13.4233,0.6545897725844955,False,True,0.9922522549975621,False,False,800928
32,25,shared,1,dependent,27.2522,26.5592,28.7457,44.136,42.6655,46.7001,27.1428,26.4861,30.4158,0.6174596701105672,False,True,1.0040305348011258,False,False,744468
32,25,shared,1,independent,7.27145,7.13985,7.3967,15.1246,14.9835,15.6822,7.76926,7.41005,7.78008,0.480769739365008,False,True,0.9359256866162285,False,True,747384
32,25,shared,8192,dependent,49.1435,47.7378,50.0221,64.1117,63.5439,64.8015,50.1798,50.0202,51.2441,0.7665293542364343,False,True,0.9793482636439365,False,False,801520
32,25,shared,8192,independent,13.3508,12.277,13.354,19.9668,19.3545,19.9922,13.1664,12.6705,13.6153,0.6686499589318269,False,True,1.0140053469437356,False,False,800928
32,26,random,1,dependent,26.5052,26.3519,26.8008,43.9688,42.5847,44.2549,29.0031,26.4022,29.8862,0.6028183621113152,False,True,0.9138747237364281,False,False,925303
32,26,random,1,independent,7.20343,7.15573,7.23076,16.2849,15.7509,17.4198,7.34138,7.34074,7.99751,0.4423379940926871,False,True,0.9812092549357205,False,True,929696
32,26,random,8192,dependent,51.3935,49.1416,52.674,64.7875,64.0615,68.1617,49.0646,49.0475,50.1372,0.7932625892340345,False,True,1.0474659938122395,False,False,840022
32,26,random,8192,independent,12.8918,12.6413,13.2364,18.7378,18.4034,19.3335,13.0049,12.392,13.8429,0.6880103320560578,False,True,0.9913032779952172,False,False,841576
32,26,shared,1,dependent,26.5636,26.4962,28.0342,44.2842,43.2193,46.2945,28.6407,26.926,30.44,0.5998437365922835,False,True,0.9274773312104803,False,False,925303
32,26,shared,1,independent,7.22885,7.14493,7.4698,17.348,15.763,17.4815,7.55882,7.37445,7.98543,0.4166964491584045,False,True,0.9563463609399352,False,False,929696
32,26,shared,8192,dependent,52.7458,48.7849,53.3307,68.4732,63.5777,72.5454,50.8111,47.6767,51.768,0.770313056787181,False,True,1.0380763258421881,False,False,840022
32,26,shared,8192,independent,13.5702,12.8511,15.1482,18.1681,18.1192,18.5725,12.3634,12.2967,12.8466,0.7469245545764279,False,True,1.097610689616125,True,False,841576
32,27,random,1,dependent,26.9559,26.6018,28.8773,45.2849,44.4361,46.0084,29.5359,27.5529,30.5901,0.595251397264872,False,True,0.9126486750022853,False,False,890439
32,27,random,1,independent,7.19962,7.11949,7.27145,13.169,12.9865,14.417,7.78899,7.40242,8.78716,0.5467096970157187,False,True,0.9243329366195104,False,True,882520
32,27,random,8192,dependent,49.4989,49.2535,54.0415,67.51,64.6102,68.7885,50.5307,49.1428,51.0845,0.7332084135683602,False,True,0.9795807301303959,False,False,856380
32,27,random,8192,independent,13.1429,12.7602,13.6121,17.3016,16.2888,18.8255,13.3254,13.2173,14.6236,0.7596349470569195,False,True,0.9863043510888978,False,False,863928
32,27,shared,1,dependent,26.7874,26.5325,27.7246,43.0139,42.628,45.1285,27.8937,26.7264,29.7038,0.6227614794287428,False,True,0.9603387144767458,False,False,890439
32,27,shared,1,independent,7.18372,7.15128,7.29243,13.279,12.8225,13.4532,7.47681,7.39224,7.50668,0.5409835077942616,False,True,0.9608001273270285,False,True,882520
32,27,shared,8192,dependent,49.2096,49.1492,56.0131,64.5797,64.1963,67.0083,51.1634,49.6794,51.6281,0.7619979653048868,False,True,0.9618125456869558,False,False,856380
32,27,shared,8192,independent,13.0768,12.5821,14.9269,17.1375,16.8228,17.1928,12.5402,12.4226,12.8511,0.7630517870167761,False,True,1.0427903861182437,False,False,863928
32,28,random,1,dependent,27.5326,27.1714,28.7749,43.3254,42.7469,47.451,28.6026,27.2961,30.5392,0.6354840347694424,False,True,0.962590813422556,False,False,864164
32,28,random,1,independent,7.1729,7.16019,7.33948,13.1677,12.7023,13.3692,7.47362,7.39923,7.56645,0.5447344638775184,False,True,0.9597624711986962,False,True,870424
32,28,random,8192,dependent,51.4743,49.9147,52.0579,65.5467,64.6718,69.9704,48.7378,48.6469,53.8419,0.7853072694735204,False,True,1.0561473845762426,False,False,912605
32,28,random,8192,independent,12.7252,12.5484,12.9229,15.3605,15.2842,15.6714,13.2224,12.3781,13.5339,0.8284365743302626,False,True,0.9623971442400774,False,False,903624
32,28,shared,1,dependent,27.3399,27.0646,28.9249,44.9136,42.6076,47.6176,29.0546,27.0417,31.4191,0.608722079726408,False,True,0.9409835275653424,False,False,864164
32,28,shared,1,independent,7.21994,7.13158,7.58362,12.888,12.8663,13.6509,7.99498,7.37445,8.03757,0.5602063935443824,False,True,0.9030591696289422,False,False,870424
32,28,shared,8192,dependent,51.0515,48.9388,55.6647,69.0047,64.9357,69.0517,50.1887,49.2573,55.0378,0.7398264176208287,False,True,1.0171911207104387,False,False,912605
32,28,shared,8192,independent,13.4074,13.1893,13.7247,15.4368,15.3058,16.1972,13.4576,13.2828,13.5104,0.8685349295190714,False,True,0.9962697657829035,False,False,903624
32,29,random,1,dependent,27.3533,26.4715,29.0947,45.6378,43.1862,47.678,28.3922,26.5007,32.3385,0.599356235401356,False,True,0.9634089644338939,False,False,946679
32,29,random,1,independent,7.562,7.3808,7.67834,10.7199,10.7187,11.3723,7.56328,7.40878,7.56517,0.7054170281439193,False,True,0.9998307612570209,False,False,941040
32,29,random,8192,dependent,51.1526,49.3781,53.1521,70.6279,65.4539,72.8302,50.5428,50.2173,52.763,0.7242548624552054,False,True,1.0120650221198668,False,False,931192
32,29,random,8192,independent,12.9134,12.6807,15.3777,14.506,14.3979,14.9828,13.0361,12.6578,13.3184,0.8902109471942644,False,False,0.9905876757619226,False,False,932600
32,29,shared,1,dependent,27.1905,26.5783,28.0069,44.6021,43.3528,45.1285,30.4356,26.8987,32.9444,0.6096237621098558,False,True,0.8933781492725624,False,False,946679
32,29,shared,1,independent,7.17227,7.13603,7.75464,10.7765,10.4745,10.8941,7.3967,7.38144,7.63512,0.6655472556024683,False,True,0.9696580907702084,False,False,941040
32,29,shared,8192,dependent,50.1175,49.5262,51.4545,69.8745,65.7349,70.2807,53.0319,49.5962,54.2558,0.7172502128816665,False,True,0.9450443978058489,False,False,931192
32,29,shared,8192,independent,13.5072,13.272,15.5849,14.0279,13.9923,15.4839,13.5066,13.0901,13.7946,0.9628811154912709,False,False,1.000044422726667,False,False,932600
32,30,random,1,dependent,27.1657,26.6291,30.5653,45.1819,43.0781,47.1967,29.8589,26.6024,30.2321,0.6012518287190225,False,True,0.9098024374642067,False,False,849988
32,30,random,1,independent,7.41068,7.17798,7.4749,9.33838,9.20932,9.9303,7.43039,7.39098,7.51877,0.7935723326744039,False,True,0.9973473801509746,False,False,853272
32,30,random,8192,dependent,51.595,50.4284,52.9683,66.1983,64.9846,69.2419,53.0529,50.2523,53.133,0.779400679473642,False,True,0.9725198810998079,False,False,957998
32,30,random,8192,independent,13.5275,13.3476,13.7157,13.2917,12.8441,13.5562,13.6801,12.8295,13.9675,1.017740394381456,False,False,0.988845110781354,False,False,963648
32,30,shared,1,dependent,27.9306,27.0208,28.7603,43.122,43.108,44.4959,29.5544,26.9572,30.3148,0.647711145123139,False,True,0.9450572503586605,False,False,849988
32,30,shared,1,independent,7.27589,7.12904,7.45265,9.41658,9.19786,9.89024,7.4304,7.41068,7.48889,0.7726679962364256,False,True,0.9792056955211026,False,False,853272
32,30,shared,8192,dependent,54.959,49.785,55.7397,67.3618,66.2085,72.2828,52.3421,50.045,52.8641,0.8158778417441339,False,True,1.0499960834586308,False,False,957998
32,30,shared,8192,independent,13.586,13.1213,14.2752,13.2942,13.1645,14.3693,13.209,12.5014,13.2745,1.021949421552256,False,False,1.028541146188205,False,False,963648
32,31,random,1,dependent,22.9352,21.2294,22.9797,44.5429,44.3548,45.1431,22.0992,21.3413,22.658,0.5149013647517336,False,True,1.0378294236895453,False,False,1010273
32,31,random,1,independent,4.21906,4.20444,4.24895,8.077,8.00769,8.50105,5.02014,5.01251,5.12505,0.5223548347158599,False,True,0.8404267610066651,False,True,1020608
32,31,random,8192,dependent,42.7335,42.6687,45.8832,66.2988,64.8244,66.878,44.8278,43.0686,45.3135,0.6445591775416749,False,True,0.9532812228126296,False,False,1000206
32,31,random,8192,independent,7.23076,7.22948,8.63647,12.0328,11.5719,13.3114,7.71587,7.52132,9.25954,0.6009208164350774,False,True,0.9371282823583083,False,False,1003024
32,31,shared,1,dependent,21.6255,21.279,23.1647,44.384,42.8994,44.419,21.9663,21.1735,22.0896,0.4872363914924297,False,True,0.9844853252482211,False,False,1010273
32,31,shared,1,independent,4.21906,4.2108,4.22096,8.12022,8.03566,8.14629,5.08435,5.03476,5.0977,0.5195745928065988,False,True,0.8298130537826861,False,True,1020608
32,31,shared,8192,dependent,44.0178,42.8149,44.9893,67.0115,66.3236,69.123,44.8246,43.5797,48.802,0.6568693433216687,False,True,0.9820009548328374,False,False,1000206
32,31,shared,8192,independent,7.10805,7.03304,8.50233,12.2649,11.3373,12.4124,7.48825,7.41069,8.55573,0.5795440647701979,False,True,0.9492271224919041,False,False,1003024
32,32,random,1,dependent,31.5571,31.14,33.6285,45.3129,43.7425,45.5996,32.1083,31.0071,32.8592,0.6964264039600202,False,True,0.9828330992297941,False,False,1061694
32,32,random,1,independent,9.20232,9.20042,9.23412,10.3137,10.2418,10.5286,9.38225,9.33774,9.49796,0.8922423572529742,False,True,0.9808222974233259,False,True,1068504
32,32,random,8192,dependent,58.7654,58.1989,65.7527,68.3956,66.4933,70.1453,60.0446,59.92,60.5571,0.8591985449356391,False,True,0.9786958360951692,False,False,1045643
32,32,random,8192,independent,18.0213,17.9717,18.0403,15.2054,14.8455,15.2499,17.5412,17.2774,18.0956,1.1851907874833942,True,False,1.0273698492691492,False,False,1046296
32,32,shared,1,dependent,31.2163,31.0942,31.4655,44.5099,43.4615,49.5402,31.662,31.6607,32.4103,0.7013338605568649,False,True,0.9859231886804372,False,True,1061694
32,32,shared,1,independent,9.20932,9.19659,9.25572,10.3111,10.2444,11.3633,9.38225,9.33585,9.58507,0.8931462210627382,False,True,0.9815683871139651,False,True,1068504
32,32,shared,8192,dependent,59.9073,59.7343,61.2253,67.0369,65.9784,67.9251,59.5894,59.0096,62.6335,0.8936466334212948,False,True,1.0053348414315297,False,False,1045643
32,32,shared,8192,independent,17.8973,17.4033,18.0378,14.9663,14.8265,15.2143,17.9145,16.4261,18.2343,1.195839987171178,True,False,0.999039883892936,False,False,1046296
32,63,random,1,dependent,26.3348,26.0321,27.1467,25.4351,25.2469,27.7894,25.9825,25.7244,27.8721,1.0353723791139018,False,False,1.0135591263350332,False,False,2107725
32,63,random,1,independent,5.07355,5.02205,5.25792,7.356,7.20468,7.37827,5.42703,5.42641,5.64449,0.6897158781946711,False,True,0.934866768748284,False,True,2128488
32,63,random,8192,dependent,57.4201,55.3233,60.2322,58.8907,54.9717,59.0255,55.3595,54.7358,56.8962,0.9750283151669108,False,False,1.0372221569920248,False,False,2060924
32,63,random,8192,independent,9.20105,9.15718,11.912,9.9462,9.71985,9.98943,9.73892,9.60159,9.93538,0.9250819408417286,False,False,0.9447710834466245,False,False,2057520
32,63,shared,1,dependent,25.9819,25.8834,27.1066,25.3906,25.02,26.0245,25.4904,25.3741,26.0391,1.02328814600679,False,False,1.0192817688227724,False,False,2107725
32,63,shared,1,independent,5.04684,5.02205,5.16066,7.15575,7.12712,7.24474,5.47537,5.42259,5.476,0.7052845613667331,False,True,0.92173496950891,False,True,2128488
32,63,shared,8192,dependent,55.357,54.3912,60.2538,56.5662,55.9858,61.8769,57.0011,55.1593,62.4612,0.978623276797805,False,False,0.9711566969760232,False,False,2060924
32,63,shared,8192,independent,9.38289,9.24239,9.69505,10.0816,9.83429,10.8427,9.94937,9.65182,10.561,0.9306945326138708,False,True,0.9430637316734627,False,False,2057520
64,1,random,1,dependent,7.43675,7.43547,7.95493,7.8799,7.52258,9.07645,7.54802,7.53784,8.19525,0.9437619766748309,False,False,0.9852583856428573,False,False,23808
64,1,random,1,independent,1.87239,1.85266,1.88065,2.14386,2.13179,2.1534,2.16231,2.16229,2.21889,0.8733732613137052,False,True,0.8659211676401626,False,True,20656
64,1,random,8192,dependent,23.4731,23.3758,23.7929,21.0794,20.6382,22.6142,21.7298,21.3947,22.0903,1.1135563630843381,True,False,1.080226233099246,True,False,19856
64,1,random,8192,independent,2.985,2.85658,3.09627,3.10516,3.08101,3.19862,3.22723,3.19989,3.41034,0.9613031212562315,False,False,0.9249418231734335,False,True,16472
64,1,shared,1,dependent,7.67834,7.4183,7.80487,7.92821,7.4838,8.03502,7.60651,7.52449,8.76999,0.9684834281634821,False,False,1.0094432269200988,False,False,23808
64,1,shared,1,independent,1.97029,1.82979,2.09744,2.17693,2.16992,2.32697,2.16039,2.09808,2.24812,0.905077333676324,False,True,0.9120066284328293,False,True,20656
64,1,shared,8192,dependent,23.1075,22.9282,23.922,20.7602,20.6668,21.7495,20.5549,20.5396,23.8088,1.1130673114902554,True,False,1.1241845010192217,False,False,19856
64,1,shared,8192,independent,2.78537,2.74277,2.92206,3.07591,3.06129,3.18018,3.15221,3.14584,3.15285,0.9055434001645042,False,True,0.8836245047125667,False,True,16472
64,2,random,1,dependent,14.2714,14.2047,14.6605,14.157,14.1099,15.3262,14.3242,13.8149,14.5162,1.0080808080808081,False,False,0.9963139302718477,False,False,42952
64,2,random,1,independent,3.57819,3.57564,3.66275,2.50499,2.50244,3.28954,2.50499,2.50244,2.50752,1.4284248639715131,True,False,1.4284248639715131,True,False,44304
64,2,random,8192,dependent,33.0238,33.0054,33.1173,25.2724,24.9138,26.3608,25.6049,25.2234,27.2045,1.3067140437789841,True,False,1.2897453221844257,True,False,49199
64,2,random,8192,independent,6.34003,6.22559,6.63885,3.39572,3.36075,3.97554,3.43132,3.37219,3.48282,1.8670650112494551,True,False,1.8476941818308987,True,False,49216
64,2,shared,1,dependent,14.623,14.459,14.691,14.4965,14.1055,14.9002,14.3528,14.3401,15.9842,1.0087262442658573,False,False,1.0188255950058525,False,False,39312
64,2,shared,1,independent,3.57819,3.57182,3.63287,2.6226,2.50816,2.80125,2.76692,2.54822,2.85849,1.364367421642645,True,False,1.29320327295332,True,False,39032
64,2,shared,8192,dependent,30.5417,30.3122,33.2413,25.7715,24.6906,27.5008,24.8152,24.6849,25.7969,1.1850959393128067,True,False,1.2307658209484509,True,False,48928
64,2,shared,8192,independent,7.00124,6.23257,7.58426,3.50697,3.42941,3.64494,3.44594,3.39763,3.6227,1.9963786402507009,True,False,2.031735897897236,True,False,49280
64,3,random,1,dependent,12.8167,12.7436,13.148,15.0223,14.67,15.3167,14.939,14.9193,15.2658,0.8531782749645528,False,True,0.8579356047928242,False,True,88744
64,3,random,1,independent,2.79173,2.78728,2.80127,2.61435,2.60797,2.61626,2.71478,2.71162,2.79744,1.0678486048157285,True,False,1.02834483825577,False,False,87856
64,3,random,8192,dependent,29.3223,28.7647,31.3409,26.5713,26.3952,26.6844,25.8751,25.1363,25.8884,1.103532759029479,True,False,1.1332246058952429,True,False,82536
64,3,random,8192,independent,4.44858,4.37291,4.58336,3.69962,3.55594,3.7632,3.7365,3.73077,3.78165,1.2024424130045788,True,False,1.1905740666399036,True,False,82200
64,3,shared,1,dependent,12.6298,12.5141,13.6878,14.6834,14.4946,15.2296,14.6008,14.5283,14.8309,0.8601413841480855,False,True,0.8650073968549669,False,True,98752
64,3,shared,1,independent,2.85466,2.78535,2.95003,2.64232,2.60799,2.81271,2.83177,2.71289,2.87883,1.0803611977353236,False,False,1.0080832836000098,False,False,99624
64,3,shared,8192,dependent,28.3674,27.6864,30.9881,25.6011,24.4338,25.6208,24.9252,24.4242,25.7893,1.1080539508068012,True,False,1.13810119878677,True,False,82984
64,3,shared,8192,independent,4.61388,4.49181,4.7404,3.59091,3.5623,3.97937,3.81026,3.7187,3.98509,1.2848776493980634,True,False,1.210909491740721,True,False,82952
64,4,random,1,dependent,21.5174,20.9554,22.2054,14.8004,14.7953,15.4196,14.8805,14.7737,15.1437,1.4538390854301235,True,False,1.4460132388024596,True,False,111780
64,4,random,1,independent,5.63049,5.62541,5.76846,2.65948,2.65884,2.66202,2.81398,2.76819,2.91061,2.117139440792937,True,False,2.000899082438397,True,False,112112
64,4,random,8192,dependent,40.4523,38.5952,40.7441,26.3316,25.835,27.2191,28.0889,25.8897,28.3362,1.5362644123410654,True,False,1.4401525157624544,True,False,115664
64,4,random,8192,independent,9.88007,9.87053,10.1611,3.64685,3.61314,3.73776,3.67227,3.64175,3.80008,2.7092065755377925,True,False,2.690453044029987,True,False,115208
64,4,shared,1,dependent,21.8735,20.806,22.0369,14.8919,14.8716,15.1431,14.8023,14.6961,15.22,1.468818619517993,True,False,1.4777095451382554,True,False,97067
64,4,shared,1,independent,5.63049,5.62668,5.89688,2.65948,2.65822,2.78409,2.82797,2.76311,2.875,2.117139440792937,True,False,1.9910006117462349,True,False,97840
64,4,shared,8192,dependent,39.5177,37.9937,40.0759,27.551,27.1111,27.5561,27.0589,26.5376,27.3851,1.4343472106275634,True,False,1.4604326118208795,True,False,115082
64,4,shared,8192,independent,9.87561,9.58189,9.96971,3.74031,3.58963,3.95966,3.71297,3.63223,3.75684,2.640318583219038,True,False,2.6597602458409306,True,False,115488
64,5,random,1,dependent,21.347,20.9484,22.0528,23.3714,22.6345,23.8755,23.4712,22.4775,24.0116,0.9133813122020932,False,True,0.9094975970551145,False,True,148428
64,5,random,1,independent,5.80914,5.72078,6.16583,11.4657,10.9501,11.6246,11.1116,10.8573,11.2222,0.5066537586017426,False,True,0.52279959681774,False,True,146720
64,5,random,8192,dependent,39.3359,38.29,39.7873,36.6891,35.1588,38.2989,35.0596,34.2509,37.3141,1.072141317175946,False,False,1.1219722986000982,True,False,145776
64,5,random,8192,independent,10.561,9.53928,10.8954,16.4503,16.0243,16.4623,14.9587,14.41,16.6829,0.6419943709233267,False,True,0.7060105490450373,False,True,147032
64,5,shared,1,dependent,21.2663,20.7233,21.7597,24.2004,23.3879,28.1556,23.447,22.9575,23.8152,0.878758202343763,False,True,0.9069944982300508,False,True,138346
64,5,shared,1,independent,5.80533,5.69978,5.90387,12.8428,11.6755,12.8899,12.8288,12.0544,13.1397,0.4520299311676581,False,True,0.45252322898478425,False,True,140264
64,5,shared,8192,dependent,38.4782,37.9575,39.3085,36.1004,34.9731,39.7536,35.1321,34.4849,35.8919,1.0658663061905131,False,False,1.0952433814090248,True,False,145377
64,5,shared,8192,independent,9.7224,9.62639,10.1255,14.9473,14.1074,15.3357,15.2753,13.9879,15.3593,0.6504452309112683,False,True,0.6364784979673067,False,True,145384
64,6,random,1,dependent,20.8613,20.8022,20.9217,22.7197,22.3052,23.9232,21.9898,21.6535,22.9766,0.91820314528801,False,True,0.9486807519850112,False,True,174064
64,6,random,1,independent,5.68898,5.6839,5.8136,6.75392,6.74947,6.8156,7.05719,6.80287,7.13094,0.8423226807542878,False,True,0.8061253841826562,False,True,175872
64,6,random,8192,dependent,38.5647,37.4133,38.9385,37.3052,34.6057,38.072,35.8658,34.9051,41.3647,1.0337620492585484,False,False,1.075249959571514,False,False,179624
64,6,random,8192,independent,10.0161,9.79106,10.1153,11.2928,11.2508,11.3939,11.8484,11.3246,12.0061,0.886945664494191,False,True,0.8453546470409506,False,True,181152
64,6,shared,1,dependent,21.5734,21.2873,22.8799,22.6014,22.494,23.7948,23.3879,22.1062,23.88,0.9545160919235091,False,False,0.9224171473283194,False,False,157974
64,6,shared,1,independent,5.87782,5.75829,5.88927,7.44693,7.06291,7.72858,7.67136,7.53467,8.07953,0.789294380368823,False,True,0.766203124348225,False,True,157464
64,6,shared,8192,dependent,38.9818,38.5825,39.7097,35.6134,35.1499,38.4903,36.7559,34.9935,38.2354,1.0945823762965625,True,False,1.0605589850881083,True,False,184610
64,6,shared,8192,independent,10.0543,9.73956,10.2164,11.0149,10.9571,11.4752,10.9882,10.9844,11.6539,0.9127908560222969,False,True,0.9150088276514806,False,True,183552
64,7,random,1,dependent,18.8516,17.9291,18.9654,23.9919,21.7012,25.4866,23.7274,21.6675,24.2456,0.7857485234600011,False,True,0.794507615667962,False,True,212621
64,7,random,1,independent,3.92151,3.86557,3.92787,4.86311,4.8224,4.9254,4.98708,4.98199,5.10852,0.8063790455079157,False,True,0.7863338867633967,False,True,212304
64,7,random,8192,dependent,35.2599,34.619,38.1775,36.7444,34.7678,37.9511,34.9,34.462,35.916,0.959599285877576,False,False,1.0103123209169056,False,False,211681
64,7,random,8192,independent,7.20341,6.43858,7.57854,8.71277,8.05473,9.01413,8.6886,8.15456,8.71086,0.8267646225023728,False,True,0.8290645213267961,False,True,211976
64,7,shared,1,dependent,18.4809,18.137,18.9927,22.3808,22.0044,24.7879,23.4292,21.9835,24.1305,0.8257479625393194,False,True,0.7887977395728406,False,True,190392
64,7,shared,1,independent,3.90115,3.85413,4.36211,4.88791,4.85675,5.02333,5.17082,5.03032,5.32785,0.7981223058526037,False,True,0.7544548060075578,False,True,186904
64,7,shared,8192,dependent,35.8041,34.6425,37.7998,38.7332,36.59,38.9856,36.1519,36.101,37.8774,0.9243775365836028,False,False,0.9903794821295699,False,False,213489
64,7,shared,8192,independent,6.55302,6.51295,6.91414,8.19778,8.12531,8.34148,8.72676,8.31795,9.4897,0.799365193991544,False,True,0.7509109910207225,False,True,212504
64,8,random,1,dependent,28.0584,27.4315,28.6745,27.413,26.3233,29.7852,28.1925,26.13,30.3688,1.0235435742166126,False,False,0.995243415802075,False,False,253542
64,8,random,1,independent,8.27852,8.27599,8.60341,12.6031,12.523,13.1696,12.6991,12.0519,13.3374,0.6568637874808579,False,True,0.6518981660117646,False,True,253632
64,8,random,8192,dependent,47.6646,46.0148,48.0245,39.615,38.8292,40.0289,40.8967,38.3682,41.5815,1.2031957591821278,True,False,1.1654876799350558,True,False,248904
64,8,random,8192,independent,14.417,14.1939,14.9657,16.3606,16.0847,16.386,16.7001,16.3263,16.9792,0.8812024008899428,False,True,0.8632882437829714,False,True,247624
64,8,shared,1,dependent,27.8454,27.0316,28.9701,24.5005,24.4522,27.2814,25.5013,24.5692,27.0278,1.1365237444133793,False,False,1.0919208040374413,True,False,295445
64,8,shared,1,independent,8.03058,8.02867,8.98552,10.3149,10.1102,10.6398,10.1013,10.0015,10.9094,0.77854172119943,False,True,0.7950046033678834,False,True,295840
64,8,shared,8192,dependent,46.9081,45.8501,50.8391,39.2691,38.9716,43.0717,39.6932,39.6417,40.4822,1.1945295410386283,True,False,1.1817666502070885,True,False,248304
64,8,shared,8192,independent,14.2714,14.2326,16.8673,16.4859,16.2601,17.2011,16.9245,16.4089,17.3918,0.8656730903378038,False,False,0.8432390912582352,False,False,247168
64,9,random,1,dependent,28.0997,27.9884,28.7711,29.0616,28.9205,29.6154,29.6675,29.1513,31.5978,0.9669013406006551,False,True,0.9471542934187241,False,True,281862
64,9,random,1,independent,8.07445,7.97653,8.13103,14.733,14.1627,15.2785,14.1799,14.0845,15.082,0.5480519921265187,False,True,0.5694292625476908,False,True,279376
64,9,random,8192,dependent,46.4388,46.2869,47.3118,44.0623,41.1746,45.7757,41.8364,41.7735,42.654,1.0539349965843816,True,False,1.1100094654415773,True,False,278886
64,9,random,8192,independent,14.122,14.0095,14.5524,19.1167,19.0163,19.3291,19.1167,18.8211,20.0666,0.7387258261101549,False,True,0.7387258261101549,False,True,276832
64,9,shared,1,dependent,28.883,27.7335,29.3051,29.4863,29.3185,30.8081,28.9682,28.8067,30.5182,0.9795396506174053,False,True,0.9970588438356542,False,False,265604
64,9,shared,1,independent,8.28235,8.25374,8.60214,15.3497,14.4691,15.8749,15.3147,14.9155,16.3263,0.5395773207293953,False,True,0.5408104631497841,False,True,263552
64,9,shared,8192,dependent,47.6475,46.4045,51.3611,41.7627,41.6025,42.1607,43.0724,41.6768,44.6962,1.1409104296417616,True,False,1.1062188315487411,True,False,281740
64,9,shared,8192,independent,14.6198,14.3522,19.9451,18.5178,18.1548,22.4469,18.3353,18.1293,20.0564,0.7894998325935045,False,False,0.7973581015854663,False,False,279304
64,10,random,1,dependent,28.4805,27.3628,29.7673,28.0927,27.853,28.5327,28.1131,27.2986,28.9866,1.0138042979136928,False,False,1.0130686405981553,False,False,320022
64,10,random,1,independent,8.4877,8.16917,8.53603,9.53929,9.30786,10.1833,9.03511,9.02429,9.33202,0.8897622359735369,False,True,0.9394130231950691,False,True,316712
64,10,random,8192,dependent,48.3996,47.1395,49.6909,42.2757,41.8727,42.8956,42.0876,41.0341,42.1823,1.1448562649465295,True,False,1.1499729136372707,True,False,311676
64,10,random,8192,independent,14.5842,14.1805,15.0502,12.6839,12.4969,13.7736,12.2643,12.1085,12.8536,1.1498198503614818,True,False,1.1891587779163915,True,False,313480
64,10,shared,1,dependent,28.2269,27.1238,28.5733,28.9904,28.7151,29.096,28.6071,26.516,29.1036,0.9736636955681881,False,True,0.9867095930730484,False,False,335789
64,10,shared,1,independent,8.05473,8.01468,8.09224,9.52213,9.39815,10.0085,9.8629,9.21758,10.1935,0.8458958237285144,False,True,0.8166695393849679,False,True,339192
64,10,shared,8192,dependent,49.174,47.4377,50.134,42.5549,40.5916,44.747,44.0152,41.659,45.8349,1.1555426049644106,True,False,1.1172049655573528,True,False,312870
64,10,shared,8192,independent,14.4742,14.2409,15.4025,12.8053,12.057,13.7889,12.0246,12.0131,12.0856,1.1303288482112874,True,False,1.203715716115297,True,False,312024
64,11,random,1,dependent,27.874,27.7011,28.499,27.7621,25.7835,27.9605,26.9636,25.561,28.436,1.0040306749129209,False,False,1.0337640374430714,False,False,345588
64,11,random,1,independent,8.03566,8.02486,8.08461,4.34685,4.3443,4.4384,4.39835,4.29153,4.41679,1.8486168144748496,True,False,1.8269714779405914,True,False,344440
64,11,random,8192,dependent,49.1009,48.5363,49.2223,43.4933,40.8592,44.0502,40.2056,40.1268,44.4679,1.1289302030427677,True,False,1.221245299162306,True,False,343777
64,11,random,8192,independent,14.1525,13.8944,14.9632,7.7877,6.99298,9.1044,6.96628,6.96373,7.31659,1.8172888015717092,True,False,2.0315720872546037,True,False,343192
64,11,shared,1,dependent,27.977,27.8371,29.9994,26.2496,25.8007,28.1378,27.6006,27.5784,29.0388,1.065806717054736,False,False,1.0136373846945357,False,False,330560
64,11,shared,1,independent,8.17744,8.05855,8.87553,4.45239,4.34048,4.60561,4.49562,4.29218,4.5433,1.8366405458641315,True,False,1.8189793621347004,True,False,336352
64,11,shared,8192,dependent,48.1021,47.9864,49.0659,43.6261,40.685,44.6294,41.9477,41.8027,42.3616,1.1025991321708792,True,False,1.1467160297227261,True,False,343039
64,11,shared,8192,independent,14.794,14.1277,14.8405,7.33057,6.8887,8.00896,7.24284,6.95674,7.33885,2.018124102218518,True,False,2.0425689370467937,True,False,342144
64,12,random,1,dependent,28.5759,28.499,28.9631,28.9962,27.8212,29.0578,29.3604,27.9503,29.8131,0.9855049972065305,False,False,0.9732803367801529,False,False,384531
64,12,random,1,independent,8.05537,8.02612,8.24356,11.6393,11.2349,11.9502,12.3882,12.1587,12.8689,0.692083716374696,False,True,0.6502453948111914,False,True,382736
64,12,random,8192,dependent,48.9534,47.3677,51.0991,42.5148,41.9267,43.3222,44.0153,42.4983,47.3029,1.1514437325354936,True,False,1.1121905337462201,True,False,377232
64,12,random,8192,independent,14.8512,14.3865,15.0878,15.1901,14.8493,15.6886,15.7172,15.1876,17.5298,0.9776894161328761,False,False,0.9449011274272772,False,True,378816
64,12,shared,1,dependent,27.6,27.0996,28.0437,28.3534,28.2485,29.014,29.1011,27.0348,29.8519,0.9734282308294596,False,True,0.9484177574043594,False,False,439249
64,12,shared,1,independent,8.18507,8.01721,8.3065,10.1077,10.0187,10.2393,10.205,9.77516,10.6354,0.8097856089911651,False,True,0.8020646741793238,False,True,439512
64,12,shared,8192,dependent,49.9687,46.8566,52.3217,42.7805,42.2045,46.4236,43.8709,42.5981,44.6097,1.168025151646194,True,False,1.1389941852116094,True,False,379032
64,12,shared,8192,independent,15.0763,13.8817,15.3853,15.3707,14.7317,15.379,16.1444,15.2938,16.489,0.9808466758182777,False,False,0.9338408364510294,False,False,380976
64,13,random,1,dependent,27.5256,27.2954,29.6561,29.2028,26.7614,29.527,28.6395,27.5803,29.5035,0.9425671510951005,False,False,0.9611061645629287,False,False,408794
64,13,random,1,independent,8.69115,8.01596,10.4141,15.7134,15.6148,16.5043,16.2621,15.6784,17.8687,0.5531043567910191,False,True,0.5344420462301916,False,True,404632
64,13,random,8192,dependent,48.1205,48.0321,55.9559,44.1443,42.2357,45.5297,44.8259,41.5739,45.2913,1.090072784028742,True,False,1.0734976877207152,True,False,401976
64,13,random,8192,independent,14.5976,13.986,16.3002,20.1689,19.3164,20.7036,20.2599,19.5198,22.8697,0.7237677810887059,False,True,0.7205168831040628,False,True,405904
64,13,shared,1,dependent,28.5657,27.7004,29.0864,29.0839,27.3825,29.1405,28.0508,27.4874,28.9021,0.9821825821158785,False,False,1.0183559827170705,False,False,397089
64,13,shared,1,independent,8.10051,8.05283,8.43874,15.4311,14.9269,16.0071,16.1978,15.7738,16.8304,0.5249470225713008,False,True,0.5000993962143007,False,True,394216
64,13,shared,8192,dependent,48.2896,48.0283,49.0068,45.29,42.1937,46.7332,43.5893,41.9534,45.3072,1.0662309560609406,True,False,1.1078315091088868,True,False,405420
64,13,shared,8192,independent,14.8455,14.2663,15.3058,19.1797,18.9489,19.4829,19.1574,19.0703,19.8968,0.774021491472755,False,True,0.7749224842619562,False,True,409272
64,14,random,1,dependent,27.8479,27.7265,28.9249,27.5002,27.3457,29.164,28.45,27.7653,28.6516,1.0126435444105861,False,False,0.9788365553602812,False,False,439676
64,14,random,1,independent,8.09288,8.03375,8.47054,10.5782,10.114,11.1383,10.7924,10.2113,12.0525,0.7650526554612315,False,True,0.7498684259293575,False,True,443336
64,14,random,8192,dependent,48.7868,48.2667,54.7574,43.5219,42.401,45.9016,44.0216,41.7461,44.8901,1.1209712811251347,True,False,1.1082468606320535,True,False,435492
64,14,random,8192,independent,14.3954,14.1837,16.1616,14.1099,13.998,14.3325,14.1004,13.9821,14.3394,1.0202340200851885,False,False,1.0209213923009277,False,False,441320
64,14,shared,1,dependent,27.7049,27.5567,30.1139,28.0991,26.6953,30.1139,27.6521,27.3031,28.614,0.9859710809243,False,False,1.0019094390661105,False,False,403294
64,14,shared,1,independent,8.25946,8.05347,9.32565,8.84438,8.68542,9.44646,8.95374,8.71086,9.68997,0.9338653472600681,False,False,0.9224592181591157,False,False,407320
64,14,shared,8192,dependent,49.3056,48.4753,53.9328,45.1241,43.7934,45.3892,45.3504,42.9058,46.0288,1.0926666681440738,True,False,1.0872142252328534,True,False,434011
64,14,shared,8192,independent,14.5175,14.3051,15.4101,14.0839,13.574,16.2322,13.7736,13.663,14.7807,1.0307869269165502,False,False,1.0540091188941163,False,False,438840
64,15,random,1,dependent,24.1852,24.1725,25.4898,26.8002,26.0251,30.5748,28.5041,27.9039,29.2479,0.9024261012977515,False,True,0.8484814465287449,False,True,475899
64,15,random,1,independent,5.38316,5.24712,5.57899,5.47154,5.45628,5.49507,5.57265,5.32214,5.8867,0.9838473263468785,False,False,0.9659964289880039,False,False,476872
64,15,random,8192,dependent,45.84,45.3498,47.931,43.0775,42.9643,47.1414,45.1997,43.2504,45.9067,1.0641286054204633,False,False,1.0141660232258178,False,False,468250
64,15,random,8192,independent,10.2711,9.12984,10.5565,9.0472,8.96709,10.2177,9.06627,9.00078,10.7206,1.1352794234680343,False,False,1.1328914757667707,False,False,472192
64,15,shared,1,dependent,24.4293,23.5914,28.1785,26.9273,26.2998,30.1056,27.462,26.762,29.6866,0.907231694228534,False,False,0.889567402228534,False,False,493922
64,15,shared,1,independent,5.3533,5.19624,5.37363,5.40669,5.31068,5.61967,5.36156,5.29543,5.45184,0.9901251967469931,False,False,0.998459403606413,False,False,493336
64,15,shared,8192,dependent,44.2282,44.1685,44.2937,44.0865,42.4894,47.0715,43.45,43.1105,47.4758,1.0032141358465743,False,False,1.017910241657077,False,False,462557
64,15,shared,8192,independent,9.05609,9.04019,10.3556,9.19214,8.88252,9.95508,9.16226,9.13365,10.1833,0.9851993115857678,False,False,0.9884122476332258,False,False,469168
64,16,random,1,dependent,35.9771,33.9444,36.1716,30.8138,30.4769,30.8546,30.6962,29.3382,31.0764,1.1675645327742765,True,False,1.1720375811989758,True,False,505699
64,16,random,1,independent,10.9418,10.9215,11.0938,13.5721,13.4977,14.6097,12.6642,12.4054,13.3762,0.8061980091511262,False,True,0.8639945673631182,False,True,506656
64,16,random,8192,dependent,63.3806,61.9717,67.4102,46.5749,46.2748,51.8926,47.142,45.1991,48.4556,1.3608316926069621,True,False,1.3444614144499596,True,False,509488
64,16,random,8192,independent,20.1524,19.9471,20.5167,15.9594,15.92,16.0001,16.8711,16.2703,17.0422,1.2627291752822787,True,False,1.194492356752079,True,False,506664
64,16,shared,1,dependent,33.8205,33.741,34.6069,29.9981,29.2695,30.5951,30.1151,28.9256,31.6861,1.1274214033555459,True,False,1.1230412650132326,True,False,545580
64,16,shared,1,independent,11.0105,10.9514,11.0722,12.3189,11.872,12.8422,11.7601,11.7442,12.8454,0.8937892181931829,False,True,0.9362590454162806,False,True,544456
64,16,shared,8192,dependent,60.4312,60.1184,63.5103,46.3282,45.8959,49.6979,45.5214,44.7102,49.6159,1.3044150215203698,True,False,1.3275338631940141,True,False,507008
64,16,shared,8192,independent,20.057,19.6412,20.2236,16.737,16.1082,16.7662,16.4254,16.2354,16.8311,1.1983629085260201,True,False,1.2210965942990732,True,False,509624
64,17,random,1,dependent,35.1474,34.0347,36.1525,34.6057,33.3678,35.9008,35.073,34.2216,41.7175,1.0156534906099284,False,False,1.002121289881105,False,False,535807
64,17,random,1,independent,11.3627,11.1491,11.6246,15.8418,15.0242,15.9054,12.3024,11.8224,12.5484,0.7172606648234419,False,True,0.9236165301079464,False,True,533992
64,17,random,8192,dependent,62.0734,60.4382,62.4002,50.8442,50.4214,53.1603,62.535,62.2234,62.8649,1.2208550827823035,True,False,0.9926185336211721,False,False,541597
64,17,random,8192,independent,20.5434,19.7067,20.867,18.7098,18.287,23.5316,20.1499,19.8523,20.3654,1.098002116537857,False,False,1.0195286328964412,False,False,542776
64,17,shared,1,dependent,34.6889,34.085,35.497,34.3679,33.6558,35.4989,37.6587,34.6959,41.2922,1.0093401109756488,False,False,0.9211390727773394,False,False,492998
64,17,shared,1,independent,11.1116,10.9037,11.2692,14.911,14.8563,15.3039,11.5045,11.3239,11.7092,0.7451948226141775,False,True,0.9658481463775044,False,True,487088
64,17,shared,8192,dependent,60.6499,59.6968,60.84,51.8557,51.1519,53.2722,62.5725,60.7052,62.8567,1.169589842582397,True,False,0.9692740421111511,False,False,547982
64,17,shared,8192,independent,20.1791,19.6762,20.649,18.8586,18.8351,19.4556,19.6946,18.9241,20.9802,1.0700211044298091,True,False,1.024600651955358,False,False,547512
64,18,random,1,dependent,34.3539,33.9495,36.876,36.993,36.8144,37.1272,36.0845,35.9961,41.6826,0.9286594761171033,False,False,0.9520403497346507,False,False,567126
64,18,random,1,independent,11.0734,11.0264,11.4435,18.8923,18.074,18.9718,11.7016,11.5662,11.8224,0.5861329748098432,False,True,0.9463150338415259,False,True,572928
64,18,random,8192,dependent,61.9024,59.3166,69.0753,52.599,51.8055,61.7676,61.0854,59.7445,61.9036,1.1768740850586514,False,False,1.013374718017726,False,False,582374
64,18,random,8192,independent,19.9871,19.7029,20.0742,21.8016,20.4684,21.869,20.8524,18.6539,21.5645,0.916772163510935,False,True,0.9585035775258485,False,False,579704
64,18,shared,1,dependent,34.4315,33.8961,35.2217,36.0037,34.9611,36.6008,38.9938,35.7653,41.8841,0.9563322658504542,False,False,0.8829993486143951,False,True,541997
64,18,shared,1,independent,11.3608,10.9177,12.2662,18.3004,18.0022,19.2032,11.4949,11.3811,12.4766,0.6207951738759808,False,True,0.9883339567982322,False,False,542472
64,18,shared,8192,dependent,60.2404,60.2061,80.0718,52.681,52.4864,61.2907,65.5054,59.8838,72.2459,1.1434938592661492,False,False,0.9196249469509384,False,False,580281
64,18,shared,8192,independent,20.5097,19.5573,22.2766,23.1031,22.6587,23.5653,20.3012,20.0005,20.558,0.8877466660318312,False,True,1.0102703288475556,False,False,575312
64,19,random,1,dependent,35.1035,34.984,36.8627,38.6162,38.379,38.681,38.0586,35.7952,42.1416,0.9090355861011699,False,True,0.9223539489103645,False,False,600060
64,19,random,1,independent,11.5229,11.0607,12.928,21.1449,20.5587,21.2631,12.1295,11.5096,12.2032,0.544949373134893,False,True,0.949989694546354,False,False,599664
64,19,random,8192,dependent,62.4956,61.203,66.1837,55.8891,55.2355,61.6302,62.1376,59.3433,74.3326,1.118207306970411,False,False,1.0057614069420127,False,False,609918
64,19,random,8192,independent,20.1626,19.928,20.5383,24.5775,23.2957,27.146,20.0583,19.9585,20.5491,0.8203682229681619,False,True,1.0051998424592314,False,False,609592
64,19,shared,1,dependent,35.1353,34.1606,39.2774,37.7121,36.9047,40.0155,36.1481,35.6808,42.4442,0.9316717976458484,False,False,0.971981929893964,False,False,564542
64,19,shared,1,independent,11.57,11.2063,11.659,21.3114,21.1366,22.8329,11.4994,11.2928,13.2637,0.5429019210375667,False,True,1.0061394507539525,False,False,563768
64,19,shared,8192,dependent,62.3423,60.2252,62.4231,56.2413,53.8279,56.4569,63.3329,59.9213,66.0839,1.108479000307603,True,False,0.9843588403499602,False,False,604338
64,19,shared,8192,independent,20.696,20.2084,20.9846,24.4109,23.112,24.9939,19.8135,18.83,20.5676,0.8478179829502395,False,True,1.0445403386579857,False,False,607600
64,20,random,1,dependent,34.668,34.3666,36.4405,38.798,38.0808,39.1445,35.3247,35.2306,42.1505,0.893551213980102,False,True,0.9814096085741705,False,False,635513
64,20,random,1,independent,11.0391,10.9374,11.1148,22.3223,21.4316,23.4318,11.521,11.3519,12.0697,0.49453237345614026,False,True,0.958172033677632,False,True,638872
64,20,random,8192,dependent,62.6774,60.5087,63.7252,57.8162,54.9685,60.9042,59.9295,59.1183,60.3784,1.0840802404862304,False,False,1.045852209679707,True,False,650487
64,20,random,8192,independent,19.8746,19.6641,20.127,27.2376,24.8655,27.736,19.9496,18.7855,20.2115,0.7296751549328869,False,True,0.9962405261258371,False,False,642320
64,20,shared,1,dependent,35.9872,35.2859,36.4176,37.1316,36.8608,39.7758,35.3139,34.8778,41.1549,0.9691798899050944,False,True,1.0190661467580755,False,False,607890
64,20,shared,1,independent,11.0537,11.0067,11.3417,22.9371,20.778,23.028,11.6488,11.549,12.0417,0.48191358105427445,False,True,0.9489131927752215,False,True,610552
64,20,shared,8192,dependent,61.9869,61.8038,62.5324,59.0178,56.2617,60.3746,62.2406,60.9659,65.8735,1.050308550979535,True,False,0.9959238824818526,False,False,640311
64,20,shared,8192,independent,20.8054,20.3717,21.45,26.3901,25.5248,27.7913,20.202,20.1664,20.6903,0.7883789754491267,False,True,1.0298683298683298,False,False,635248
64,21,random,1,dependent,34.7436,34.3704,36.0966,39.011,37.8361,40.0791,34.9928,34.7468,41.1364,0.8906103406731434,False,True,0.9928785350129169,False,False,676464
64,21,random,1,independent,11.2724,10.9228,11.4727,22.6625,22.0121,23.0172,11.8529,11.3742,11.912,0.49740319911748476,False,True,0.9510246437580676,False,False,673968
64,21,random,8192,dependent,63.2827,61.4452,67.5144,62.048,56.5427,63.7061,63.6813,61.5317,66.8697,1.019899110366168,False,False,0.9937407056702674,False,False,673085
64,21,random,8192,independent,20.7799,19.4715,33.0569,25.4021,25.3995,26.3589,19.9827,18.8033,20.6432,0.8180386660945356,False,False,1.0398945087500688,False,False,676144
64,21,shared,1,dependent,34.5999,34.3679,36.6961,38.5818,36.5823,39.4255,35.4563,34.9344,42.1009,0.8967933066886459,False,False,0.9758463235024523,False,False,646405
64,21,shared,1,independent,11.5509,11.1752,12.4836,21.8328,21.4348,22.9664,11.6011,11.3862,11.8752,0.5290617786083325,False,True,0.9956728241287464,False,False,642472
64,21,shared,8192,dependent,63.4798,59.5284,75.8082,61.5381,58.1563,61.8572,63.0258,62.5884,66.405,1.031552810372761,False,False,1.0072033992428497,False,False,666546
64,21,shared,8192,independent,20.5828,19.79,20.8104,25.6945,25.4866,27.0926,20.1187,19.8034,20.3056,0.8010585923057463,False,True,1.0230680908806233,False,False,675128
64,22,random,1,dependent,35.607,34.722,35.8264,38.1266,37.7325,38.4026,36.9339,35.6077,41.4836,0.9339149045548252,False,True,0.9640736559096115,False,False,702413
64,22,random,1,independent,11.1593,10.9056,11.3226,19.9286,19.3647,20.3075,11.4841,11.2826,13.0463,0.5599640717360979,False,True,0.9717174179953153,False,False,707168
64,22,random,8192,dependent,62.4441,61.9818,63.8892,58.555,58.019,59.2988,66.7553,60.6327,70.5064,1.0664178977030143,True,False,0.935417861952534,False,False,696152
64,22,random,8192,independent,20.6159,19.6482,21.2008,25.8656,24.8489,28.1785,19.9979,19.6629,20.0863,0.7970393108994185,False,True,1.0309032448407083,False,False,706288
64,22,shared,1,dependent,34.6018,33.8974,38.1629,37.5093,36.6071,37.5811,35.1632,34.7462,41.3291,0.9224858901659053,False,False,0.984034445101697,False,False,690447
64,22,shared,1,independent,10.9425,10.9062,11.0995,19.3806,18.5172,20.4474,11.5299,11.4288,12.1129,0.5646110027553327,False,True,0.9490541982150756,False,True,689704
64,22,shared,8192,dependent,62.7842,61.0085,63.8797,59.0013,57.916,59.9352,68.1381,61.0612,69.5343,1.0641155364373327,True,False,0.9214257515252113,False,False,702416
64,22,shared,8192,independent,20.2052,19.4461,20.6706,24.5539,23.1113,25.0041,19.1771,18.7499,19.5325,0.8228916791222577,False,True,1.0536108170682743,False,False,704768
64,23,random,1,dependent,34.6673,34.6292,36.1474,38.3053,36.8366,38.3466,37.0369,34.5453,42.8651,0.905026197419156,False,True,0.936020563276084,False,False,741815
64,23,random,1,independent,11.0607,10.9717,11.2546,19.8282,17.6843,19.9057,11.4307,11.2534,11.5445,0.5578267316246559,False,True,0.9676310287209008,False,False,740824
64,23,random,8192,dependent,65.8709,62.4148,74.5564,60.6403,58.2199,65.2523,63.741,63.5885,65.7896,1.0862561695769974,False,False,1.0334149134779813,False,False,736852
64,23,random,8192,independent,21.3375,19.8924,22.6351,22.438,22.3668,23.4877,19.9769,18.5572,20.4627,0.9509537391924414,False,False,1.0681086655086625,False,False,734792
64,23,shared,1,dependent,34.598,34.3196,35.8715,37.9505,37.2855,42.0469,37.0038,34.8892,41.0665,0.9116612429348757,False,True,0.9349850555888854,False,False,741830
64,23,shared,1,independent,11.0817,11.0022,11.2718,19.7512,19.2788,20.3826,11.6653,11.6514,13.0583,0.5610646441735185,False,True,0.9499712823502181,False,True,736064
64,23,shared,8192,dependent,64.0977,62.2164,65.3769,62.0995,57.2681,63.151,63.0862,62.0219,69.8306,1.0321773927326308,False,False,1.0160336174947928,False,False,735977
64,23,shared,8192,independent,20.1155,19.7741,20.4207,25.5095,25.0454,25.5515,20.0367,19.9051,20.5917,0.7885493639624455,False,True,1.0039327833425664,False,False,727552
64,24,random,1,dependent,34.5974,34.4276,36.2269,37.6199,37.5557,41.4257,36.0502,35.6509,41.762,0.9196568837237739,False,True,0.9597006396635803,False,False,788400
64,24,random,1,independent,11.2457,11.0639,11.3665,19.5141,19.1809,19.6775,12.0157,11.582,13.3985,0.5762858650924203,False,True,0.9359171750293365,False,True,779864
64,24,random,8192,dependent,66.5779,62.7174,68.1483,58.8945,58.5302,63.7061,63.9261,63.7067,70.6781,1.1304603995279694,False,False,1.0414822740633325,False,False,770641
64,24,random,8192,independent,21.0807,20.7793,22.5735,22.5258,22.3764,23.6092,20.1302,19.9267,20.5758,0.9358468955597582,False,False,1.0472176133371751,True,False,771192
64,24,shared,1,dependent,35.0469,34.256,36.1455,37.3656,36.9905,38.2887,36.8404,34.1632,42.01,0.9379455970197187,False,True,0.9513170323883562,False,False,813878
64,24,shared,1,independent,11.0881,10.994,11.0912,17.2927,17.1776,17.5489,11.7766,11.7601,12.2185,0.6412012005065721,False,True,0.9415366064908378,False,True,825064
64,24,shared,8192,dependent,63.069,62.9444,68.5857,58.0902,56.0665,64.902,66.9702,63.3469,72.4881,1.08570808845554,False,False,0.9417472248850981,False,False,764718
64,24,shared,8192,independent,20.167,19.9757,20.4188,22.15,21.0005,22.543,20.4843,19.9451,22.2448,0.9104740406320543,False,True,0.9845100882139004,False,False,765928
64,25,random,1,dependent,34.9204,34.1167,36.9956,38.5564,36.8074,39.842,35.8467,35.6839,42.56,0.9056965899305953,False,False,0.9741594065841487,False,False,801331
64,25,random,1,independent,11.1847,10.9094,11.1974,16.3161,15.3764,16.5068,11.8065,11.5782,12.008,0.6855008243391497,False,True,0.9473340956252911,False,True,801736
64,25,random,8192,dependent,64.3991,62.4555,64.8289,58.0241,57.9999,61.2024,66.1507,65.8061,66.8335,1.109868140996586,True,False,0.9735210662925714,False,True,811855
64,25,random,8192,independent,20.4328,19.6514,33.3996,23.1196,21.2644,25.5006,19.9661,19.1701,20.9471,0.8837869167286632,False,False,1.0233746199808675,False,False,814448
64,25,shared,1,dependent,34.6203,34.0036,36.2142,37.1113,36.8907,38.5323,34.6343,34.5446,41.3736,0.9328775871500056,False,True,0.9995957764412734,False,False,797571
64,25,shared,1,independent,11.0041,10.9583,11.8694,15.3376,15.1774,15.4603,11.507,11.2712,12.9223,0.7174590548716878,False,True,0.9562961675501868,False,False,804080
64,25,shared,8192,dependent,63.4912,61.5444,64.8581,57.3101,57.1658,58.9898,64.2923,64.0786,64.6807,1.1078535895069106,True,False,0.9875397209308113,False,False,820948
64,25,shared,8192,independent,20.4487,19.6641,20.6223,21.1849,20.9662,21.3114,19.0296,18.8897,19.8212,0.9652488328951281,False,True,1.074573296338336,False,False,821448
64,26,random,1,dependent,34.598,34.3177,35.5237,37.2842,37.2836,38.5996,35.7367,34.7913,43.2205,0.9279533958084122,False,True,0.9681363975968682,False,False,836181
64,26,random,1,independent,11.1008,10.9107,11.1777,15.7127,15.3974,15.7299,11.6743,11.4079,11.8116,0.7064858362980264,False,True,0.9508749989292719,False,True,835520
64,26,random,8192,dependent,62.9641,62.9247,63.7372,58.6961,58.4742,63.4238,64.1232,62.5273,64.7462,1.0727135192968529,False,False,0.9819238590712879,False,False,825268
64,26,random,8192,independent,19.7411,19.7048,21.1544,20.7774,19.8994,21.0762,20.0513,18.7594,20.3991,0.9501236920885192,False,False,0.9845296813672928,False,False,827768
64,26,shared,1,dependent,35.2033,34.4461,39.4287,37.5309,37.3122,39.4961,36.1093,35.9453,41.6985,0.9379817696884433,False,False,0.9749095108462363,False,False,807624
64,26,shared,1,independent,11.0925,11.027,11.5089,14.8017,14.2517,15.0293,11.3118,11.2457,11.9584,0.7494071626907719,False,True,0.9806131650135257,False,False,810288
64,26,shared,8192,dependent,63.9693,62.4294,68.1133,59.7916,58.4787,63.6323,64.6617,61.9494,68.0326,1.069871018671519,False,False,0.9892919610836091,False,False,828093
64,26,shared,8192,independent,20.9535,19.8434,22.1011,20.6,20.0837,21.0571,20.7558,18.7868,20.7577,1.0171601941747572,False,False,1.0095250484202005,False,False,829536
64,27,random,1,dependent,34.9146,34.1422,35.3978,38.2951,36.9078,40.8522,35.7749,35.7278,42.6521,0.9117249987596325,False,True,0.9759524135636997,False,True,864032
64,27,random,1,independent,11.0588,11.0416,11.5636,13.8385,13.4958,14.0432,11.6119,11.287,11.6564,0.7991328539942912,False,True,0.9523678295541642,False,False,863512
64,27,random,8192,dependent,65.0349,64.34,65.9739,60.1927,59.3847,61.4382,67.6517,63.556,69.6303,1.080444970901787,True,False,0.9613195233822651,False,False,869319
64,27,random,8192,independent,20.0272,19.9738,20.6928,20.6369,19.2331,21.5117,19.7976,19.1479,22.4775,0.9704558339673109,False,False,1.0115973653372126,False,False,871928
64,27,shared,1,dependent,34.3463,34.3323,34.4957,36.6268,36.5645,37.9715,35.6191,35.0469,41.4232,0.937736848427927,False,True,0.9642663627098943,False,True,812840
64,27,shared,1,independent,11.0353,10.9221,11.0493,15.4915,15.2391,15.8577,11.4975,11.3258,11.6761,0.7123454797792337,False,True,0.9597999565122852,False,True,808608
64,27,shared,8192,dependent,65.3922,64.4328,69.8916,59.7121,58.1017,64.1651,65.5829,65.3655,65.9491,1.0951247737058318,True,False,0.9970922298343015,False,False,873360
64,27,shared,8192,independent,19.8854,19.4912,20.1098,19.6095,19.5917,19.6323,18.9266,18.8649,19.5662,1.0140697111094112,False,False,1.0506588610738326,False,False,873408
64,28,random,1,dependent,34.879,34.7583,35.9427,36.7006,36.609,36.8207,36.4545,34.2687,41.949,0.9503659340719224,False,True,0.9567817416231191,False,False,899116
64,28,random,1,independent,10.9406,10.8999,11.7378,12.696,12.6934,12.9382,11.425,11.2623,11.5045,0.8617359798361689,False,True,0.9576017505470459,False,False,898296
64,28,random,8192,dependent,64.6267,64.3444,66.899,66.899,59.6949,68.5285,66.3319,65.0826,67.8272,0.9660338719562325,False,False,0.9742929118568893,False,False,904182
64,28,random,8192,independent,20.4144,19.6095,22.8405,18.4695,18.2641,19.8797,19.2407,18.9431,20.1537,1.1053033379355153,False,False,1.0610008991356863,False,False,898912
64,28,shared,1,dependent,35.4983,34.9178,36.1398,36.6999,36.6446,37.3529,35.5663,34.3456,41.6711,0.9672587663726604,False,True,0.9980880777590022,False,False,912259
64,28,shared,1,independent,11.0505,10.9126,11.0893,12.3246,12.1886,12.3367,11.5681,11.432,11.6545,0.8966213913636142,False,True,0.9552562650737805,False,True,902456
64,28,shared,8192,dependent,65.5848,65.4895,72.3737,62.2451,58.2021,63.8065,63.6247,62.851,70.1275,1.0536540225656317,True,False,1.0308072179515189,False,False,900485
64,28,shared,8192,independent,20.4748,19.8549,20.7418,19.0296,18.4879,20.4881,19.4162,19.1466,19.5573,1.0759448438222559,False,False,1.0545214820613713,True,False,907032
64,29,random,1,dependent,35.3731,34.5612,36.3166,37.365,36.8017,39.6627,35.56,34.5414,41.5834,0.9466907533788305,False,True,0.9947440944881889,False,False,925337
64,29,random,1,independent,11.0537,11.0334,11.7556,12.3132,11.8516,12.9007,11.6965,11.4816,12.5688,0.8977113991488808,False,True,0.9450433890480057,False,False,924944
64,29,random,8192,dependent,63.4848,62.8471,68.3861,63.1688,57.752,64.3552,64.5657,64.34,65.745,1.005002469573587,False,False,0.9832589130141854,False,False,935012
64,29,random,8192,independent,20.5243,19.8701,22.0973,18.1452,17.4122,18.6431,19.2725,19.1015,20.7202,1.1311145647333731,True,False,1.0649526527435464,False,False,936392
64,29,shared,1,dependent,35.176,34.7519,37.1679,37.5016,37.433,38.9665,35.2942,35.2351,41.3227,0.9379866459031081,False,True,0.9966510078143153,False,False,817040
64,29,shared,1,independent,11.0868,11.0734,11.1427,11.7003,11.6825,11.8688,11.3932,11.3824,11.507,0.9475654470398195,False,True,0.9731067654390338,False,True,810320
64,29,shared,8192,dependent,65.6401,65.2116,65.9383,62.2628,60.9182,62.5661,65.3152,64.2529,65.712,1.0542426617498732,True,False,1.0049743398167654,False,False,927927
64,29,shared,8192,independent,20.3565,19.7182,20.4919,17.9265,17.746,18.177,19.4702,18.9718,20.6922,1.1355535101665133,True,False,1.0455208472434798,False,False,937624
64,30,random,1,dependent,36.4329,34.8454,36.8398,37.3948,36.1493,37.9829,36.3445,35.689,42.5212,0.9742771722271546,False,False,1.0024322799873433,False,False,972528
64,30,random,1,independent,11.2375,11.0276,11.3468,11.2718,11.2635,11.399,11.502,11.2851,11.5528,0.9969570077538636,False,False,0.9770039993044688,False,False,971368
64,30,random,8192,dependent,64.6992,63.385,67.2258,60.3542,58.6357,61.0262,66.6739,63.8091,66.9003,1.071991675807152,True,False,0.9703827134755879,False,False,973777
64,30,random,8192,independent,21.2606,19.9432,23.7878,17.5235,17.3715,17.9965,19.1835,19.1733,20.4296,1.2132621907723915,True,False,1.1082753407876562,False,False,968272
64,30,shared,1,dependent,35.2313,34.8091,37.3224,37.0623,36.5028,39.533,34.9579,34.3202,36.0362,0.9505966979922994,False,False,1.0078208359197776,False,False,1014508
64,30,shared,1,independent,11.0467,10.9819,12.0843,11.8103,11.5096,11.9464,11.68,11.3169,12.2992,0.9353445721107846,False,False,0.9457791095890411,False,False,1007160
64,30,shared,8192,dependent,63.9413,62.9705,64.1257,59.8589,59.8157,60.4858,69.2781,65.2688,72.7018,1.0682003845710495,True,False,0.922965554771277,False,True,967179
64,30,shared,8192,independent,20.1041,19.9108,20.6636,19.2439,17.2984,19.4403,20.0736,19.5116,21.0177,1.0446998789226716,True,False,1.0015194085764387,False,False,963616
64,31,random,1,dependent,28.9739,28.7501,29.7407,37.2893,36.4348,37.9073,29.4202,28.7024,30.6568,0.7770030544955256,False,True,0.9848301507127756,False,False,997333
64,31,random,1,independent,6.88744,6.86264,7.17099,10.4427,10.2336,10.4758,7.43103,6.98154,8.16536,0.6595459028795234,False,True,0.926848633365765,False,False,997240
64,31,random,8192,dependent,58.5079,56.6845,60.1622,61.1432,58.0845,62.4955,59.1335,57.6413,59.5869,0.9568995407502388,False,False,0.9894205484201003,False,False,990177
64,31,random,8192,independent,12.5891,12.4137,13.1257,15.9283,15.5684,16.304,13.3133,12.9598,13.3432,0.7903605532291582,False,True,0.9456032689115396,False,False,997880
64,31,shared,1,dependent,29.295,28.815,29.7267,37.55,36.5645,37.9855,29.616,29.2664,31.3148,0.7801597869507325,False,True,0.9891612641815236,False,False,976865
64,31,shared,1,independent,6.98979,6.85628,7.37062,10.5133,10.3003,10.5775,7.23648,7.0343,7.40814,0.6648521396707029,False,True,0.9659102215441762,False,False,972024
64,31,shared,8192,dependent,59.1558,57.4074,67.5246,60.6181,57.6223,62.4841,58.3204,58.1093,58.5518,0.9758768420653238,False,False,1.0143243187632458,False,False,1003136
64,31,shared,8192,independent,12.5128,12.3507,13.546,16.147,15.5284,18.0511,13.0946,12.7144,14.3325,0.774930327615037,False,True,0.9555694713851511,False,False,993896
64,32,random,1,dependent,41.2407,40.4263,43.2275,37.6282,37.3033,39.643,42.2707,41.4314,42.3711,1.096005123816712,True,False,0.9756332400457054,False,False,1034317
64,32,random,1,independent,14.9854,14.5143,14.993,12.3952,12.3653,13.3374,14.6255,14.5346,16.065,1.2089679876081063,True,False,1.0246077057194625,False,False,1037872
64,32,random,8192,dependent,76.9132,75.6938,80.8907,61.8782,61.3861,62.364,80.2078,75.3962,83.84,1.2429773328894507,True,False,0.9589241944050328,False,False,1039888
64,32,random,8192,independent,26.6889,25.8528,28.7228,18.9381,18.5363,19.0315,25.8249,25.6125,27.2706,1.4092702013401557,True,False,1.0334560830826063,False,False,1029888
64,32,shared,1,dependent,41.7118,40.4886,42.9662,37.5932,37.5856,38.2265,41.4632,41.2464,43.2269,1.1095570475511527,True,False,1.0059956780952748,False,False,988739
64,32,shared,1,independent,14.4374,14.3865,15.5805,12.4251,12.3844,13.0501,14.7902,14.5747,15.0604,1.1619544309502539,True,False,0.9761463671890847,False,False,992000
64,32,shared,8192,dependent,78.3583,75.9532,84.6729,61.3715,59.6231,62.2584,80.6834,76.2393,81.618,1.2767864562541245,True,False,0.9711824241417689,False,False,1025859
64,32,shared,8192,independent,26.3462,25.8554,28.3057,18.9095,18.3004,19.352,26.1834,25.0276,26.516,1.393278510801449,True,False,1.0062176799040614,False,False,1030072
64,63,random,1,dependent,36.2899,34.4601,37.2969,35.8683,34.6336,35.8874,35.6108,34.5885,36.7464,1.0117541115692688,False,False,1.0190700573983176,False,False,2048376
64,63,random,1,independent,8.74265,8.61359,8.86917,9.2659,9.0313,9.59142,8.82468,8.78651,9.03638,0.9435295006421394,False,True,0.9907044788026307,False,False,2049496
64,63,random,8192,dependent,73.4113,71.4054,76.196,74.8501,73.7801,77.0156,75.5698,73.1621,77.2025,0.9807775807914753,False,False,0.9714370026121545,False,False,2069517
64,63,random,8192,independent,16.5602,16.3447,18.2323,17.0898,16.826,18.376,17.3054,17.0193,17.683,0.9690107549532468,False,False,0.9569382967166318,False,False,2071696
64,63,shared,1,dependent,36.9593,34.8314,38.6976,35.5625,34.9509,37.5811,35.574,34.6158,36.0578,1.0392773286467487,False,False,1.0389413616686345,False,False,1986700
64,63,shared,1,independent,8.71404,8.66827,8.73883,9.2392,9.17244,10.2571,9.08723,8.96835,9.13429,0.9431595809160966,False,True,0.9589324799746458,False,True,1986464
64,63,shared,8192,dependent,73.5633,72.7552,76.1197,73.7667,72.9078,78.668,76.7066,75.9773,77.2476,0.9972426582726351,False,False,0.9590217790907172,False,False,2033355
64,63,shared,8192,independent,16.7046,16.5863,17.5692,18.3328,17.1388,19.1803,18.02,16.9436,18.1408,0.9111865072438471,False,False,0.9270033296337402,False,False,2048176
128,1,random,1,dependent,8.94737,8.82402,9.23856,11.8993,11.8643,12.31,12.2375,11.8186,12.4639,0.7519240627599942,False,True,0.7311436159346271,False,True,25808
128,1,random,1,independent,2.50816,2.50816,2.51389,2.086,2.08473,2.12097,2.08919,2.08917,2.08981,1.2023777564717164,True,False,1.2005418367884206,True,False,22664
128,1,random,8192,dependent,26.5656,25.0066,26.6953,26.694,26.008,26.8917,26.844,25.9959,27.5052,0.9951899303214206,False,False,0.9896289673670093,False,False,19304
128,1,random,8192,independent,4.03023,3.9819,4.3176,2.99771,2.95067,3.11723,2.96338,2.95322,3.35567,1.3444362530064617,True,False,1.3600112034231184,True,False,16216
128,1,shared,1,dependent,8.9817,8.71277,9.05037,12.0138,11.9457,12.3316,12.3838,11.9858,13.0755,0.7476152424711582,False,True,0.7252781860172159,False,True,25808
128,1,shared,1,independent,2.50945,2.50752,2.58064,2.08728,2.086,2.1534,2.08792,2.086,2.11398,1.2022584416082176,True,False,1.2018899191539907,True,False,22664
128,1,shared,8192,dependent,25.046,24.8013,25.1096,26.2871,26.1281,27.8753,27.8702,26.0944,28.3763,0.9527867280909648,False,True,0.8986659586224712,False,True,19304
128,1,shared,8192,independent,4.24132,4.03214,4.52423,3.00916,2.94432,3.1217,3.18973,2.97101,3.31116,1.4094697523561392,True,False,1.329679941562452,True,False,16216
128,2,random,1,dependent,17.5508,17.3454,18.1243,12.7061,12.6686,12.7729,12.8339,12.7061,12.879,1.3812893019888086,True,False,1.3675344205580533,True,False,54302
128,2,random,1,independent,5.72014,5.53384,5.8136,2.50562,2.50117,2.71606,2.52914,2.51134,2.65057,2.2829239868774995,True,False,2.2616936982531612,True,False,55704
128,2,random,8192,dependent,35.8416,35.6019,36.5308,28.8773,27.7627,30.0598,28.958,27.6216,31.1775,1.2411686688159904,True,False,1.2377097865874715,True,False,50200
128,2,random,8192,independent,10.0638,9.78979,10.3105,3.59726,3.54385,3.62459,3.66273,3.65829,3.66592,2.797629306750138,True,False,2.7476226748900414,True,False,50216
128,2,shared,1,dependent,17.9354,17.8871,18.1828,12.8237,12.6591,12.8562,13.3216,12.6565,13.5288,1.398613504682736,True,False,1.346339779005525,True,False,62904
128,2,shared,1,independent,5.82442,5.55928,6.71451,2.50371,2.50307,3.75493,2.51007,2.50499,2.66838,2.326315747430813,True,False,2.3204213428310765,True,False,62816
128,2,shared,8192,dependent,36.1913,34.502,37.6771,29.3083,27.7042,30.838,27.7786,27.1034,28.1099,1.2348481488179117,True,False,1.3028482356922233,True,False,49816
128,2,shared,8192,independent,9.9481,9.73701,10.0536,3.55276,3.53813,3.60489,3.73206,3.61887,3.84013,2.800104707326135,True,False,2.665578795624936,True,False,49880
128,3,random,1,dependent,16.2258,15.7897,17.2602,13.8702,13.5975,14.0018,13.9949,13.9605,15.1335,1.1698317255699269,True,False,1.159408070082673,True,False,83896
128,3,random,1,independent,4.21461,4.08044,4.22604,3.00153,2.99326,3.0206,3.13123,3.12743,3.32578,1.4041538815204249,True,False,1.3459918306863439,True,False,83768
128,3,random,8192,dependent,34.4073,34.1136,35.628,29.2708,28.8099,29.5423,28.9389,28.8213,29.225,1.1754820503710182,True,False,1.188963644091517,True,False,81400
128,3,random,8192,independent,8.05411,7.97527,8.11894,4.45747,4.40154,4.54967,4.80334,4.65646,4.81796,1.8068792386712642,True,False,1.6767728289065522,True,False,80640
128,3,shared,1,dependent,16.4299,15.6911,17.0403,13.5428,13.2236,13.9249,13.4951,13.45,13.82,1.2131833889594472,True,False,1.2174715267022844,True,False,84128
128,3,shared,1,independent,4.19109,4.07791,4.59418,3.02696,2.99008,3.17702,3.13124,3.12933,3.45993,1.3845871765731956,True,False,1.3384761308618949,True,False,88824
128,3,shared,8192,dependent,33.0601,32.8573,34.729,29.3649,28.6026,30.4,30.269,29.0807,31.339,1.125837309168429,True,False,1.092209851663418,True,False,81800
128,3,shared,8192,independent,7.88625,7.7343,8.10432,4.39262,4.29282,4.44348,4.563,4.55794,4.56938,1.79534082165086,True,False,1.7283037475345169,True,False,81048
128,4,random,1,dependent,26.8656,25.5286,27.736,14.4965,14.3878,14.8404,15.1253,14.4246,15.6962,1.8532473355637569,True,False,1.776202786060442,True,False,120342
128,4,random,1,independent,9.36954,9.17435,10.3925,3.48663,3.47583,3.64748,3.67293,3.54576,3.7365,2.687276826046928,True,False,2.550971567658518,True,False,118968
128,4,random,8192,dependent,45.7382,45.276,46.1973,29.7343,29.2225,30.0566,31.6302,29.5792,33.7245,1.5382302593301338,True,False,1.4460294275723833,True,False,111930
128,4,random,8192,independent,16.1826,15.8075,16.2474,5.15556,4.97437,5.58534,5.42323,5.18927,5.65211,3.138863673393385,True,False,2.9839413043518346,True,False,113536
128,4,shared,1,dependent,26.6291,25.5025,27.9897,14.6185,14.1659,14.8481,14.2186,14.1398,14.506,1.8216027636214387,True,False,1.872835581562179,True,False,131314
128,4,shared,1,independent,9.29961,9.1114,9.35045,3.58963,3.47456,3.59662,3.64812,3.62714,3.70026,2.590687619615392,True,False,2.549151343705799,True,False,133544
128,4,shared,8192,dependent,45.4082,44.9823,47.2202,31.1063,29.4952,31.8375,31.5615,29.2772,33.2807,1.4597750294956326,True,False,1.4387212268111467,True,False,114065
128,4,shared,8192,independent,16.4146,15.5862,16.4738,5.11742,5.00615,5.13268,5.23503,5.16255,5.24585,3.2075928886040233,True,False,3.1355312194963543,True,False,113296
128,5,random,1,dependent,27.1199,25.2832,27.4614,26.3246,25.5864,28.0526,25.9126,25.4034,27.1288,1.0302112852616945,False,False,1.0465912336083605,False,False,145697
128,5,random,1,independent,9.0421,9.03638,10.2011,13.8995,13.6522,14.8945,13.593,13.4583,13.8651,0.6505341918774057,False,True,0.6652026778488928,False,True,146520
128,5,random,8192,dependent,46.9653,45.3377,48.1364,43.2301,42.2122,46.7275,44.8933,43.169,45.016,1.0864027610391833,False,False,1.0461538804231365,True,False,147670
128,5,random,8192,independent,16.2614,15.267,16.3733,19.5847,18.6075,21.5518,19.2356,18.2196,19.4689,0.8303114165649715,False,True,0.845380440433363,False,True,147368
128,5,shared,1,dependent,26.5586,25.7746,27.9649,24.3721,23.8171,25.5591,24.1776,23.6352,24.4872,1.0897132376775083,True,False,1.0984795844087087,True,False,147513
128,5,shared,1,independent,9.12349,9.09042,9.50241,11.3188,11.09,11.6335,11.6533,11.315,11.6908,0.8060474608615755,False,True,0.7829104202243142,False,True,146968
128,5,shared,8192,dependent,46.6493,44.6218,47.2965,42.2694,41.8542,47.1077,43.8194,42.9656,44.3643,1.103618693428343,False,False,1.0645809846780192,True,False,144776
128,5,shared,8192,independent,16.0192,15.9295,16.6238,17.5076,17.4115,18.5051,17.8967,17.6512,18.7359,0.9149854920148964,False,True,0.8950923913347154,False,True,146096
128,6,random,1,dependent,26.2801,26.0213,26.5802,26.5013,25.718,26.8269,26.0487,25.7015,27.6426,0.9916532396523944,False,False,1.00888336078192,False,False,180528
128,6,random,1,independent,9.06435,9.03893,9.06436,9.03258,9.00269,10.3861,8.81259,8.81004,8.83356,1.0035172674916801,False,False,1.0285682188777645,True,False,180992
128,6,random,8192,dependent,46.2157,44.5919,52.1984,42.7628,42.5008,48.2413,44.8748,43.321,47.849,1.0807454142385438,False,False,1.0298809131182758,False,False,180010
128,6,random,8192,independent,16.6531,16.2678,16.8349,11.8122,11.8065,12.4162,12.1034,12.0735,12.1085,1.4098220483906467,True,False,1.3759026389279043,True,False,178536
128,6,shared,1,dependent,26.399,25.7823,28.4386,26.8771,25.3118,28.4996,26.3475,25.6958,27.1651,0.9822116225336812,False,False,1.0019546446531928,False,False,181720
128,6,shared,1,independent,9.06435,9.04529,9.23793,7.25174,7.11632,7.25809,6.98154,6.90778,7.10614,1.2499551831698323,True,False,1.2983310272518669,True,False,184096
128,6,shared,8192,dependent,46.0822,45.5456,46.704,45.112,42.6432,45.2232,42.8238,42.8136,44.754,1.0215064727788614,True,False,1.0760885302098366,True,False,179740
128,6,shared,8192,independent,16.3307,16.0859,16.4916,11.6087,11.4346,11.6437,12.4009,11.8828,13.6166,1.406763892597793,True,False,1.3168963542968655,True,False,179432
128,7,random,1,dependent,23.8806,23.4833,24.3079,26.2699,26.0951,28.1264,26.041,25.835,26.2483,0.9090479978987359,False,True,0.9170385161860144,False,True,206760
128,7,random,1,independent,6.53648,6.49388,6.79398,4.60434,4.59163,5.05765,4.62468,4.59735,4.78046,1.4196345187366703,True,False,1.413390764333965,True,False,207432
128,7,random,8192,dependent,43.2478,41.9197,43.6764,43.4596,43.3102,44.0381,43.78,43.1728,44.5557,0.9951265082973612,False,False,0.987843764275925,False,False,215412
128,7,random,8192,independent,12.277,12.2744,12.5052,7.73112,7.66692,7.94983,8.33258,7.98416,8.51505,1.5879975993129067,True,False,1.4733731929366414,True,False,213896
128,7,shared,1,dependent,23.1272,22.9409,23.1635,26.0493,25.8115,26.1078,25.5883,25.5095,27.3895,0.8878242409584902,False,True,0.9038193236752734,False,True,179376
128,7,shared,1,independent,6.52122,6.50787,6.60832,4.59735,4.59671,4.72705,4.60751,4.60687,4.66982,1.4184736859277627,True,False,1.415345815852814,True,False,181176
128,7,shared,8192,dependent,44.5194,43.7069,50.1773,44.9327,43.4748,45.3148,44.0121,43.7711,45.1762,0.990801799135151,False,False,1.0115263757012276,False,False,211362
128,7,shared,8192,independent,12.1555,11.79,12.6241,7.80296,7.63004,7.82204,8.08844,7.9314,8.17999,1.557806268390457,True,False,1.502823783078072,True,False,211800
128,8,random,1,dependent,34.3609,33.7105,34.5364,28.3972,28.3381,29.2937,28.4354,27.7386,29.1786,1.2100101418449707,True,False,1.2083846191718772,True,False,246067
128,8,random,1,independent,13.5384,13.2663,13.8671,10.9844,10.0791,11.0639,10.1255,9.89088,10.9024,1.2325115618513527,True,False,1.3370598982766282,True,False,247352
128,8,random,8192,dependent,60.55,59.3834,66.4361,49.2255,46.5647,49.4531,46.8102,45.7636,48.2063,1.2300535291667936,True,False,1.29352149745141,True,False,243998
128,8,random,8192,independent,23.435,23.3046,23.5138,15.8831,15.749,16.7669,15.3084,15.0922,16.4172,1.475467635411223,True,False,1.5308588748660865,True,False,243568
128,8,shared,1,dependent,33.9813,33.5541,34.1981,29.5779,28.8626,29.6008,31.0497,29.0845,32.493,1.1488746665584777,True,False,1.0944163711726682,True,False,243008
128,8,shared,1,independent,13.7742,13.1162,13.9523,12.3978,12.1606,14.0235,12.6203,11.9089,13.9904,1.1110196970430237,False,False,1.091432057875011,False,False,246336
128,8,shared,8192,dependent,59.2715,57.3915,63.3348,47.4046,46.1458,49.0526,46.8108,46.2411,49.3024,1.250332246237707,True,False,1.2661928443863382,True,False,243147
128,8,shared,8192,independent,23.4795,23.4458,24.9367,17.3092,16.6213,18.8217,16.641,16.4331,17.065,1.3564751692741432,True,False,1.410942851992068,True,False,243632
128,9,random,1,dependent,34.3838,33.933,36.7502,29.6529,28.2675,29.7298,30.1812,28.8022,31.5475,1.159542574250748,True,False,1.1392456231031238,True,False,275322
128,9,random,1,independent,13.4754,13.2898,13.6611,14.2835,14.2167,15.796,15.4781,13.9033,15.4858,0.9434242307557672,False,True,0.870610733875605,False,True,273872
128,9,random,8192,dependent,58.6503,57.7641,58.9085,49.7837,46.765,51.6396,47.7676,46.7205,55.0162,1.178102471290804,True,False,1.227825974091225,True,False,278889
128,9,random,8192,independent,23.7776,22.7757,24.1089,19.139,17.9081,19.5491,18.7588,18.7206,19.8447,1.2423637598620618,True,False,1.267543766125765,True,False,278008
128,9,shared,1,dependent,35.0577,34.579,43.9154,30.0477,29.3376,30.2747,31.2316,29.9301,31.7434,1.1667348915224791,True,False,1.1225073323172683,True,False,253731
128,9,shared,1,independent,13.8175,13.4824,16.3492,14.7711,14.74,15.1812,14.279,13.5377,20.7106,0.9354415040179811,False,False,0.96767980951047,False,False,253600
128,9,shared,8192,dependent,58.3394,58.0673,62.6392,49.8797,47.7918,51.8271,48.0677,46.8553,49.0856,1.1696020625625254,True,False,1.2136923547413334,True,False,281003
128,9,shared,8192,independent,23.2856,23.2251,24.2049,19.0175,18.8624,19.303,19.647,19.0703,20.0392,1.2244301301432892,True,False,1.185198758080114,True,False,278184
128,10,random,1,dependent,36.9415,34.914,42.8295,27.5428,26.9775,29.6783,29.7623,27.9694,31.1273,1.3412398158502403,True,False,1.241217916626067,True,False,312636
128,10,random,1,independent,13.6986,13.6236,15.9314,10.5629,9.88579,10.6284,10.0492,9.80377,10.4008,1.296859763890598,True,False,1.363153285833698,True,False,311896
128,10,random,8192,dependent,59.178,56.9369,62.1402,48.0493,45.9665,48.3297,47.8058,47.4243,48.1923,1.2316100338610552,True,False,1.2378832693940902,True,False,313402
128,10,random,8192,independent,23.9054,23.6314,24.5463,13.8709,13.7927,14.8455,14.0254,13.9434,15.3255,1.7234209748466214,True,False,1.7044362371126671,True,False,313656
128,10,shared,1,dependent,36.7044,36.5022,44.6504,26.8275,26.8014,29.7006,28.6179,27.8053,29.5118,1.3681632653061224,True,False,1.282567903305274,True,False,290904
128,10,shared,1,independent,13.6986,13.279,16.2589,9.18071,8.82022,9.67853,8.94864,8.57861,9.42039,1.4921068196250618,True,False,1.5308024459582688,True,False,293328
128,10,shared,8192,dependent,59.6593,59.3936,60.2945,49.1924,48.0347,51.679,49.0888,47.6297,49.1511,1.2127747375610867,True,False,1.2153342513974674,True,False,310579
128,10,shared,8192,independent,24.1528,23.5481,25.4097,13.8753,13.7888,14.4742,13.8111,13.525,14.2403,1.7407047054838454,True,False,1.7487962580822671,True,False,310808
128,11,random,1,dependent,34.9414,34.7036,37.3414,27.2255,26.6838,29.8462,27.3577,26.844,28.0558,1.2834070999614333,True,False,1.2772053206227132,True,False,339827
128,11,random,1,independent,13.3406,13.1416,13.5644,5.32722,5.32277,5.63304,5.30624,5.23503,5.35648,2.5042329770499436,True,False,2.514134302255458,True,False,342144
128,11,random,8192,dependent,58.2778,58.0972,61.4789,49.1753,46.9577,51.6618,51.2778,47.7486,53.0682,1.1851030903726056,True,False,1.1365113167881618,True,False,343484
128,11,random,8192,independent,23.4807,23.2785,25.0346,9.56218,9.40514,10.1833,10.0625,9.44901,10.2227,2.4555802128803266,True,False,2.333485714285714,True,False,343128
128,11,shared,1,dependent,33.7474,33.6278,35.546,25.8255,25.8001,26.9051,26.8319,25.9393,28.7196,1.3067472072176722,True,False,1.2577342640662792,True,False,361509
128,11,shared,1,independent,13.3343,13.2014,13.6153,5.32532,5.32024,5.56183,5.23441,5.23314,5.40225,2.503943424996057,True,False,2.5474313246383073,True,False,367088
128,11,shared,8192,dependent,61.1591,58.9987,61.4198,47.9972,47.5013,50.3317,50.0081,47.3652,53.0294,1.2742222462977009,True,False,1.222983876611989,True,False,344264
128,11,shared,8192,independent,23.269,23.1546,24.9926,9.49796,9.49542,10.3683,9.57617,9.29706,9.68678,2.4498945036618385,True,False,2.4298858520682067,True,False,343944
128,12,random,1,dependent,34.8441,34.448,37.5201,29.9873,29.3395,31.4172,31.0116,30.9041,31.3975,1.1619618972031491,True,False,1.1235827883759624,True,False,385108
128,12,random,1,independent,13.176,13.1454,13.82,11.7912,11.4746,13.0564,11.3449,11.261,11.5407,1.1174435171992674,True,False,1.1614029211363697,True,False,377000
128,12,random,8192,dependent,61.5679,59.6574,62.4625,51.6376,49.6203,53.7942,53.2913,51.0604,53.3148,1.1923075433405117,True,False,1.1553086526318554,True,False,377381
128,12,random,8192,independent,23.8667,23.5176,24.25,16.3746,16.3231,16.4852,17.3588,16.6512,17.3887,1.4575440010748355,True,False,1.374904947346591,True,False,377112
128,12,shared,1,dependent,34.0557,34.0316,36.7699,29.8818,29.5512,31.0523,29.5035,29.199,30.1857,1.1396803405417346,True,False,1.1542935583913774,True,False,403969
128,12,shared,1,independent,13.5562,13.3057,13.8378,11.2724,11.1033,11.3735,11.2883,11.1065,11.6412,1.2026010432560947,True,False,1.2009071339351365,True,False,403648
128,12,shared,8192,dependent,60.133,59.838,60.1368,51.5531,50.6287,54.0504,49.2954,49.1536,51.9492,1.166428401007893,True,False,1.21985012800383,True,False,378177
128,12,shared,8192,independent,23.7948,23.1082,24.2475,16.7459,16.51,16.84,16.7058,16.3657,16.8762,1.4209328850644038,True,False,1.4243436411306252,True,False,378528
128,13,random,1,dependent,34.9388,34.7169,36.6427,30.1812,29.1436,31.6118,29.7985,29.7712,33.3023,1.1576345539607438,True,False,1.1725019715757505,True,False,405272
128,13,random,1,independent,13.4048,13.1957,13.9097,14.0839,13.8448,14.6637,13.937,13.6541,14.2689,0.9517818217965194,False,False,0.9618138767310038,False,False,410288
128,13,random,8192,dependent,63.0023,60.2392,63.7334,51.6752,51.4635,52.742,54.9971,52.5951,56.9801,1.2191979905254358,True,False,1.1455567657203742,True,False,405894
128,13,random,8192,independent,24.9519,24.7478,25.1967,20.9433,20.7729,21.2911,19.996,19.9203,21.4373,1.191402501038518,True,False,1.2478445689137827,True,False,406280
128,13,shared,1,dependent,35.2567,35.2535,35.8442,28.8595,27.9185,30.2309,29.3528,28.5327,30.3828,1.2216670420485456,True,False,1.2011358371262708,True,False,450803
128,13,shared,1,independent,13.8442,13.4722,14.0165,12.9687,12.8377,13.1474,12.5599,12.3952,13.3737,1.0675086940094227,True,False,1.1022539988375704,True,False,449176
128,13,shared,8192,dependent,63.5103,62.493,66.1201,52.7433,51.3407,57.5415,51.7247,51.7152,51.9969,1.2041396727167242,True,False,1.2278524573366303,True,False,409955
128,13,shared,8192,independent,23.7103,23.1177,23.8012,21.6687,19.5993,22.1284,20.5949,20.429,21.0908,1.0942188502309782,True,False,1.1512704601624675,True,False,409144
128,14,random,1,dependent,35.9821,35.1429,35.9987,28.6051,28.1868,28.6248,29.0864,28.6357,29.5652,1.2578910753676793,True,False,1.237076434347324,True,False,437602
128,14,random,1,independent,13.4767,13.3661,13.5683,10.8999,10.76,11.0849,11.1021,10.5902,11.1268,1.2364058385856749,True,False,1.2138874627322758,True,False,439944
128,14,random,8192,dependent,62.4294,61.9736,66.2104,51.8265,51.5862,53.278,51.9238,51.3528,52.8488,1.2045845272206304,True,False,1.2023272564796876,True,False,445663
128,14,random,8192,independent,24.9729,23.5456,26.0646,16.4032,16.051,17.5571,16.1254,15.9181,16.6658,1.522440743269606,True,False,1.548668560159748,True,False,444792
128,14,shared,1,dependent,35.2707,34.057,37.185,27.6769,27.6362,28.5301,28.5371,27.2547,28.6547,1.274373213763102,True,False,1.235959505345673,True,False,489254
128,14,shared,1,independent,13.3228,13.2287,13.5581,10.601,10.2088,10.9081,10.3099,10.2781,11.13,1.2567493632676163,True,False,1.2922336783091979,True,False,487216
128,14,shared,8192,dependent,64.4245,63.6056,64.778,52.6358,50.8906,56.4365,52.5627,50.848,58.513,1.2239673378195066,True,False,1.2256695337187777,True,False,445027
128,14,shared,8192,independent,24.2856,23.3847,24.8013,16.0802,15.6676,18.5013,16.2411,15.9404,16.3205,1.5102797228890186,True,False,1.4953174353953858,True,False,446024
128,15,random,1,dependent,30.9766,30.6683,31.3307,29.0368,27.9338,29.1685,29.1742,27.703,29.5499,1.0668048820806701,True,False,1.0617806143784578,True,False,479255
128,15,random,1,independent,9.54756,9.27036,10.1007,6.14038,6.11496,6.22432,6.1086,6.06854,6.1601,1.5548809682788363,True,False,1.562970238679894,True,False,473904
128,15,random,8192,dependent,56.839,56.7996,58.8894,52.6651,50.7742,53.3422,52.1743,51.9676,56.1937,1.0792536233672774,True,False,1.0894060869048554,True,False,476483
128,15,random,8192,independent,18.123,17.945,18.8224,11.8408,11.0753,12.6076,11.0181,10.8013,12.1288,1.5305553678805488,True,False,1.6448389468238627,True,False,472704
128,15,shared,1,dependent,30.9251,30.2569,31.634,28.3279,27.764,28.3566,28.2974,28.0628,28.5657,1.0916834640054505,True,False,1.0928601214245832,True,False,533459
128,15,shared,1,independent,9.34537,9.29768,9.68997,6.07236,6.06665,6.07744,5.96873,5.9649,6.08253,1.5390013108577227,True,False,1.5657216861878491,True,False,540136
128,15,shared,8192,dependent,60.3568,56.7684,62.095,52.9245,50.1188,54.6538,53.2157,51.7438,54.3772,1.1404321250082665,True,False,1.1341916013507292,True,False,472666
128,15,shared,8192,independent,18.9368,17.9335,20.1906,11.6323,11.0919,12.1867,11.4479,10.8395,11.6997,1.6279497605804527,True,False,1.6541723809607003,True,False,471792
128,16,random,1,dependent,45.0255,43.6166,45.6257,32.0396,30.009,32.2901,30.9588,30.8386,32.6131,1.4053078065893456,True,False,1.4543683863715648,True,False,510557
128,16,random,1,independent,18.5267,18.2858,18.7054,12.31,11.9464,12.5326,12.1117,12.0621,12.2865,1.5050121852152722,True,False,1.5296531453057787,True,False,509888
128,16,random,8192,dependent,77.7512,75.4013,78.8453,54.2914,52.6314,55.8656,57.0799,53.9392,59.9009,1.432108952799154,True,False,1.3621467451764981,True,False,511132
128,16,random,8192,independent,33.4651,32.9488,34.5917,18.1624,17.9685,19.2032,19.427,18.2743,19.4569,1.8425483416288595,True,False,1.7226077109177949,True,False,512240
128,16,shared,1,dependent,44.2429,43.7113,46.121,30.3847,30.3593,32.0778,29.9517,29.9288,30.1723,1.456091388099932,True,False,1.477141531198563,True,False,494161
128,16,shared,1,independent,18.3595,18.2578,18.5833,11.2413,10.9406,11.474,11.1135,11.0238,11.7747,1.6332185779224822,True,False,1.6519998200386916,True,False,496832
128,16,shared,8192,dependent,77.4784,76.2857,85.8765,53.6156,52.379,58.1074,56.1212,52.6485,59.9912,1.4450719566693275,True,False,1.3805549418045229,True,False,506543
128,16,shared,8192,independent,34.4187,34.3793,37.4864,18.7378,18.0441,19.2483,18.7454,18.0124,18.9184,1.836859183041766,True,False,1.8361144600808732,True,False,506768
128,17,random,1,dependent,45.5074,44.4972,45.7643,36.2803,35.4856,36.5696,44.1831,43.937,45.3707,1.2543281064379292,True,False,1.029972998725757,False,False,544943
128,17,random,1,independent,18.5648,18.3538,18.8268,16.2576,14.9924,17.074,18.8224,18.6462,20.1384,1.141915165830135,True,False,0.9863141788507312,False,False,545232
128,17,random,8192,dependent,79.3044,76.4675,86.0837,63.2655,59.9562,63.5242,79.8403,79.1155,80.9218,1.2535173198662777,True,False,0.9932878508723039,False,False,545207
128,17,random,8192,independent,34.7722,32.2774,35.6935,21.0641,19.9133,21.855,32.8178,32.2056,36.2988,1.6507802374656406,True,False,1.0595530474315769,False,False,543440
128,17,shared,1,dependent,43.1264,42.9738,44.4336,37.735,36.5391,38.5462,42.9802,42.895,45.9461,1.1428753146945805,True,False,1.003401566302623,False,False,579606
128,17,shared,1,independent,18.4422,18.2114,19.6355,16.8228,16.8037,19.853,18.8669,18.6882,19.1237,1.096262215564591,False,False,0.9774896776894985,False,False,584584
128,17,shared,8192,dependent,78.8975,76.0606,82.1959,61.3988,60.5672,63.647,75.8769,74.6231,88.4291,1.2850006840524568,True,False,1.039809217298018,False,False,543619
128,17,shared,8192,independent,33.1173,32.128,35.0405,22.0229,21.9008,23.6409,33.8631,32.1019,34.3513,1.5037665339260498,True,False,0.9779760270028437,False,False,542288
128,18,random,1,dependent,43.3197,42.7265,43.8544,38.9665,38.3078,41.1994,44.0744,43.1773,46.505,1.1117164744075037,True,False,0.9828766812480715,False,False,568444
128,18,random,1,independent,18.3105,18.2781,19.2725,20.9249,20.4093,22.7801,18.7467,18.2883,18.8001,0.8750579453187352,False,True,0.9767319048152475,False,False,573008
128,18,random,8192,dependent,76.3359,74.5163,79.1925,66.2715,62.9158,67.9665,78.9655,77.0168,80.5327,1.1518661868223896,True,False,0.9666993813754107,False,False,569710
128,18,random,8192,independent,33.5484,33.4975,35.3648,24.5584,24.1343,24.7752,32.6576,32.4256,34.6788,1.3660661932373446,True,False,1.0272769585027681,False,False,570176
128,18,shared,1,dependent,43.478,43.1773,44.3198,37.9175,37.8583,40.041,44.6542,43.2955,45.0732,1.1466473264323862,True,False,0.9736598125148362,False,False,607116
128,18,shared,1,independent,18.664,18.2489,19.8669,19.612,19.3895,20.3266,18.3385,18.2622,19.0074,0.9516622476035083,False,False,1.0177495433105217,False,False,608848
128,18,shared,8192,dependent,76.9386,75.442,79.8257,64.3749,62.1592,73.705,78.619,76.8979,80.2059,1.195164575012932,True,False,0.9786260318752463,False,False,571656
128,18,shared,8192,independent,33.2864,32.6411,33.8058,24.8419,24.0231,25.3601,33.6119,32.7326,35.0342,1.3399297155209546,True,False,0.9903159297748715,False,False,570896
128,19,random,1,dependent,43.5302,43.3146,45.4953,41.481,40.6043,43.2021,43.8976,43.2224,45.8043,1.0494009305465153,True,False,0.9916305219419741,False,False,604792
128,19,random,1,independent,18.9927,18.8224,19.4219,24.8884,24.8445,25.4364,18.3277,18.3169,18.7162,0.7631145433213866,False,True,1.0362838763183595,True,False,602376
128,19,random,8192,dependent,77.7721,77.4568,79.8111,68.1985,67.7509,69.0117,79.7138,77.0518,81.2976,1.1403784540715705,True,False,0.9756416078520908,False,False,612547
128,19,random,8192,independent,34.5771,33.0162,36.2771,28.7425,28.0914,29.8271,32.3639,32.2717,35.1435,1.2029955640601897,True,False,1.0683848361909412,False,False,608088
128,19,shared,1,dependent,44.7051,42.5453,46.1731,40.2145,38.2633,40.3392,44.5277,42.8619,46.7001,1.1116661900558256,True,False,1.0039840369028716,False,False,586821
128,19,shared,1,independent,19.832,18.4841,20.071,21.2116,21.1016,21.5632,18.9495,18.3086,19.4664,0.9349601161628542,False,True,1.046571149634555,False,False,580336
128,19,shared,8192,dependent,79.5364,75.9214,80.8105,69.4637,66.5563,72.6693,76.9024,75.8114,81.571,1.1450066725498353,True,False,1.0342512067243674,False,False,607176
128,19,shared,8192,independent,34.8473,32.196,34.9751,29.5372,28.3343,29.5575,33.4231,32.046,33.6342,1.1797766883793994,True,False,1.04261124790938,False,False,604040
128,20,random,1,dependent,44.2066,42.1435,44.7636,41.446,40.7689,41.5262,44.5786,42.5262,44.8958,1.0666071514742075,True,False,0.9916551888125693,False,False,628787
128,20,random,1,independent,19.2248,18.7461,21.7972,25.9132,25.3804,26.4746,19.3685,18.5528,20.5968,0.7418921630674713,False,True,0.992580736763301,False,False,632176
128,20,random,8192,dependent,76.7136,76.6277,79.361,74.7287,69.3652,75.8781,79.1702,74.0897,82.0223,1.0265614148245588,True,False,0.9689706480468662,False,False,629307
128,20,random,8192,independent,32.3747,31.7154,32.6208,30.9048,29.8379,31.7109,32.7899,32.1039,35.1753,1.0475621909865134,True,False,0.9873375643109614,False,False,638568
128,20,shared,1,dependent,43.4539,42.8645,43.457,41.8199,40.8465,42.1588,43.9046,43.5403,45.3332,1.0390723076812713,True,False,0.9897345608432828,False,True,578499
128,20,shared,1,independent,18.7524,18.3569,19.2267,25.4319,25.2177,25.8999,18.4822,18.3461,18.4917,0.7373574133273567,False,True,1.0146194717079138,False,False,581000
128,20,shared,8192,dependent,75.5081,75.0217,84.7441,73.5016,73.2129,74.1355,76.0333,75.6779,79.7958,1.0272987254699217,True,False,0.9930925002597546,False,False,641605
128,20,shared,8192,independent,33.069,32.8973,34.9776,31.0103,30.4451,32.1909,33.308,32.6595,36.1284,1.0663876195973596,True,False,0.9928245466554583,False,False,639240
128,21,random,1,dependent,43.9949,42.8092,45.4865,42.3756,41.8301,43.8824,44.3904,43.6433,46.1172,1.0382130282521074,False,False,0.9910904159457902,False,False,675957
128,21,random,1,independent,19.3157,18.8897,19.8479,25.1211,24.3829,25.1617,18.2679,18.2552,18.6036,0.7689034317764748,False,True,1.0573574411946638,True,False,675056
128,21,random,8192,dependent,78.3056,77.7931,79.3807,71.9395,71.5923,75.5463,81.6015,75.922,82.5176,1.0884924137643437,True,False,0.9596098110941588,False,False,674090
128,21,random,8192,independent,32.156,31.8381,34.1695,31.3822,31.2837,34.0087,33.1497,32.622,34.8218,1.0246572898012247,False,False,0.970023861452743,False,False,678144
128,21,shared,1,dependent,44.3567,43.4755,44.3726,43.3648,41.2699,43.8328,43.8728,43.7279,45.084,1.0228733903995866,False,False,1.0110296128808738,False,False,726299
128,21,shared,1,independent,18.6322,18.2285,19.9617,24.2246,23.7141,24.2449,18.5159,18.3404,18.5337,0.7691437629517103,False,True,1.006281088145864,False,False,722008
128,21,shared,8192,dependent,77.7206,76.7473,82.2112,73.5709,68.1534,77.0524,79.7926,78.378,81.5633,1.0564040945536892,False,False,0.9740326797221799,False,False,684835
128,21,shared,8192,independent,32.3582,31.9061,34.3749,31.5304,30.6161,32.2736,34.3094,32.8649,36.0819,1.0262540278588281,False,False,0.9431292881834132,False,False,676792
128,22,random,1,dependent,42.888,42.8003,45.1845,42.7799,42.3425,42.9662,44.103,43.5995,44.8996,1.0025268876271334,False,False,0.9724508536834228,False,False,696504
128,22,random,1,independent,18.3728,18.233,18.4574,21.9345,21.1703,22.3745,18.6284,18.2629,18.7963,0.8376210991816545,False,True,0.98627901483756,False,False,699848
128,22,random,8192,dependent,77.3894,75.5393,77.4117,72.5269,70.4956,74.0039,81.4597,75.6429,82.5214,1.0670440898480424,True,False,0.9500329610838242,False,False,711117
128,22,random,8192,independent,33.7995,33.0321,35.8143,30.5157,28.8639,30.709,32.4103,32.0435,33.2858,1.1076101809888026,True,False,1.0428629170356338,False,False,707784
128,22,shared,1,dependent,42.4747,42.1003,44.7419,41.577,41.5465,43.5314,42.984,42.902,43.2593,1.021591264400991,False,False,0.9881514051740181,False,False,672298
128,22,shared,1,independent,18.4409,18.4231,18.9705,24.3893,23.887,24.6786,18.294,18.2699,19.4397,0.7561061613084427,False,True,1.0080299551765606,False,False,678560
128,22,shared,8192,dependent,79.003,76.6245,79.1403,72.6763,69.6615,74.194,77.9152,75.929,81.749,1.087053138368354,True,False,1.013961332320266,False,False,707735
128,22,shared,8192,independent,33.0264,32.2342,34.6826,29.4768,28.5651,30.4508,33.1319,32.046,33.7232,1.1204201270151442,True,False,0.9968157576233178,False,False,705952
128,23,random,1,dependent,43.6719,43.431,45.229,42.1257,41.7277,44.4088,44.44,43.56,44.5843,1.0367044345850633,False,False,0.9827160216021603,False,False,721613
128,23,random,1,independent,18.3976,18.2896,19.2204,22.0572,21.6217,22.4571,18.3131,18.2686,19.4677,0.8340859220571967,False,True,1.0046141832895579,False,False,721920
128,23,random,8192,dependent,82.6359,78.2318,82.9652,72.738,72.3489,73.932,80.1309,78.7029,81.4578,1.1360760537820673,True,False,1.0312613486183233,False,False,741208
128,23,random,8192,independent,32.6672,32.4497,33.0111,27.7449,27.3838,28.5085,33.6018,32.8973,34.2484,1.1774127857732413,True,False,0.9721860138444965,False,False,736168
128,23,shared,1,dependent,44.124,42.7933,44.6796,41.9922,41.9534,42.7341,43.6656,43.4621,44.0146,1.0507665709346024,True,False,1.0104979663625373,False,False,605047
128,23,shared,1,independent,18.6138,18.2953,18.8707,18.5846,18.4326,18.6157,18.4205,18.3945,18.4994,1.001571193353637,False,False,1.0104937433837302,False,False,608752
128,23,shared,8192,dependent,80.752,77.6463,93.818,73.2034,72.113,75.1998,81.6135,78.2687,83.3416,1.1031181611783059,True,False,0.9894441483333026,False,False,743646
128,23,shared,8192,independent,33.4123,33.1726,33.6266,27.2541,26.762,27.3952,35.1543,33.9693,35.7304,1.2259549939275192,True,False,0.9504470292396664,False,True,741104
128,24,random,1,dependent,44.049,43.9205,45.0039,42.7837,42.1759,43.9212,45.9805,43.7393,46.4052,1.0295743472397196,False,False,0.9579930622763998,False,False,758473
128,24,random,1,independent,18.6189,18.2451,20.4824,19.2522,18.9686,19.4798,18.7422,18.3303,18.9196,0.9671050581232276,False,False,0.9934212632455101,False,False,765864
128,24,random,8192,dependent,81.4018,79.0316,81.9073,73.1659,72.4297,76.5044,79.7927,77.481,81.5697,1.1125647330245374,True,False,1.0201660051608732,False,False,768548
128,24,random,8192,independent,34.5789,34.0602,37.4165,26.3888,25.1509,28.5536,33.055,32.28,34.3049,1.3103627296428788,True,False,1.046101951293299,False,False,767616
128,24,shared,1,dependent,44.1545,44.0273,45.0974,43.1449,42.9726,44.0426,44.323,43.5257,45.0039,1.0234002164798157,False,False,0.9961983620242312,False,False,763820
128,24,shared,1,independent,18.9946,18.7639,19.5001,19.5662,19.3183,19.6514,18.6208,18.3188,18.9368,0.9707863560630066,False,False,1.0200743254854785,False,False,760128
128,24,shared,8192,dependent,82.8756,81.4889,84.8878,75.1069,71.7945,76.8833,82.4305,81.1742,85.7741,1.1034352369755642,True,False,1.0053997003536315,False,False,765101
128,24,shared,8192,independent,34.3672,33.2934,34.4073,27.0735,25.3398,27.6985,36.7139,33.549,38.133,1.269403660405932,True,False,0.9360814296492608,False,False,766336
128,25,random,1,dependent,43.3025,42.5243,44.543,41.7296,41.1479,43.4113,43.5944,42.8073,45.2029,1.0376926689927535,False,False,0.9933041858587341,False,False,800594
128,25,random,1,independent,18.3404,18.2381,18.362,16.2983,16.0675,16.4471,18.4269,18.3614,19.6749,1.1252952761944497,True,False,0.995305775795169,False,False,806768
128,25,random,8192,dependent,79.4017,78.0983,81.2626,74.9391,72.6083,76.2628,80.4704,77.3398,83.9926,1.0595496876797295,True,False,0.9867193402791586,False,False,805024
128,25,random,8192,independent,33.6024,32.6169,37.4552,24.3149,23.9328,24.3352,33.7849,32.6004,39.3041,1.3819674356053284,True,False,0.9945981784761833,False,False,805736
128,25,shared,1,dependent,43.8913,43.6777,43.9275,42.7895,42.0074,43.115,44.927,43.8856,45.1667,1.0257493076572524,True,False,0.9769470474325016,False,False,877856
128,25,shared,1,independent,18.3086,18.226,18.7022,15.2041,15.0236,15.2251,18.6024,18.4129,18.7887,1.2041883439335441,True,False,0.9842063389670149,False,False,877464
128,25,shared,8192,dependent,80.4609,77.6895,80.5219,74.7287,73.1252,77.0486,82.229,79.244,83.6811,1.0767068074247244,True,False,0.9784978535553149,False,False,806265
128,25,shared,8192,independent,34.104,33.0137,34.1752,24.6048,23.7319,24.7924,33.5146,33.2635,33.7391,1.3860710105345297,True,False,1.0175863653452524,False,False,801648
128,26,random,1,dependent,43.684,43.4176,44.7699,43.7145,41.7563,43.836,44.8774,43.9803,45.4432,0.9993022910018414,False,False,0.9734075503482821,False,False,835091
128,26,random,1,independent,18.6494,18.3099,18.7085,14.7521,14.4545,14.8354,18.5165,18.3239,18.9978,1.2641861158750278,True,False,1.0071773823346744,False,False,830536
128,26,random,8192,dependent,80.2218,77.7117,81.3103,75.8266,73.1208,79.6108,79.7482,79.3196,81.5302,1.0579638279970354,False,False,1.0059386920331745,False,False,830400
128,26,random,8192,independent,33.3093,32.9208,33.7658,23.44,23.3243,23.4985,34.8911,33.385,37.2334,1.4210452218430034,True,False,0.9546646566029732,False,False,828488
128,26,shared,1,dependent,43.5963,42.7507,43.8639,42.2637,41.8924,43.3769,45.7395,43.855,45.852,1.0315306042774295,False,False,0.9531433443741186,False,False,798164
128,26,shared,1,independent,18.2597,18.2266,22.192,14.5715,14.1799,16.2977,18.4517,18.3633,19.2064,1.2531105239680196,True,False,0.98959445471149,False,False,803920
128,26,shared,8192,dependent,78.509,77.7334,82.1304,74.8851,74.7515,75.772,79.0545,78.036,80.375,1.0483928044430735,True,False,0.993099697044444,False,False,837496
128,26,shared,8192,independent,32.7612,32.4891,32.9952,22.8316,22.4635,23.3555,33.5922,32.6958,35.3209,1.4349060074633402,True,False,0.9752621144194189,False,False,833688
128,27,random,1,dependent,44.0235,43.829,45.6746,42.3654,42.0335,42.448,44.0725,43.9262,46.1585,1.0391380702176776,True,False,0.9988881955868172,False,False,852671
128,27,random,1,independent,18.4034,18.3671,18.678,13.6706,13.6236,14.1163,18.5852,18.2533,19.4543,1.3462028001697073,True,False,0.990218022942987,False,False,854208
128,27,random,8192,dependent,80.1773,79.8492,83.32,77.2368,77.2247,77.7893,79.5313,78.462,80.8353,1.0380712302943675,True,False,1.008122588213697,False,False,868123
128,27,random,8192,independent,34.16,32.8388,34.586,22.1208,21.5734,22.899,33.631,32.7053,34.7964,1.5442479476329969,True,False,1.0157295352502154,False,False,867688
128,27,shared,1,dependent,45.4006,44.6002,45.5653,41.6006,41.4219,43.8932,44.2321,43.6986,44.4787,1.0913448363725522,True,False,1.0264174660484127,True,False,811472
128,27,shared,1,independent,19.0608,18.7798,19.1708,12.4245,12.3145,12.8187,18.439,18.3716,19.3971,1.5341301460823373,True,False,1.0337220022777809,False,False,808960
128,27,shared,8192,dependent,82.7637,80.9428,83.2259,76.2844,74.2868,77.5712,81.548,78.2528,82.372,1.0849361075134627,True,False,1.0149077843723942,False,False,860626
128,27,shared,8192,independent,33.233,32.9507,34.5663,22.0922,21.7177,22.4228,34.75,33.5477,36.4202,1.504286580784168,True,False,0.9563453237410071,False,False,868312
128,28,random,1,dependent,46.641,44.1246,47.3334,43.3534,41.6508,46.7847,43.5003,43.3915,45.9315,1.075832575991733,False,False,1.0721995020723993,False,False,906088
128,28,random,1,independent,18.3926,18.3131,20.3597,12.2337,11.9483,12.2948,18.5096,18.2584,18.7054,1.5034372266771296,True,False,0.9936789557851062,False,False,902984
128,28,random,8192,dependent,83.9075,81.9848,84.2826,78.0824,77.2915,78.7881,81.1437,78.5796,84.9978,1.0746019589561795,True,False,1.0340605616948697,False,False,906333
128,28,random,8192,independent,35.888,33.1898,36.2682,20.5625,20.3622,21.1754,34.1714,33.5617,34.207,1.7453130699088144,True,False,1.0502349918352774,False,False,904944
128,28,shared,1,dependent,43.9924,43.1506,45.0153,41.9312,41.7569,42.2325,43.8951,43.7813,46.2348,1.049156713855077,True,False,1.00221664832749,False,False,897554
128,28,shared,1,independent,19.0213,18.6494,20.0526,13.9694,13.6827,14.3623,19.3043,18.369,19.8351,1.3616404426818618,True,False,0.9853400537704035,False,False,897288
128,28,shared,8192,dependent,81.0878,80.2752,82.1368,78.5224,76.7612,78.7354,79.7621,78.9382,79.8747,1.032670932116186,True,False,1.0166206757344654,True,False,903025
128,28,shared,8192,independent,34.4664,33.2419,39.0161,20.7259,20.5135,22.7362,33.9127,33.7315,34.242,1.6629627663937392,True,False,1.0163272166474506,False,False,908184
128,29,random,1,dependent,44.9308,43.033,45.3631,42.2846,42.2707,42.8314,45.6854,43.3146,45.8151,1.0625807031401504,True,False,0.983482688123558,False,False,915853
128,29,random,1,independent,18.4205,18.3036,18.7982,10.8763,10.8732,11.0321,18.7607,18.4816,19.179,1.6936366227485449,True,False,0.9818663482705869,False,False,919752
128,29,random,8192,dependent,79.5135,76.9609,82.3714,76.8166,73.6974,77.6768,80.1423,79.8956,80.4335,1.0351082969045753,False,False,0.9921539561504972,False,False,941992
128,29,random,8192,independent,33.8217,32.9227,38.2932,19.4187,18.9082,19.9668,32.8592,32.4243,35.5256,1.7417077353272874,True,False,1.0292916443492233,False,False,931504
128,29,shared,1,dependent,44.3681,44.0566,45.2061,42.6286,41.9375,43.4182,44.1761,43.8633,45.5418,1.0408059377976289,True,False,1.0043462415197357,False,False,862616
128,29,shared,1,independent,18.5579,18.4568,18.9705,11.7111,11.6526,11.9756,18.5623,18.2171,18.8382,1.5846419209126383,True,False,0.999762960409001,False,False,867832
128,29,shared,8192,dependent,83.95,83.3276,84.0168,78.2337,77.2889,79.0876,81.2359,79.0272,82.3695,1.0730669775301438,True,False,1.0334101056306386,True,False,927496
128,29,shared,8192,independent,33.0995,32.6722,34.406,19.4359,19.2464,19.6158,34.2013,33.7188,35.9872,1.7030083505266027,True,False,0.9677848502834686,False,False,932200
128,30,random,1,dependent,45.2042,44.569,45.5449,43.6637,41.701,44.7337,43.7686,43.326,43.8315,1.03528102290919,False,False,1.0327997696979112,True,False,971623
128,30,random,1,independent,18.3868,18.3551,19.3208,9.91757,9.91376,10.1191,18.7601,18.7397,18.94,1.8539622105011613,True,False,0.9801013853870715,False,False,968624
128,30,random,8192,dependent,81.831,78.7106,82.4045,76.1115,75.7732,80.6179,80.9619,80.4971,81.0979,1.0751463313691096,False,False,1.0107346789045217,False,False,966050
128,30,random,8192,independent,35.3667,34.5548,35.5453,17.9456,17.8076,18.554,33.3608,32.6029,33.795,1.9707727799572041,True,False,1.060127454977099,True,False,961528
128,30,shared,1,dependent,44.0731,43.4214,45.1171,41.9528,41.8746,43.4933,43.3795,43.2746,45.653,1.0505401308136761,False,False,1.0159891192844546,False,False,1035604
128,30,shared,1,independent,18.7486,18.2883,19.263,9.85846,9.79869,9.94174,18.2985,18.2749,18.4282,1.9017777624497134,True,False,1.0245976446156788,False,False,1033192
128,30,shared,8192,dependent,81.1564,80.4392,81.6924,77.0264,76.711,78.1657,81.3154,79.9522,84.0155,1.0536179803288224,True,False,0.9980446508287484,False,False,954493
128,30,shared,8192,independent,32.7879,32.4485,38.7306,17.7561,17.3906,18.1745,33.6539,33.1872,33.8484,1.8465710375589235,True,False,0.974267469743477,False,False,957440
128,31,random,1,dependent,38.5208,37.8577,40.2387,42.5224,42.2223,42.9776,38.0675,37.5055,40.0333,0.9058943051191843,False,True,1.011907795363499,False,False,1008176
128,31,random,1,independent,12.825,12.7939,12.8988,8.61232,8.60722,9.13048,13.1416,13.1289,13.2554,1.4891457818566889,True,False,0.9759085651671029,False,True,1008248
128,31,random,8192,dependent,72.4983,72.3368,75.4617,78.029,74.3186,80.1309,75.4299,73.4227,77.7594,0.929119942585449,False,False,0.961134775467023,False,False,1022536
128,31,random,8192,independent,25.0149,24.9996,26.9775,17.7555,17.739,17.9126,25.2279,24.7478,25.9151,1.4088535946608092,True,False,0.991556966691639,False,False,1011408
128,31,shared,1,dependent,38.4115,37.8214,38.6435,42.448,42.2312,43.3229,37.761,37.6873,40.0988,0.9049071805503203,False,True,1.0172267683588887,False,False,968569
128,31,shared,1,independent,12.7843,12.7233,12.8415,8.69243,8.65808,8.90923,13.2001,13.113,13.3368,1.470739482515246,True,False,0.9685002386345557,False,True,967112
128,31,shared,8192,dependent,78.2706,73.7127,79.0838,76.1789,74.379,80.1042,75.6702,73.5989,76.5012,1.0274577343595144,False,False,1.0343649151185013,False,False,1024202
128,31,shared,8192,independent,26.1714,24.4751,26.2273,18.1796,17.0663,18.2495,24.8,24.4261,26.5319,1.4396026315210455,True,False,1.055298387096774,False,False,1013280
128,32,random,1,dependent,51.0311,50.6179,52.3643,44.6955,43.41,44.9174,51.6338,51.6129,54.4669,1.1417502880603192,True,False,0.9883274134384841,False,False,1031083
128,32,random,1,independent,23.6219,23.5799,23.6861,11.3951,11.268,12.338,23.7776,23.6899,24.0192,2.0729875121762866,True,False,0.9934518202005249,False,True,1027256
128,32,random,8192,dependent,98.3423,97.0523,99.6253,79.1073,77.1465,79.9287,99.5464,96.6835,113.418,1.2431507585267099,True,False,0.987904133147959,False,False,1019827
128,32,random,8192,independent,43.2332,42.3463,43.8016,19.7862,19.7582,19.8046,46.2182,45.3669,49.4544,2.185017840717267,True,False,0.9354150529445109,False,True,1023440
128,32,shared,1,dependent,53.5876,50.8048,55.315,42.8015,42.6623,44.6402,52.9022,51.2269,55.0632,1.252002850367394,True,False,1.012955982926986,False,False,1010071
128,32,shared,1,independent,23.7408,23.4496,23.9004,11.8523,11.7989,12.0983,23.4693,23.4076,24.8165,2.0030542595108125,True,False,1.0115683041249632,False,False,999816
128,32,shared,8192,dependent,97.5889,96.3294,104.604,81.2607,76.0218,82.0154,96.2276,94.8868,99.4002,1.2009359998129476,True,False,1.014146668939057,False,False,1023585
128,32,shared,8192,independent,43.7609,43.6948,45.1768,20.1155,19.7283,20.1194,45.2359,42.9834,46.3867,2.175481593795829,True,False,0.9673931545520261,False,False,1024032
128,63,random,1,dependent,45.8241,45.6594,46.8394,48.1389,45.8667,48.4943,47.8713,46.3422,47.9597,0.9519141484329722,False,False,0.9572353372479963,False,False,2031628
128,63,random,1,independent,16.5958,16.5348,16.9818,17.2685,16.9462,19.9738,16.5876,16.5272,16.7071,0.961044676723514,False,False,1.0004943451735033,False,False,2050336
128,63,random,8192,dependent,92.7747,90.2144,93.1721,95.9625,92.1618,98.5432,96.1374,92.2902,99.6297,0.966780773739742,False,False,0.9650219373521647,False,False,2055496
128,63,random,8192,independent,34.5904,33.9527,35.4093,36.3045,34.153,36.4768,33.6113,33.3646,33.9362,0.9527854673663045,False,False,1.0291300842276259,True,False,2073616
128,63,shared,1,dependent,48.1504,45.2315,48.722,46.299,45.4489,49.4315,46.0981,46.0141,46.3683,1.0399879047063652,False,False,1.0445202730698226,False,False,2005932
128,63,shared,1,independent,16.6982,16.6607,16.88,17.0339,16.9983,17.7924,16.5545,16.5526,17.3728,0.9802922407669412,False,True,1.0086804192213596,False,False,1983224
128,63,shared,8192,dependent,91.0327,89.4635,94.3686,93.2039,91.7327,93.5249,91.3391,90.3753,96.5932,0.9767048374585183,False,False,0.9966454672752414,False,False,2059523
128,63,shared,8192,independent,34.8752,33.3347,35.7011,35.7596,33.9343,37.8952,33.6634,33.5108,35.5784,0.9752681797335541,False,False,1.0359975522377418,False,False,2040312
