mode,fixture,logical_records,file,records,file_bytes,data_bytes,data_bits,key_literal_bits,encoded_value_bits,framing_bits,ef_low_bytes,ef_high_bytes,ef_sample_bytes,ef_sparse_bytes,rank_bytes,flag_bytes,cut_bytes,sort_metadata_bytes,header_directory_bytes,alignment_bytes,universe,offset_count,common_value_bits,suffix_length_bytes,suffix_zero_bytes,suffix_nul_safe_bytes
raw-byte,integer-ordered-fixed,1024,native-0.kv,256,3096,2826,22608,2128,16384,4096,16,8,16,0,0,0,0,0,224,6,778,19,64,256,11,789
raw-byte,integer-ordered-fixed,1024,native-1.kv,256,3096,2826,22608,2128,16384,4096,16,8,16,0,0,0,0,0,224,6,778,19,64,256,7,785
raw-byte,integer-ordered-fixed,1024,native-2.kv,512,5928,5642,45136,4176,32768,8192,24,16,16,0,0,0,0,0,224,6,1546,36,64,512,7,1553
raw-byte,integer-ordered-fixed,1024,native-3.kv,0,248,0,0,0,0,0,0,8,16,0,0,0,0,0,224,0,0,1,64,0,0,0
raw-byte,integer-ordered-fixed,1024,route-0.index,0,1216,0,0,0,0,0,0,16,32,0,64,0,560,0,544,0,0,2,0,0,0,0
raw-byte,integer-ordered-fixed,1024,route-1.index,35,1096,115,920,360,0,560,8,16,32,0,48,5,320,0,544,8,115,5,0,35,7,122
raw-byte,integer-ordered-fixed,1024,route-2.index,38,840,134,1072,464,0,608,16,16,32,0,32,6,48,0,544,12,134,6,0,38,15,149
raw-byte,integer-ordered-fixed,1024,route-3.index,3,680,18,144,96,0,48,8,16,32,0,32,1,16,0,544,13,18,3,0,3,8,26
raw-byte,integer-ordered-variable,1024,native-0.kv,256,66472,66185,529480,2128,519632,7720,32,8,16,0,0,0,0,0,224,7,66185,19,0,256,11,789
raw-byte,integer-ordered-variable,1024,native-1.kv,256,68696,68409,547272,2128,537448,7696,32,8,16,0,0,0,0,0,224,7,68409,19,0,256,7,785
raw-byte,integer-ordered-variable,1024,native-2.kv,512,130768,130455,1043640,4176,1024200,15264,56,16,16,0,0,0,0,0,224,1,130455,36,0,512,7,1553
raw-byte,integer-ordered-variable,1024,native-3.kv,0,248,0,0,0,0,0,0,8,16,0,0,0,0,0,224,0,0,1,0,0,0,0
raw-byte,integer-ordered-variable,1024,route-0.index,0,1216,0,0,0,0,0,0,16,32,0,64,0,560,0,544,0,0,2,0,0,0,0
raw-byte,integer-ordered-variable,1024,route-1.index,35,1096,115,920,360,0,560,8,16,32,0,48,5,320,0,544,8,115,5,0,35,7,122
raw-byte,integer-ordered-variable,1024,route-2.index,38,840,134,1072,464,0,608,16,16,32,0,32,6,48,0,544,12,134,6,0,38,15,149
raw-byte,integer-ordered-variable,1024,route-3.index,3,680,18,144,96,0,48,8,16,32,0,32,1,16,0,544,13,18,3,0,3,8,26
raw-byte,integer-random-fixed,1024,native-0.kv,256,4840,4561,36488,16008,16384,4096,24,8,16,0,0,0,0,0,224,7,2513,19,64,256,5,2518
raw-byte,integer-random-fixed,1024,native-1.kv,256,4832,4558,36464,15984,16384,4096,24,8,16,0,0,0,0,0,224,2,2510,19,64,256,8,2518
raw-byte,integer-random-fixed,1024,native-2.kv,512,9224,8936,71488,30528,32768,8192,32,16,16,0,0,0,0,0,224,0,4840,36,64,512,14,4854
raw-byte,integer-random-fixed,1024,native-3.kv,0,248,0,0,0,0,0,0,8,16,0,0,0,0,0,224,0,0,1,64,0,0,0
raw-byte,integer-random-fixed,1024,route-0.index,0,1216,0,0,0,0,0,0,16,32,0,64,0,560,0,544,0,0,2,0,0,0,0
raw-byte,integer-random-fixed,1024,route-1.index,35,1328,350,2800,2240,0,560,8,16,32,0,48,5,320,0,544,5,350,5,0,35,2,352
raw-byte,integer-random-fixed,1024,route-2.index,38,1088,380,3040,2432,0,608,16,16,32,0,32,6,48,0,544,14,380,6,0,38,3,383
raw-byte,integer-random-fixed,1024,route-3.index,3,688,30,240,192,0,48,8,16,32,0,32,1,16,0,544,9,30,3,0,3,1,31
raw-byte,integer-random-variable,1024,native-0.kv,256,69520,69238,553904,16008,530176,7720,32,8,16,0,0,0,0,0,224,2,69238,19,0,256,5,2518
raw-byte,integer-random-variable,1024,native-1.kv,256,67168,66887,535096,15984,511448,7664,32,8,16,0,0,0,0,0,224,1,66887,19,0,256,8,2518
raw-byte,integer-random-variable,1024,native-2.kv,512,136000,135685,1085480,30528,1039656,15296,56,16,16,0,0,0,0,0,224,3,135685,36,0,512,14,4854
raw-byte,integer-random-variable,1024,native-3.kv,0,248,0,0,0,0,0,0,8,16,0,0,0,0,0,224,0,0,1,0,0,0,0
raw-byte,integer-random-variable,1024,route-0.index,0,1216,0,0,0,0,0,0,16,32,0,64,0,560,0,544,0,0,2,0,0,0,0
raw-byte,integer-random-variable,1024,route-1.index,35,1328,350,2800,2240,0,560,8,16,32,0,48,5,320,0,544,5,350,5,0,35,2,352
raw-byte,integer-random-variable,1024,route-2.index,38,1088,380,3040,2432,0,608,16,16,32,0,32,6,48,0,544,14,380,6,0,38,3,383
raw-byte,integer-random-variable,1024,route-3.index,3,688,30,240,192,0,48,8,16,32,0,32,1,16,0,544,9,30,3,0,3,1,31
raw-byte,string-structured-fixed,1024,native-0.kv,256,6824,6545,52360,15496,32768,4096,24,8,16,0,0,0,0,0,224,7,2449,19,128,256,0,2449
raw-byte,string-structured-fixed,1024,native-1.kv,256,6824,6545,52360,15496,32768,4096,24,8,16,0,0,0,0,0,224,7,2449,19,128,256,0,2449
raw-byte,string-structured-fixed,1024,native-2.kv,512,13240,12945,103560,29832,65536,8192,32,16,16,0,0,0,0,0,224,7,4753,36,128,512,0,4753
raw-byte,string-structured-fixed,1024,native-3.kv,0,248,0,0,0,0,0,0,8,16,0,0,0,0,0,224,0,0,1,128,0,0,0
raw-byte,string-structured-fixed,1024,route-0.index,0,1216,0,0,0,0,0,0,16,32,0,64,0,560,0,544,0,0,2,0,0,0,0
raw-byte,string-structured-fixed,1024,route-1.index,35,1368,392,3136,2576,0,560,8,16,32,0,48,5,320,0,544,3,392,5,0,35,0,392
raw-byte,string-structured-fixed,1024,route-2.index,38,1176,464,3712,3104,0,608,16,16,32,0,32,6,48,0,544,18,464,6,0,38,0,464
raw-byte,string-structured-fixed,1024,route-3.index,3,720,63,504,456,0,48,8,16,32,0,32,1,16,0,544,8,63,3,0,3,0,63
raw-byte,string-structured-variable,1024,native-0.kv,256,68136,67856,542848,15496,519632,7720,32,8,16,0,0,0,0,0,224,0,67856,19,0,256,0,2449
raw-byte,string-structured-variable,1024,native-1.kv,256,70360,70080,560640,15496,537448,7696,32,8,16,0,0,0,0,0,224,0,70080,19,0,256,0,2449
raw-byte,string-structured-variable,1024,native-2.kv,512,133976,133662,1069296,29832,1024200,15264,56,16,16,0,0,0,0,0,224,2,133662,36,0,512,0,4753
raw-byte,string-structured-variable,1024,native-3.kv,0,248,0,0,0,0,0,0,8,16,0,0,0,0,0,224,0,0,1,0,0,0,0
raw-byte,string-structured-variable,1024,route-0.index,0,1216,0,0,0,0,0,0,16,32,0,64,0,560,0,544,0,0,2,0,0,0,0
raw-byte,string-structured-variable,1024,route-1.index,35,1368,392,3136,2576,0,560,8,16,32,0,48,5,320,0,544,3,392,5,0,35,0,392
raw-byte,string-structured-variable,1024,route-2.index,38,1176,464,3712,3104,0,608,16,16,32,0,32,6,48,0,544,18,464,6,0,38,0,464
raw-byte,string-structured-variable,1024,route-3.index,3,720,63,504,456,0,48,8,16,32,0,32,1,16,0,544,8,63,3,0,3,0,63
raw-byte,string-binary-fixed,1024,native-0.kv,256,8936,8657,69256,32392,32768,4096,24,8,16,0,0,0,0,0,224,7,4561,19,128,256,11,4572
raw-byte,string-binary-fixed,1024,native-1.kv,256,8928,8654,69232,32368,32768,4096,24,8,16,0,0,0,0,0,224,2,4558,19,128,256,19,4577
raw-byte,string-binary-fixed,1024,native-2.kv,512,17416,17128,137024,63296,65536,8192,32,16,16,0,0,0,0,0,224,0,8936,36,128,512,34,8970
raw-byte,string-binary-fixed,1024,native-3.kv,0,248,0,0,0,0,0,0,8,16,0,0,0,0,0,224,0,0,1,128,0,0,0
raw-byte,string-binary-fixed,1024,route-0.index,0,1216,0,0,0,0,0,0,16,32,0,64,0,560,0,544,0,0,2,0,0,0,0
raw-byte,string-binary-fixed,1024,route-1.index,35,1608,630,5040,4480,0,560,8,16,32,0,48,5,320,0,544,5,630,5,0,35,5,635
raw-byte,string-binary-fixed,1024,route-2.index,38,1392,684,5472,4864,0,608,16,16,32,0,32,6,48,0,544,14,684,6,0,38,4,688
raw-byte,string-binary-fixed,1024,route-3.index,3,712,54,432,384,0,48,8,16,32,0,32,1,16,0,544,9,54,3,0,3,1,55
raw-byte,string-binary-variable,1024,native-0.kv,256,71568,71286,570288,32392,530176,7720,32,8,16,0,0,0,0,0,224,2,71286,19,0,256,11,4572
raw-byte,string-binary-variable,1024,native-1.kv,256,69216,68935,551480,32368,511448,7664,32,8,16,0,0,0,0,0,224,1,68935,19,0,256,19,4577
raw-byte,string-binary-variable,1024,native-2.kv,512,140096,139781,1118248,63296,1039656,15296,56,16,16,0,0,0,0,0,224,3,139781,36,0,512,34,8970
raw-byte,string-binary-variable,1024,native-3.kv,0,248,0,0,0,0,0,0,8,16,0,0,0,0,0,224,0,0,1,0,0,0,0
raw-byte,string-binary-variable,1024,route-0.index,0,1216,0,0,0,0,0,0,16,32,0,64,0,560,0,544,0,0,2,0,0,0,0
raw-byte,string-binary-variable,1024,route-1.index,35,1608,630,5040,4480,0,560,8,16,32,0,48,5,320,0,544,5,630,5,0,35,5,635
raw-byte,string-binary-variable,1024,route-2.index,38,1392,684,5472,4864,0,608,16,16,32,0,32,6,48,0,544,14,684,6,0,38,4,688
raw-byte,string-binary-variable,1024,route-3.index,3,712,54,432,384,0,48,8,16,32,0,32,1,16,0,544,9,54,3,0,3,1,55
raw-byte,string-prefix-fixed,1024,native-0.kv,256,5280,5009,40072,3208,32768,4096,16,8,16,0,0,0,0,0,224,7,913,19,128,256,0,913
raw-byte,string-prefix-fixed,1024,native-1.kv,256,5280,5009,40072,3208,32768,4096,16,8,16,0,0,0,0,0,224,7,913,19,128,256,0,913
raw-byte,string-prefix-fixed,1024,native-2.kv,512,10160,9873,78984,5256,65536,8192,24,16,16,0,0,0,0,0,224,7,1681,36,128,512,0,1681
raw-byte,string-prefix-fixed,1024,native-3.kv,0,248,0,0,0,0,0,0,8,16,0,0,0,0,0,224,0,0,1,128,0,0,0
raw-byte,string-prefix-fixed,1024,route-0.index,0,1216,0,0,0,0,0,0,16,32,0,64,0,560,0,544,0,0,2,0,0,0,0
raw-byte,string-prefix-fixed,1024,route-1.index,35,1160,182,1456,896,0,560,8,16,32,0,48,5,320,0,544,5,182,5,0,35,0,182
raw-byte,string-prefix-fixed,1024,route-2.index,38,952,236,1888,1280,0,608,16,16,32,0,32,6,48,0,544,22,236,6,0,38,0,236
raw-byte,string-prefix-fixed,1024,route-3.index,3,704,45,360,312,0,48,8,16,32,0,32,1,16,0,544,10,45,3,0,3,0,45
raw-byte,string-prefix-variable,1024,native-0.kv,256,66600,66320,530560,3208,519632,7720,32,8,16,0,0,0,0,0,224,0,66320,19,0,256,0,913
raw-byte,string-prefix-variable,1024,native-1.kv,256,68824,68544,548352,3208,537448,7696,32,8,16,0,0,0,0,0,224,0,68544,19,0,256,0,913
raw-byte,string-prefix-variable,1024,native-2.kv,512,130904,130590,1044720,5256,1024200,15264,56,16,16,0,0,0,0,0,224,2,130590,36,0,512,0,1681
raw-byte,string-prefix-variable,1024,native-3.kv,0,248,0,0,0,0,0,0,8,16,0,0,0,0,0,224,0,0,1,0,0,0,0
raw-byte,string-prefix-variable,1024,route-0.index,0,1216,0,0,0,0,0,0,16,32,0,64,0,560,0,544,0,0,2,0,0,0,0
raw-byte,string-prefix-variable,1024,route-1.index,35,1160,182,1456,896,0,560,8,16,32,0,48,5,320,0,544,5,182,5,0,35,0,182
raw-byte,string-prefix-variable,1024,route-2.index,38,952,236,1888,1280,0,608,16,16,32,0,32,6,48,0,544,22,236,6,0,38,0,236
raw-byte,string-prefix-variable,1024,route-3.index,3,704,45,360,312,0,48,8,16,32,0,32,1,16,0,544,10,45,3,0,3,0,45
raw-bit,integer-ordered-fixed,1024,native-0.kv,256,2800,2523,20184,1076,16384,2724,24,8,16,0,0,0,0,0,224,5,3800,19,64,0,0,0
raw-bit,integer-ordered-fixed,1024,native-1.kv,256,2800,2523,20184,1076,16384,2724,24,8,16,0,0,0,0,0,224,5,3800,19,64,0,0,0
raw-bit,integer-ordered-fixed,1024,native-2.kv,512,5112,4817,38530,1332,32768,4430,32,16,16,0,0,0,0,0,224,7,5762,36,64,0,0,0
raw-bit,integer-ordered-fixed,1024,native-3.kv,0,248,0,0,0,0,0,0,8,16,0,0,0,0,0,224,0,0,1,64,0,0,0
raw-bit,integer-ordered-fixed,1024,route-0.index,0,1216,0,0,0,0,0,0,16,32,0,64,0,560,0,544,0,0,2,0,0,0,0
raw-bit,integer-ordered-fixed,1024,route-1.index,35,1072,90,713,291,0,422,8,16,32,0,48,5,320,0,544,9,713,5,0,0,0,0
raw-bit,integer-ordered-fixed,1024,route-2.index,38,824,114,912,396,0,516,16,16,32,0,32,6,48,0,544,16,912,6,0,0,0,0
raw-bit,integer-ordered-fixed,1024,route-3.index,3,672,16,125,83,0,42,8,16,32,0,32,1,16,0,544,7,125,3,0,0,0,0
raw-bit,integer-ordered-variable,1024,native-0.kv,256,66392,66099,528792,1076,519632,8084,40,8,16,0,0,0,0,0,224,5,528792,19,0,0,0,0
raw-bit,integer-ordered-variable,1024,native-1.kv,256,68624,68331,546644,1076,537448,8120,40,8,16,0,0,0,0,0,224,5,546644,19,0,0,0,0
raw-bit,integer-ordered-variable,1024,native-2.kv,512,130400,130078,1040618,1332,1024200,15086,64,16,16,0,0,0,0,0,224,2,1040618,36,0,0,0,0
raw-bit,integer-ordered-variable,1024,native-3.kv,0,248,0,0,0,0,0,0,8,16,0,0,0,0,0,224,0,0,1,0,0,0,0
raw-bit,integer-ordered-variable,1024,route-0.index,0,1216,0,0,0,0,0,0,16,32,0,64,0,560,0,544,0,0,2,0,0,0,0
raw-bit,integer-ordered-variable,1024,route-1.index,35,1072,90,713,291,0,422,8,16,32,0,48,5,320,0,544,9,713,5,0,0,0,0
raw-bit,integer-ordered-variable,1024,route-2.index,38,824,114,912,396,0,516,16,16,32,0,32,6,48,0,544,16,912,6,0,0,0,0
raw-bit,integer-ordered-variable,1024,route-3.index,3,672,16,125,83,0,42,8,16,32,0,32,1,16,0,544,7,125,3,0,0,0,0
raw-bit,integer-random-fixed,1024,native-0.kv,256,4864,4590,36718,14786,16384,5548,24,8,16,0,0,0,0,0,224,2,20334,19,64,0,0,0
raw-bit,integer-random-fixed,1024,native-1.kv,256,4864,4589,36712,14782,16384,5546,24,8,16,0,0,0,0,0,224,3,20328,19,64,0,0,0
raw-bit,integer-random-fixed,1024,native-2.kv,512,9392,9082,72655,28763,32768,11124,48,16,16,0,0,0,0,0,224,6,39887,36,64,0,0,0
raw-bit,integer-random-fixed,1024,native-3.kv,0,248,0,0,0,0,0,0,8,16,0,0,0,0,0,224,0,0,1,64,0,0,0
raw-bit,integer-random-fixed,1024,route-0.index,0,1216,0,0,0,0,0,0,16,32,0,64,0,560,0,544,0,0,2,0,0,0,0
raw-bit,integer-random-fixed,1024,route-1.index,35,1344,361,2885,2125,0,760,8,16,32,0,48,5,320,0,544,10,2885,5,0,0,0,0
raw-bit,integer-random-fixed,1024,route-2.index,38,1104,396,3166,2340,0,826,16,16,32,0,32,6,48,0,544,14,3166,6,0,0,0,0
raw-bit,integer-random-fixed,1024,route-3.index,3,696,33,257,191,0,66,8,16,32,0,32,1,16,0,544,14,257,3,0,0,0,0
raw-bit,integer-random-variable,1024,native-0.kv,256,69776,69485,555876,14786,530176,10914,40,8,16,0,0,0,0,0,224,3,555876,19,0,0,0,0
raw-bit,integer-random-variable,1024,native-1.kv,256,67440,67145,537156,14782,511448,10926,40,8,16,0,0,0,0,0,224,7,537156,19,0,0,0,0
raw-bit,integer-random-variable,1024,native-2.kv,512,136600,136277,1090209,28763,1039656,21790,64,16,16,0,0,0,0,0,224,3,1090209,36,0,0,0,0
raw-bit,integer-random-variable,1024,native-3.kv,0,248,0,0,0,0,0,0,8,16,0,0,0,0,0,224,0,0,1,0,0,0,0
raw-bit,integer-random-variable,1024,route-0.index,0,1216,0,0,0,0,0,0,16,32,0,64,0,560,0,544,0,0,2,0,0,0,0
raw-bit,integer-random-variable,1024,route-1.index,35,1344,361,2885,2125,0,760,8,16,32,0,48,5,320,0,544,10,2885,5,0,0,0,0
raw-bit,integer-random-variable,1024,route-2.index,38,1104,396,3166,2340,0,826,16,16,32,0,32,6,48,0,544,14,3166,6,0,0,0,0
raw-bit,integer-random-variable,1024,route-3.index,3,696,33,257,191,0,66,8,16,32,0,32,1,16,0,544,14,257,3,0,0,0,0
raw-bit,string-structured-fixed,1024,native-0.kv,256,6856,6581,52644,14146,32768,5730,24,8,16,0,0,0,0,0,224,3,19876,19,128,0,0,0
raw-bit,string-structured-fixed,1024,native-1.kv,256,6856,6581,52644,14146,32768,5730,24,8,16,0,0,0,0,0,224,3,19876,19,128,0,0,0
raw-bit,string-structured-fixed,1024,native-2.kv,512,13272,12962,103690,26690,65536,11464,48,16,16,0,0,0,0,0,224,6,38154,36,128,0,0,0
raw-bit,string-structured-fixed,1024,native-3.kv,0,248,0,0,0,0,0,0,8,16,0,0,0,0,0,224,0,0,1,128,0,0,0
raw-bit,string-structured-fixed,1024,route-0.index,0,1216,0,0,0,0,0,0,16,32,0,64,0,560,0,544,0,0,2,0,0,0,0
raw-bit,string-structured-fixed,1024,route-1.index,35,1384,401,3205,2393,0,812,8,16,32,0,48,5,320,0,544,10,3205,5,0,0,0,0
raw-bit,string-structured-fixed,1024,route-2.index,38,1192,478,3818,2904,0,914,16,16,32,0,32,6,48,0,544,20,3818,6,0,0,0,0
raw-bit,string-structured-fixed,1024,route-3.index,3,728,65,517,447,0,70,8,16,32,0,32,1,16,0,544,14,517,3,0,0,0,0
raw-bit,string-structured-variable,1024,native-0.kv,256,68400,68109,544868,14146,519632,11090,40,8,16,0,0,0,0,0,224,3,544868,19,0,0,0,0
raw-bit,string-structured-variable,1024,native-1.kv,256,70632,70340,562720,14146,537448,11126,40,8,16,0,0,0,0,0,224,4,562720,19,0,0,0,0
raw-bit,string-structured-variable,1024,native-2.kv,512,134448,134127,1073010,26690,1024200,22120,64,16,16,0,0,0,0,0,224,1,1073010,36,0,0,0,0
raw-bit,string-structured-variable,1024,native-3.kv,0,248,0,0,0,0,0,0,8,16,0,0,0,0,0,224,0,0,1,0,0,0,0
raw-bit,string-structured-variable,1024,route-0.index,0,1216,0,0,0,0,0,0,16,32,0,64,0,560,0,544,0,0,2,0,0,0,0
raw-bit,string-structured-variable,1024,route-1.index,35,1384,401,3205,2393,0,812,8,16,32,0,48,5,320,0,544,10,3205,5,0,0,0,0
raw-bit,string-structured-variable,1024,route-2.index,38,1192,478,3818,2904,0,914,16,16,32,0,32,6,48,0,544,20,3818,6,0,0,0,0
raw-bit,string-structured-variable,1024,route-3.index,3,728,65,517,447,0,70,8,16,32,0,32,1,16,0,544,14,517,3,0,0,0,0
raw-bit,string-binary-fixed,1024,native-0.kv,256,9088,8810,70474,31170,32768,6536,24,8,16,0,0,0,0,0,224,6,37706,19,128,0,0,0
raw-bit,string-binary-fixed,1024,native-1.kv,256,9088,8809,70468,31166,32768,6534,24,8,16,0,0,0,0,0,224,7,37700,19,128,0,0,0
raw-bit,string-binary-fixed,1024,native-2.kv,512,17840,17522,140169,61531,65536,13102,56,16,16,0,0,0,0,0,224,6,74633,36,128,0,0,0
raw-bit,string-binary-fixed,1024,native-3.kv,0,248,0,0,0,0,0,0,8,16,0,0,0,0,0,224,0,0,1,128,0,0,0
raw-bit,string-binary-fixed,1024,route-0.index,0,1216,0,0,0,0,0,0,16,32,0,64,0,560,0,544,0,0,2,0,0,0,0
raw-bit,string-binary-fixed,1024,route-1.index,35,1640,658,5259,4365,0,894,8,16,32,0,48,5,320,0,544,9,5259,5,0,0,0,0
raw-bit,string-binary-fixed,1024,route-2.index,38,1432,719,5742,4772,0,970,16,16,32,0,32,6,48,0,544,19,5742,6,0,0,0,0
raw-bit,string-binary-fixed,1024,route-3.index,3,720,58,459,383,0,76,8,16,32,0,32,1,16,0,544,13,459,3,0,0,0,0
raw-bit,string-binary-variable,1024,native-0.kv,256,71944,71656,573248,31170,530176,11902,40,8,16,0,0,0,0,0,224,0,573248,19,0,0,0,0
raw-bit,string-binary-variable,1024,native-1.kv,256,69608,69316,554528,31166,511448,11914,40,8,16,0,0,0,0,0,224,4,554528,19,0,0,0,0
raw-bit,string-binary-variable,1024,native-2.kv,512,140944,140620,1124955,61531,1039656,23768,64,16,16,0,0,0,0,0,224,4,1124955,36,0,0,0,0
raw-bit,string-binary-variable,1024,native-3.kv,0,248,0,0,0,0,0,0,8,16,0,0,0,0,0,224,0,0,1,0,0,0,0
raw-bit,string-binary-variable,1024,route-0.index,0,1216,0,0,0,0,0,0,16,32,0,64,0,560,0,544,0,0,2,0,0,0,0
raw-bit,string-binary-variable,1024,route-1.index,35,1640,658,5259,4365,0,894,8,16,32,0,48,5,320,0,544,9,5259,5,0,0,0,0
raw-bit,string-binary-variable,1024,route-2.index,38,1432,719,5742,4772,0,970,16,16,32,0,32,6,48,0,544,19,5742,6,0,0,0,0
raw-bit,string-binary-variable,1024,route-3.index,3,720,58,459,383,0,76,8,16,32,0,32,1,16,0,544,13,459,3,0,0,0,0
raw-bit,string-prefix-fixed,1024,native-0.kv,256,5000,4722,37772,1858,32768,3146,24,8,16,0,0,0,0,0,224,6,5004,19,128,0,0,0
raw-bit,string-prefix-fixed,1024,native-1.kv,256,5000,4722,37772,1858,32768,3146,24,8,16,0,0,0,0,0,224,6,5004,19,128,0,0,0
raw-bit,string-prefix-fixed,1024,native-2.kv,512,9360,9072,72570,2114,65536,4920,32,16,16,0,0,0,0,0,224,0,7034,36,128,0,0,0
raw-bit,string-prefix-fixed,1024,native-3.kv,0,248,0,0,0,0,0,0,8,16,0,0,0,0,0,224,0,0,1,128,0,0,0
raw-bit,string-prefix-fixed,1024,route-0.index,0,1216,0,0,0,0,0,0,16,32,0,64,0,560,0,544,0,0,2,0,0,0,0
raw-bit,string-prefix-fixed,1024,route-1.index,35,1136,158,1261,713,0,548,8,16,32,0,48,5,320,0,544,5,1261,5,0,0,0,0
raw-bit,string-prefix-fixed,1024,route-2.index,38,920,215,1714,1080,0,634,16,16,32,0,32,6,48,0,544,11,1714,6,0,0,0,0
raw-bit,string-prefix-fixed,1024,route-3.index,3,704,45,357,303,0,54,8,16,32,0,32,1,16,0,544,10,357,3,0,0,0,0
raw-bit,string-prefix-variable,1024,native-0.kv,256,66544,66250,529996,1858,519632,8506,40,8,16,0,0,0,0,0,224,6,529996,19,0,0,0,0
raw-bit,string-prefix-variable,1024,native-1.kv,256,68776,68481,547848,1858,537448,8542,40,8,16,0,0,0,0,0,224,7,547848,19,0,0,0,0
raw-bit,string-prefix-variable,1024,native-2.kv,512,130560,130237,1041890,2114,1024200,15576,64,16,16,0,0,0,0,0,224,3,1041890,36,0,0,0,0
raw-bit,string-prefix-variable,1024,native-3.kv,0,248,0,0,0,0,0,0,8,16,0,0,0,0,0,224,0,0,1,0,0,0,0
raw-bit,string-prefix-variable,1024,route-0.index,0,1216,0,0,0,0,0,0,16,32,0,64,0,560,0,544,0,0,2,0,0,0,0
raw-bit,string-prefix-variable,1024,route-1.index,35,1136,158,1261,713,0,548,8,16,32,0,48,5,320,0,544,5,1261,5,0,0,0,0
raw-bit,string-prefix-variable,1024,route-2.index,38,920,215,1714,1080,0,634,16,16,32,0,32,6,48,0,544,11,1714,6,0,0,0,0
raw-bit,string-prefix-variable,1024,route-3.index,3,704,45,357,303,0,54,8,16,32,0,32,1,16,0,544,10,357,3,0,0,0,0
typed-byte,integer-ordered-fixed,1024,native-0.kv,256,3096,2827,22616,2136,16384,4096,16,8,16,0,0,0,0,0,224,5,779,19,64,256,12,791
typed-byte,integer-ordered-fixed,1024,native-1.kv,256,3096,2827,22616,2136,16384,4096,16,8,16,0,0,0,0,0,224,5,779,19,64,256,8,787
typed-byte,integer-ordered-fixed,1024,native-2.kv,512,5928,5643,45144,4184,32768,8192,24,16,16,0,0,0,0,0,224,5,1547,36,64,512,8,1555
typed-byte,integer-ordered-fixed,1024,native-3.kv,0,248,0,0,0,0,0,0,8,16,0,0,0,0,0,224,0,0,1,64,0,0,0
typed-byte,integer-ordered-fixed,1024,route-0.index,0,1216,0,0,0,0,0,0,16,32,0,64,0,560,0,544,0,0,2,0,0,0,0
typed-byte,integer-ordered-fixed,1024,route-1.index,35,1096,116,928,368,0,560,8,16,32,0,48,5,320,0,544,7,116,5,0,35,8,124
typed-byte,integer-ordered-fixed,1024,route-2.index,38,848,136,1088,480,0,608,16,16,32,0,32,6,48,0,544,18,136,6,0,38,17,153
typed-byte,integer-ordered-fixed,1024,route-3.index,3,680,19,152,104,0,48,8,16,32,0,32,1,16,0,544,12,19,3,0,3,9,28
typed-byte,integer-ordered-variable,1024,native-0.kv,256,67096,66816,534528,2136,524664,7728,32,8,16,0,0,0,0,0,224,0,66816,19,0,256,12,791
typed-byte,integer-ordered-variable,1024,native-1.kv,256,69328,69045,552360,2136,542528,7696,32,8,16,0,0,0,0,0,224,3,69045,19,0,256,8,787
typed-byte,integer-ordered-variable,1024,native-2.kv,512,132032,131714,1053712,4184,1034256,15272,56,16,16,0,0,0,0,0,224,6,131714,36,0,512,8,1555
typed-byte,integer-ordered-variable,1024,native-3.kv,0,248,0,0,0,0,0,0,8,16,0,0,0,0,0,224,0,0,1,0,0,0,0
typed-byte,integer-ordered-variable,1024,route-0.index,0,1216,0,0,0,0,0,0,16,32,0,64,0,560,0,544,0,0,2,0,0,0,0
typed-byte,integer-ordered-variable,1024,route-1.index,35,1096,116,928,368,0,560,8,16,32,0,48,5,320,0,544,7,116,5,0,35,8,124
typed-byte,integer-ordered-variable,1024,route-2.index,38,848,136,1088,480,0,608,16,16,32,0,32,6,48,0,544,18,136,6,0,38,17,153
typed-byte,integer-ordered-variable,1024,route-3.index,3,680,19,152,104,0,48,8,16,32,0,32,1,16,0,544,12,19,3,0,3,9,28
typed-byte,integer-random-fixed,1024,native-0.kv,256,4840,4562,36496,16016,16384,4096,24,8,16,0,0,0,0,0,224,6,2514,19,64,256,6,2520
typed-byte,integer-random-fixed,1024,native-1.kv,256,4832,4559,36472,15992,16384,4096,24,8,16,0,0,0,0,0,224,1,2511,19,64,256,9,2520
typed-byte,integer-random-fixed,1024,native-2.kv,512,9232,8937,71496,30536,32768,8192,32,16,16,0,0,0,0,0,224,7,4841,36,64,512,15,4856
typed-byte,integer-random-fixed,1024,native-3.kv,0,248,0,0,0,0,0,0,8,16,0,0,0,0,0,224,0,0,1,64,0,0,0
typed-byte,integer-random-fixed,1024,route-0.index,0,1216,0,0,0,0,0,0,16,32,0,64,0,560,0,544,0,0,2,0,0,0,0
typed-byte,integer-random-fixed,1024,route-1.index,35,1328,351,2808,2248,0,560,8,16,32,0,48,5,320,0,544,4,351,5,0,35,3,354
typed-byte,integer-random-fixed,1024,route-2.index,38,1096,382,3056,2448,0,608,16,16,32,0,32,6,48,0,544,20,382,6,0,38,5,387
typed-byte,integer-random-fixed,1024,route-3.index,3,688,31,248,200,0,48,8,16,32,0,32,1,16,0,544,8,31,3,0,3,2,33
typed-byte,integer-random-variable,1024,native-0.kv,256,70152,69872,558976,16016,535232,7728,32,8,16,0,0,0,0,0,224,0,69872,19,0,256,6,2520
typed-byte,integer-random-variable,1024,native-1.kv,256,67800,67516,540128,15992,516464,7672,32,8,16,0,0,0,0,0,224,4,67516,19,0,256,9,2520
typed-byte,integer-random-variable,1024,native-2.kv,512,137264,136948,1095584,30536,1049752,15296,56,16,16,0,0,0,0,0,224,4,136948,36,0,512,15,4856
typed-byte,integer-random-variable,1024,native-3.kv,0,248,0,0,0,0,0,0,8,16,0,0,0,0,0,224,0,0,1,0,0,0,0
typed-byte,integer-random-variable,1024,route-0.index,0,1216,0,0,0,0,0,0,16,32,0,64,0,560,0,544,0,0,2,0,0,0,0
typed-byte,integer-random-variable,1024,route-1.index,35,1328,351,2808,2248,0,560,8,16,32,0,48,5,320,0,544,4,351,5,0,35,3,354
typed-byte,integer-random-variable,1024,route-2.index,38,1096,382,3056,2448,0,608,16,16,32,0,32,6,48,0,544,20,382,6,0,38,5,387
typed-byte,integer-random-variable,1024,route-3.index,3,688,31,248,200,0,48,8,16,32,0,32,1,16,0,544,8,31,3,0,3,2,33
typed-byte,string-structured-fixed,1024,native-0.kv,256,7336,7058,56464,15504,34816,6144,24,8,16,0,0,0,0,0,224,6,7058,19,0,256,1,2451
typed-byte,string-structured-fixed,1024,native-1.kv,256,7336,7058,56464,15504,34816,6144,24,8,16,0,0,0,0,0,224,6,7058,19,0,256,1,2451
typed-byte,string-structured-fixed,1024,native-2.kv,512,14272,13970,111760,29840,69632,12288,40,16,16,0,0,0,0,0,224,6,13970,36,0,512,1,4755
typed-byte,string-structured-fixed,1024,native-3.kv,0,248,0,0,0,0,0,0,8,16,0,0,0,0,0,224,0,0,1,0,0,0,0
typed-byte,string-structured-fixed,1024,route-0.index,0,1216,0,0,0,0,0,0,16,32,0,64,0,560,0,544,0,0,2,0,0,0,0
typed-byte,string-structured-fixed,1024,route-1.index,35,1376,393,3144,2584,0,560,8,16,32,0,48,5,320,0,544,10,393,5,0,35,1,394
typed-byte,string-structured-fixed,1024,route-2.index,38,1176,466,3728,3120,0,608,16,16,32,0,32,6,48,0,544,16,466,6,0,38,2,468
typed-byte,string-structured-fixed,1024,route-3.index,3,720,64,512,464,0,48,8,16,32,0,32,1,16,0,544,7,64,3,0,3,1,65
typed-byte,string-structured-variable,1024,native-0.kv,256,68400,68113,544904,15504,521680,7720,32,8,16,0,0,0,0,0,224,7,68113,19,0,256,1,2451
typed-byte,string-structured-variable,1024,native-1.kv,256,70624,70337,562696,15504,539496,7696,32,8,16,0,0,0,0,0,224,7,70337,19,0,256,1,2451
typed-byte,string-structured-variable,1024,native-2.kv,512,134488,134176,1073408,29840,1028296,15272,56,16,16,0,0,0,0,0,224,0,134176,36,0,512,1,4755
typed-byte,string-structured-variable,1024,native-3.kv,0,248,0,0,0,0,0,0,8,16,0,0,0,0,0,224,0,0,1,0,0,0,0
typed-byte,string-structured-variable,1024,route-0.index,0,1216,0,0,0,0,0,0,16,32,0,64,0,560,0,544,0,0,2,0,0,0,0
typed-byte,string-structured-variable,1024,route-1.index,35,1376,393,3144,2584,0,560,8,16,32,0,48,5,320,0,544,10,393,5,0,35,1,394
typed-byte,string-structured-variable,1024,route-2.index,38,1176,466,3728,3120,0,608,16,16,32,0,32,6,48,0,544,16,466,6,0,38,2,468
typed-byte,string-structured-variable,1024,route-3.index,3,720,64,512,464,0,48,8,16,32,0,32,1,16,0,544,7,64,3,0,3,1,65
typed-byte,string-binary-fixed,1024,native-0.kv,256,9448,9170,73360,32400,34816,6144,24,8,16,0,0,0,0,0,224,6,9170,19,0,256,12,4574
typed-byte,string-binary-fixed,1024,native-1.kv,256,9440,9167,73336,32376,34816,6144,24,8,16,0,0,0,0,0,224,1,9167,19,0,256,20,4579
typed-byte,string-binary-fixed,1024,native-2.kv,512,18456,18153,145224,63304,69632,12288,40,16,16,0,0,0,0,0,224,7,18153,36,0,512,35,8972
typed-byte,string-binary-fixed,1024,native-3.kv,0,248,0,0,0,0,0,0,8,16,0,0,0,0,0,224,0,0,1,0,0,0,0
typed-byte,string-binary-fixed,1024,route-0.index,0,1216,0,0,0,0,0,0,16,32,0,64,0,560,0,544,0,0,2,0,0,0,0
typed-byte,string-binary-fixed,1024,route-1.index,35,1608,631,5048,4488,0,560,8,16,32,0,48,5,320,0,544,4,631,5,0,35,6,637
typed-byte,string-binary-fixed,1024,route-2.index,38,1400,686,5488,4880,0,608,16,16,32,0,32,6,48,0,544,20,686,6,0,38,6,692
typed-byte,string-binary-fixed,1024,route-3.index,3,712,55,440,392,0,48,8,16,32,0,32,1,16,0,544,8,55,3,0,3,2,57
typed-byte,string-binary-variable,1024,native-0.kv,256,71824,71544,572352,32400,532224,7728,32,8,16,0,0,0,0,0,224,0,71544,19,0,256,12,4574
typed-byte,string-binary-variable,1024,native-1.kv,256,69472,69192,553536,32376,513496,7664,32,8,16,0,0,0,0,0,224,0,69192,19,0,256,20,4579
typed-byte,string-binary-variable,1024,native-2.kv,512,140608,140294,1122352,63304,1043752,15296,56,16,16,0,0,0,0,0,224,2,140294,36,0,512,35,8972
typed-byte,string-binary-variable,1024,native-3.kv,0,248,0,0,0,0,0,0,8,16,0,0,0,0,0,224,0,0,1,0,0,0,0
typed-byte,string-binary-variable,1024,route-0.index,0,1216,0,0,0,0,0,0,16,32,0,64,0,560,0,544,0,0,2,0,0,0,0
typed-byte,string-binary-variable,1024,route-1.index,35,1608,631,5048,4488,0,560,8,16,32,0,48,5,320,0,544,4,631,5,0,35,6,637
typed-byte,string-binary-variable,1024,route-2.index,38,1400,686,5488,4880,0,608,16,16,32,0,32,6,48,0,544,20,686,6,0,38,6,692
typed-byte,string-binary-variable,1024,route-3.index,3,712,55,440,392,0,48,8,16,32,0,32,1,16,0,544,8,55,3,0,3,2,57
typed-byte,string-prefix-fixed,1024,native-0.kv,256,5800,5522,44176,3216,34816,6144,24,8,16,0,0,0,0,0,224,6,5522,19,0,256,1,915
typed-byte,string-prefix-fixed,1024,native-1.kv,256,5800,5522,44176,3216,34816,6144,24,8,16,0,0,0,0,0,224,6,5522,19,0,256,1,915
typed-byte,string-prefix-fixed,1024,native-2.kv,512,11200,10898,87184,5264,69632,12288,40,16,16,0,0,0,0,0,224,6,10898,36,0,512,1,1683
typed-byte,string-prefix-fixed,1024,native-3.kv,0,248,0,0,0,0,0,0,8,16,0,0,0,0,0,224,0,0,1,0,0,0,0
typed-byte,string-prefix-fixed,1024,route-0.index,0,1216,0,0,0,0,0,0,16,32,0,64,0,560,0,544,0,0,2,0,0,0,0
typed-byte,string-prefix-fixed,1024,route-1.index,35,1160,183,1464,904,0,560,8,16,32,0,48,5,320,0,544,4,183,5,0,35,1,184
typed-byte,string-prefix-fixed,1024,route-2.index,38,952,238,1904,1296,0,608,16,16,32,0,32,6,48,0,544,20,238,6,0,38,2,240
typed-byte,string-prefix-fixed,1024,route-3.index,3,704,46,368,320,0,48,8,16,32,0,32,1,16,0,544,9,46,3,0,3,1,47
typed-byte,string-prefix-variable,1024,native-0.kv,256,66864,66577,532616,3216,521680,7720,32,8,16,0,0,0,0,0,224,7,66577,19,0,256,1,915
typed-byte,string-prefix-variable,1024,native-1.kv,256,69088,68801,550408,3216,539496,7696,32,8,16,0,0,0,0,0,224,7,68801,19,0,256,1,915
typed-byte,string-prefix-variable,1024,native-2.kv,512,131416,131104,1048832,5264,1028296,15272,56,16,16,0,0,0,0,0,224,0,131104,36,0,512,1,1683
typed-byte,string-prefix-variable,1024,native-3.kv,0,248,0,0,0,0,0,0,8,16,0,0,0,0,0,224,0,0,1,0,0,0,0
typed-byte,string-prefix-variable,1024,route-0.index,0,1216,0,0,0,0,0,0,16,32,0,64,0,560,0,544,0,0,2,0,0,0,0
typed-byte,string-prefix-variable,1024,route-1.index,35,1160,183,1464,904,0,560,8,16,32,0,48,5,320,0,544,4,183,5,0,35,1,184
typed-byte,string-prefix-variable,1024,route-2.index,38,952,238,1904,1296,0,608,16,16,32,0,32,6,48,0,544,20,238,6,0,38,2,240
typed-byte,string-prefix-variable,1024,route-3.index,3,704,46,368,320,0,48,8,16,32,0,32,1,16,0,544,9,46,3,0,3,1,47
typed-bit,integer-ordered-fixed,1024,native-0.kv,256,4496,4133,33060,16384,16384,292,24,8,16,0,0,0,0,17,288,10,16676,19,64,0,0,0
typed-bit,integer-ordered-fixed,1024,native-1.kv,256,4496,4133,33060,16384,16384,292,24,8,16,0,0,0,0,17,288,10,16676,19,64,0,0,0
typed-bit,integer-ordered-fixed,1024,native-2.kv,512,8664,8265,66118,32768,32768,582,48,16,16,0,0,0,0,17,288,14,33350,36,64,0,0,0
typed-bit,integer-ordered-fixed,1024,native-3.kv,0,320,0,0,0,0,0,0,8,16,0,0,0,0,8,288,0,0,1,64,0,0,0
typed-bit,integer-ordered-fixed,1024,route-0.index,0,1216,0,0,0,0,0,0,16,32,0,64,0,560,0,544,0,0,2,0,0,0,0
typed-bit,integer-ordered-fixed,1024,route-1.index,35,1072,90,714,292,0,422,8,16,32,0,48,5,320,0,544,9,714,5,0,0,0,0
typed-bit,integer-ordered-fixed,1024,route-2.index,38,824,116,914,398,0,516,16,16,32,0,32,6,48,0,544,14,914,6,0,0,0,0
typed-bit,integer-ordered-fixed,1024,route-3.index,3,672,16,126,84,0,42,8,16,32,0,32,1,16,0,544,7,126,3,0,0,0,0
typed-bit,integer-ordered-variable,1024,native-0.kv,256,67896,67519,540148,16384,523472,292,40,8,16,0,0,0,0,17,288,8,540148,19,0,0,0,0
typed-bit,integer-ordered-variable,1024,native-1.kv,256,70128,69749,557986,16384,541310,292,40,8,16,0,0,0,0,17,288,10,557986,19,0,0,0,0
typed-bit,integer-ordered-variable,1024,native-2.kv,512,133560,133145,1065160,32768,1031810,582,64,16,16,0,0,0,0,17,288,14,1065160,36,0,0,0,0
typed-bit,integer-ordered-variable,1024,native-3.kv,0,320,0,0,0,0,0,0,8,16,0,0,0,0,8,288,0,0,1,0,0,0,0
typed-bit,integer-ordered-variable,1024,route-0.index,0,1216,0,0,0,0,0,0,16,32,0,64,0,560,0,544,0,0,2,0,0,0,0
typed-bit,integer-ordered-variable,1024,route-1.index,35,1072,90,714,292,0,422,8,16,32,0,48,5,320,0,544,9,714,5,0,0,0,0
typed-bit,integer-ordered-variable,1024,route-2.index,38,824,116,914,398,0,516,16,16,32,0,32,6,48,0,544,14,914,6,0,0,0,0
typed-bit,integer-ordered-variable,1024,route-3.index,3,672,16,126,84,0,42,8,16,32,0,32,1,16,0,544,7,126,3,0,0,0,0
typed-bit,integer-random-fixed,1024,native-0.kv,256,4496,4133,33060,16384,16384,292,24,8,16,0,0,0,0,17,288,10,16676,19,64,0,0,0
typed-bit,integer-random-fixed,1024,native-1.kv,256,4496,4133,33060,16384,16384,292,24,8,16,0,0,0,0,17,288,10,16676,19,64,0,0,0
typed-bit,integer-random-fixed,1024,native-2.kv,512,8664,8265,66118,32768,32768,582,48,16,16,0,0,0,0,17,288,14,33350,36,64,0,0,0
typed-bit,integer-random-fixed,1024,native-3.kv,0,320,0,0,0,0,0,0,8,16,0,0,0,0,8,288,0,0,1,64,0,0,0
typed-bit,integer-random-fixed,1024,route-0.index,0,1216,0,0,0,0,0,0,16,32,0,64,0,560,0,544,0,0,2,0,0,0,0
typed-bit,integer-random-fixed,1024,route-1.index,35,1344,361,2888,2126,0,762,8,16,32,0,48,5,320,0,544,10,2888,5,0,0,0,0
typed-bit,integer-random-fixed,1024,route-2.index,38,1112,398,3170,2342,0,828,16,16,32,0,32,6,48,0,544,20,3170,6,0,0,0,0
typed-bit,integer-random-fixed,1024,route-3.index,3,696,33,258,192,0,66,8,16,32,0,32,1,16,0,544,14,258,3,0,0,0,0
typed-bit,integer-random-variable,1024,native-0.kv,256,69216,68837,550696,16384,534020,292,40,8,16,0,0,0,0,17,288,10,550696,19,0,0,0,0
typed-bit,integer-random-variable,1024,native-1.kv,256,66872,66496,531968,16384,515292,292,40,8,16,0,0,0,0,17,288,7,531968,19,0,0,0,0
typed-bit,integer-random-variable,1024,native-2.kv,512,135488,135079,1080630,32768,1047280,582,64,16,16,0,0,0,0,17,288,8,1080630,36,0,0,0,0
typed-bit,integer-random-variable,1024,native-3.kv,0,320,0,0,0,0,0,0,8,16,0,0,0,0,8,288,0,0,1,0,0,0,0
typed-bit,integer-random-variable,1024,route-0.index,0,1216,0,0,0,0,0,0,16,32,0,64,0,560,0,544,0,0,2,0,0,0,0
typed-bit,integer-random-variable,1024,route-1.index,35,1344,361,2888,2126,0,762,8,16,32,0,48,5,320,0,544,10,2888,5,0,0,0,0
typed-bit,integer-random-variable,1024,route-2.index,38,1112,398,3170,2342,0,828,16,16,32,0,32,6,48,0,544,20,3170,6,0,0,0,0
typed-bit,integer-random-variable,1024,route-3.index,3,696,33,258,192,0,66,8,16,32,0,32,1,16,0,544,14,258,3,0,0,0,0
typed-bit,string-structured-fixed,1024,native-0.kv,256,7264,6903,55222,14146,35328,5748,24,8,16,0,0,0,0,17,288,8,19894,19,138,0,0,0
typed-bit,string-structured-fixed,1024,native-1.kv,256,7264,6903,55222,14146,35328,5748,24,8,16,0,0,0,0,17,288,8,19894,19,138,0,0,0
typed-bit,string-structured-fixed,1024,native-2.kv,512,14000,13604,108828,26690,70656,11482,48,16,16,0,0,0,0,17,288,11,38172,36,138,0,0,0
typed-bit,string-structured-fixed,1024,native-3.kv,0,320,0,0,0,0,0,0,8,16,0,0,0,0,8,288,0,0,1,0,0,0,0
typed-bit,string-structured-fixed,1024,route-0.index,0,1216,0,0,0,0,0,0,16,32,0,64,0,560,0,544,0,0,2,0,0,0,0
typed-bit,string-structured-fixed,1024,route-1.index,35,1384,401,3206,2394,0,812,8,16,32,0,48,5,320,0,544,10,3206,5,0,0,0,0
typed-bit,string-structured-fixed,1024,route-2.index,38,1192,478,3820,2906,0,914,16,16,32,0,32,6,48,0,544,20,3820,6,0,0,0,0
typed-bit,string-structured-fixed,1024,route-3.index,3,728,65,518,448,0,70,8,16,32,0,32,1,16,0,544,14,518,3,0,0,0,0
typed-bit,string-structured-variable,1024,native-0.kv,256,68336,67953,543622,14146,523728,5748,40,8,16,0,0,0,0,17,288,14,543622,19,0,0,0,0
typed-bit,string-structured-variable,1024,native-1.kv,256,70560,70183,561460,14146,541566,5748,40,8,16,0,0,0,0,17,288,8,561460,19,0,0,0,0
typed-bit,string-structured-variable,1024,native-2.kv,512,134224,133812,1070494,26690,1032322,11482,64,16,16,0,0,0,0,17,288,11,1070494,36,0,0,0,0
typed-bit,string-structured-variable,1024,native-3.kv,0,320,0,0,0,0,0,0,8,16,0,0,0,0,8,288,0,0,1,0,0,0,0
typed-bit,string-structured-variable,1024,route-0.index,0,1216,0,0,0,0,0,0,16,32,0,64,0,560,0,544,0,0,2,0,0,0,0
typed-bit,string-structured-variable,1024,route-1.index,35,1384,401,3206,2394,0,812,8,16,32,0,48,5,320,0,544,10,3206,5,0,0,0,0
typed-bit,string-structured-variable,1024,route-2.index,38,1192,478,3820,2906,0,914,16,16,32,0,32,6,48,0,544,20,3820,6,0,0,0,0
typed-bit,string-structured-variable,1024,route-3.index,3,728,65,518,448,0,70,8,16,32,0,32,1,16,0,544,14,518,3,0,0,0,0
typed-bit,string-binary-fixed,1024,native-0.kv,256,9496,9131,73042,31170,35328,6544,24,8,16,0,0,0,0,17,288,12,37714,19,138,0,0,0
typed-bit,string-binary-fixed,1024,native-1.kv,256,9496,9130,73036,31166,35328,6542,24,8,16,0,0,0,0,17,288,13,37708,19,138,0,0,0
typed-bit,string-binary-fixed,1024,native-2.kv,512,18568,18162,145293,61531,70656,13106,56,16,16,0,0,0,0,17,288,13,74637,36,138,0,0,0
typed-bit,string-binary-fixed,1024,native-3.kv,0,320,0,0,0,0,0,0,8,16,0,0,0,0,8,288,0,0,1,0,0,0,0
typed-bit,string-binary-fixed,1024,route-0.index,0,1216,0,0,0,0,0,0,16,32,0,64,0,560,0,544,0,0,2,0,0,0,0
typed-bit,string-binary-fixed,1024,route-1.index,35,1640,658,5262,4366,0,896,8,16,32,0,48,5,320,0,544,9,5262,5,0,0,0,0
typed-bit,string-binary-fixed,1024,route-2.index,38,1432,719,5746,4774,0,972,16,16,32,0,32,6,48,0,544,19,5746,6,0,0,0,0
typed-bit,string-binary-fixed,1024,route-3.index,3,720,58,460,384,0,76,8,16,32,0,32,1,16,0,544,13,460,3,0,0,0,0
typed-bit,string-binary-variable,1024,native-0.kv,256,71880,71499,571990,31170,534276,6544,40,8,16,0,0,0,0,17,288,12,571990,19,0,0,0,0
typed-bit,string-binary-variable,1024,native-1.kv,256,69536,69157,553256,31166,515548,6542,40,8,16,0,0,0,0,17,288,10,553256,19,0,0,0,0
typed-bit,string-binary-variable,1024,native-2.kv,512,140712,140304,1122429,61531,1047792,13106,64,16,16,0,0,0,0,17,288,7,1122429,36,0,0,0,0
typed-bit,string-binary-variable,1024,native-3.kv,0,320,0,0,0,0,0,0,8,16,0,0,0,0,8,288,0,0,1,0,0,0,0
typed-bit,string-binary-variable,1024,route-0.index,0,1216,0,0,0,0,0,0,16,32,0,64,0,560,0,544,0,0,2,0,0,0,0
typed-bit,string-binary-variable,1024,route-1.index,35,1640,658,5262,4366,0,896,8,16,32,0,48,5,320,0,544,9,5262,5,0,0,0,0
typed-bit,string-binary-variable,1024,route-2.index,38,1432,719,5746,4774,0,972,16,16,32,0,32,6,48,0,544,19,5746,6,0,0,0,0
typed-bit,string-binary-variable,1024,route-3.index,3,720,58,460,384,0,76,8,16,32,0,32,1,16,0,544,13,460,3,0,0,0,0
typed-bit,string-prefix-fixed,1024,native-0.kv,256,5408,5044,40350,1858,35328,3164,24,8,16,0,0,0,0,17,288,11,5022,19,138,0,0,0
typed-bit,string-prefix-fixed,1024,native-1.kv,256,5408,5044,40350,1858,35328,3164,24,8,16,0,0,0,0,17,288,11,5022,19,138,0,0,0
typed-bit,string-prefix-fixed,1024,native-2.kv,512,10096,9714,77708,2114,70656,4938,32,16,16,0,0,0,0,17,288,13,7052,36,138,0,0,0
typed-bit,string-prefix-fixed,1024,native-3.kv,0,320,0,0,0,0,0,0,8,16,0,0,0,0,8,288,0,0,1,0,0,0,0
typed-bit,string-prefix-fixed,1024,route-0.index,0,1216,0,0,0,0,0,0,16,32,0,64,0,560,0,544,0,0,2,0,0,0,0
typed-bit,string-prefix-fixed,1024,route-1.index,35,1136,158,1262,714,0,548,8,16,32,0,48,5,320,0,544,5,1262,5,0,0,0,0
typed-bit,string-prefix-fixed,1024,route-2.index,38,920,215,1716,1082,0,634,16,16,32,0,32,6,48,0,544,11,1716,6,0,0,0,0
typed-bit,string-prefix-fixed,1024,route-3.index,3,704,45,358,304,0,54,8,16,32,0,32,1,16,0,544,10,358,3,0,0,0,0
typed-bit,string-prefix-variable,1024,native-0.kv,256,66472,66094,528750,1858,523728,3164,40,8,16,0,0,0,0,17,288,9,528750,19,0,0,0,0
typed-bit,string-prefix-variable,1024,native-1.kv,256,68704,68324,546588,1858,541566,3164,40,8,16,0,0,0,0,17,288,11,546588,19,0,0,0,0
typed-bit,string-prefix-variable,1024,native-2.kv,512,130336,129922,1039374,2114,1032322,4938,64,16,16,0,0,0,0,17,288,13,1039374,36,0,0,0,0
typed-bit,string-prefix-variable,1024,native-3.kv,0,320,0,0,0,0,0,0,8,16,0,0,0,0,8,288,0,0,1,0,0,0,0
typed-bit,string-prefix-variable,1024,route-0.index,0,1216,0,0,0,0,0,0,16,32,0,64,0,560,0,544,0,0,2,0,0,0,0
typed-bit,string-prefix-variable,1024,route-1.index,35,1136,158,1262,714,0,548,8,16,32,0,48,5,320,0,544,5,1262,5,0,0,0,0
typed-bit,string-prefix-variable,1024,route-2.index,38,920,215,1716,1082,0,634,16,16,32,0,32,6,48,0,544,11,1716,6,0,0,0,0
typed-bit,string-prefix-variable,1024,route-3.index,3,704,45,358,304,0,54,8,16,32,0,32,1,16,0,544,10,358,3,0,0,0,0
typed-byte-known,integer-ordered-fixed,1024,native-0.kv,256,3096,2827,22616,2136,16384,4096,16,8,16,0,0,0,0,0,224,5,779,19,64,256,12,791
typed-byte-known,integer-ordered-fixed,1024,native-1.kv,256,3096,2827,22616,2136,16384,4096,16,8,16,0,0,0,0,0,224,5,779,19,64,256,8,787
typed-byte-known,integer-ordered-fixed,1024,native-2.kv,512,5928,5643,45144,4184,32768,8192,24,16,16,0,0,0,0,0,224,5,1547,36,64,512,8,1555
typed-byte-known,integer-ordered-fixed,1024,native-3.kv,0,248,0,0,0,0,0,0,8,16,0,0,0,0,0,224,0,0,1,64,0,0,0
typed-byte-known,integer-ordered-fixed,1024,route-0.index,0,1216,0,0,0,0,0,0,16,32,0,64,0,560,0,544,0,0,2,0,0,0,0
typed-byte-known,integer-ordered-fixed,1024,route-1.index,35,1096,116,928,368,0,560,8,16,32,0,48,5,320,0,544,7,116,5,0,35,8,124
typed-byte-known,integer-ordered-fixed,1024,route-2.index,38,848,136,1088,480,0,608,16,16,32,0,32,6,48,0,544,18,136,6,0,38,17,153
typed-byte-known,integer-ordered-fixed,1024,route-3.index,3,680,19,152,104,0,48,8,16,32,0,32,1,16,0,544,12,19,3,0,3,9,28
typed-byte-known,integer-ordered-variable,1024,native-0.kv,256,67096,66816,534528,2136,524664,7728,32,8,16,0,0,0,0,0,224,0,66816,19,0,256,12,791
typed-byte-known,integer-ordered-variable,1024,native-1.kv,256,69328,69045,552360,2136,542528,7696,32,8,16,0,0,0,0,0,224,3,69045,19,0,256,8,787
typed-byte-known,integer-ordered-variable,1024,native-2.kv,512,132032,131714,1053712,4184,1034256,15272,56,16,16,0,0,0,0,0,224,6,131714,36,0,512,8,1555
typed-byte-known,integer-ordered-variable,1024,native-3.kv,0,248,0,0,0,0,0,0,8,16,0,0,0,0,0,224,0,0,1,0,0,0,0
typed-byte-known,integer-ordered-variable,1024,route-0.index,0,1216,0,0,0,0,0,0,16,32,0,64,0,560,0,544,0,0,2,0,0,0,0
typed-byte-known,integer-ordered-variable,1024,route-1.index,35,1096,116,928,368,0,560,8,16,32,0,48,5,320,0,544,7,116,5,0,35,8,124
typed-byte-known,integer-ordered-variable,1024,route-2.index,38,848,136,1088,480,0,608,16,16,32,0,32,6,48,0,544,18,136,6,0,38,17,153
typed-byte-known,integer-ordered-variable,1024,route-3.index,3,680,19,152,104,0,48,8,16,32,0,32,1,16,0,544,12,19,3,0,3,9,28
typed-byte-known,integer-random-fixed,1024,native-0.kv,256,4840,4562,36496,16016,16384,4096,24,8,16,0,0,0,0,0,224,6,2514,19,64,256,6,2520
typed-byte-known,integer-random-fixed,1024,native-1.kv,256,4832,4559,36472,15992,16384,4096,24,8,16,0,0,0,0,0,224,1,2511,19,64,256,9,2520
typed-byte-known,integer-random-fixed,1024,native-2.kv,512,9232,8937,71496,30536,32768,8192,32,16,16,0,0,0,0,0,224,7,4841,36,64,512,15,4856
typed-byte-known,integer-random-fixed,1024,native-3.kv,0,248,0,0,0,0,0,0,8,16,0,0,0,0,0,224,0,0,1,64,0,0,0
typed-byte-known,integer-random-fixed,1024,route-0.index,0,1216,0,0,0,0,0,0,16,32,0,64,0,560,0,544,0,0,2,0,0,0,0
typed-byte-known,integer-random-fixed,1024,route-1.index,35,1328,351,2808,2248,0,560,8,16,32,0,48,5,320,0,544,4,351,5,0,35,3,354
typed-byte-known,integer-random-fixed,1024,route-2.index,38,1096,382,3056,2448,0,608,16,16,32,0,32,6,48,0,544,20,382,6,0,38,5,387
typed-byte-known,integer-random-fixed,1024,route-3.index,3,688,31,248,200,0,48,8,16,32,0,32,1,16,0,544,8,31,3,0,3,2,33
typed-byte-known,integer-random-variable,1024,native-0.kv,256,70152,69872,558976,16016,535232,7728,32,8,16,0,0,0,0,0,224,0,69872,19,0,256,6,2520
typed-byte-known,integer-random-variable,1024,native-1.kv,256,67800,67516,540128,15992,516464,7672,32,8,16,0,0,0,0,0,224,4,67516,19,0,256,9,2520
typed-byte-known,integer-random-variable,1024,native-2.kv,512,137264,136948,1095584,30536,1049752,15296,56,16,16,0,0,0,0,0,224,4,136948,36,0,512,15,4856
typed-byte-known,integer-random-variable,1024,native-3.kv,0,248,0,0,0,0,0,0,8,16,0,0,0,0,0,224,0,0,1,0,0,0,0
typed-byte-known,integer-random-variable,1024,route-0.index,0,1216,0,0,0,0,0,0,16,32,0,64,0,560,0,544,0,0,2,0,0,0,0
typed-byte-known,integer-random-variable,1024,route-1.index,35,1328,351,2808,2248,0,560,8,16,32,0,48,5,320,0,544,4,351,5,0,35,3,354
typed-byte-known,integer-random-variable,1024,route-2.index,38,1096,382,3056,2448,0,608,16,16,32,0,32,6,48,0,544,20,382,6,0,38,5,387
typed-byte-known,integer-random-variable,1024,route-3.index,3,688,31,248,200,0,48,8,16,32,0,32,1,16,0,544,8,31,3,0,3,2,33
typed-byte-known,string-structured-fixed,1024,native-0.kv,256,7080,6802,54416,15504,34816,4096,24,8,16,0,0,0,0,0,224,6,2450,19,136,256,1,2451
typed-byte-known,string-structured-fixed,1024,native-1.kv,256,7080,6802,54416,15504,34816,4096,24,8,16,0,0,0,0,0,224,6,2450,19,136,256,1,2451
typed-byte-known,string-structured-fixed,1024,native-2.kv,512,13752,13458,107664,29840,69632,8192,32,16,16,0,0,0,0,0,224,6,4754,36,136,512,1,4755
typed-byte-known,string-structured-fixed,1024,native-3.kv,0,248,0,0,0,0,0,0,8,16,0,0,0,0,0,224,0,0,1,136,0,0,0
typed-byte-known,string-structured-fixed,1024,route-0.index,0,1216,0,0,0,0,0,0,16,32,0,64,0,560,0,544,0,0,2,0,0,0,0
typed-byte-known,string-structured-fixed,1024,route-1.index,35,1376,393,3144,2584,0,560,8,16,32,0,48,5,320,0,544,10,393,5,0,35,1,394
typed-byte-known,string-structured-fixed,1024,route-2.index,38,1176,466,3728,3120,0,608,16,16,32,0,32,6,48,0,544,16,466,6,0,38,2,468
typed-byte-known,string-structured-fixed,1024,route-3.index,3,720,64,512,464,0,48,8,16,32,0,32,1,16,0,544,7,64,3,0,3,1,65
typed-byte-known,string-structured-variable,1024,native-0.kv,256,68400,68113,544904,15504,521680,7720,32,8,16,0,0,0,0,0,224,7,68113,19,0,256,1,2451
typed-byte-known,string-structured-variable,1024,native-1.kv,256,70624,70337,562696,15504,539496,7696,32,8,16,0,0,0,0,0,224,7,70337,19,0,256,1,2451
typed-byte-known,string-structured-variable,1024,native-2.kv,512,134488,134176,1073408,29840,1028296,15272,56,16,16,0,0,0,0,0,224,0,134176,36,0,512,1,4755
typed-byte-known,string-structured-variable,1024,native-3.kv,0,248,0,0,0,0,0,0,8,16,0,0,0,0,0,224,0,0,1,0,0,0,0
typed-byte-known,string-structured-variable,1024,route-0.index,0,1216,0,0,0,0,0,0,16,32,0,64,0,560,0,544,0,0,2,0,0,0,0
typed-byte-known,string-structured-variable,1024,route-1.index,35,1376,393,3144,2584,0,560,8,16,32,0,48,5,320,0,544,10,393,5,0,35,1,394
typed-byte-known,string-structured-variable,1024,route-2.index,38,1176,466,3728,3120,0,608,16,16,32,0,32,6,48,0,544,16,466,6,0,38,2,468
typed-byte-known,string-structured-variable,1024,route-3.index,3,720,64,512,464,0,48,8,16,32,0,32,1,16,0,544,7,64,3,0,3,1,65
typed-byte-known,string-binary-fixed,1024,native-0.kv,256,9192,8914,71312,32400,34816,4096,24,8,16,0,0,0,0,0,224,6,4562,19,136,256,12,4574
typed-byte-known,string-binary-fixed,1024,native-1.kv,256,9184,8911,71288,32376,34816,4096,24,8,16,0,0,0,0,0,224,1,4559,19,136,256,20,4579
typed-byte-known,string-binary-fixed,1024,native-2.kv,512,17936,17641,141128,63304,69632,8192,32,16,16,0,0,0,0,0,224,7,8937,36,136,512,35,8972
typed-byte-known,string-binary-fixed,1024,native-3.kv,0,248,0,0,0,0,0,0,8,16,0,0,0,0,0,224,0,0,1,136,0,0,0
typed-byte-known,string-binary-fixed,1024,route-0.index,0,1216,0,0,0,0,0,0,16,32,0,64,0,560,0,544,0,0,2,0,0,0,0
typed-byte-known,string-binary-fixed,1024,route-1.index,35,1608,631,5048,4488,0,560,8,16,32,0,48,5,320,0,544,4,631,5,0,35,6,637
typed-byte-known,string-binary-fixed,1024,route-2.index,38,1400,686,5488,4880,0,608,16,16,32,0,32,6,48,0,544,20,686,6,0,38,6,692
typed-byte-known,string-binary-fixed,1024,route-3.index,3,712,55,440,392,0,48,8,16,32,0,32,1,16,0,544,8,55,3,0,3,2,57
typed-byte-known,string-binary-variable,1024,native-0.kv,256,71824,71544,572352,32400,532224,7728,32,8,16,0,0,0,0,0,224,0,71544,19,0,256,12,4574
typed-byte-known,string-binary-variable,1024,native-1.kv,256,69472,69192,553536,32376,513496,7664,32,8,16,0,0,0,0,0,224,0,69192,19,0,256,20,4579
typed-byte-known,string-binary-variable,1024,native-2.kv,512,140608,140294,1122352,63304,1043752,15296,56,16,16,0,0,0,0,0,224,2,140294,36,0,512,35,8972
typed-byte-known,string-binary-variable,1024,native-3.kv,0,248,0,0,0,0,0,0,8,16,0,0,0,0,0,224,0,0,1,0,0,0,0
typed-byte-known,string-binary-variable,1024,route-0.index,0,1216,0,0,0,0,0,0,16,32,0,64,0,560,0,544,0,0,2,0,0,0,0
typed-byte-known,string-binary-variable,1024,route-1.index,35,1608,631,5048,4488,0,560,8,16,32,0,48,5,320,0,544,4,631,5,0,35,6,637
typed-byte-known,string-binary-variable,1024,route-2.index,38,1400,686,5488,4880,0,608,16,16,32,0,32,6,48,0,544,20,686,6,0,38,6,692
typed-byte-known,string-binary-variable,1024,route-3.index,3,712,55,440,392,0,48,8,16,32,0,32,1,16,0,544,8,55,3,0,3,2,57
typed-byte-known,string-prefix-fixed,1024,native-0.kv,256,5536,5266,42128,3216,34816,4096,16,8,16,0,0,0,0,0,224,6,914,19,136,256,1,915
typed-byte-known,string-prefix-fixed,1024,native-1.kv,256,5536,5266,42128,3216,34816,4096,16,8,16,0,0,0,0,0,224,6,914,19,136,256,1,915
typed-byte-known,string-prefix-fixed,1024,native-2.kv,512,10672,10386,83088,5264,69632,8192,24,16,16,0,0,0,0,0,224,6,1682,36,136,512,1,1683
typed-byte-known,string-prefix-fixed,1024,native-3.kv,0,248,0,0,0,0,0,0,8,16,0,0,0,0,0,224,0,0,1,136,0,0,0
typed-byte-known,string-prefix-fixed,1024,route-0.index,0,1216,0,0,0,0,0,0,16,32,0,64,0,560,0,544,0,0,2,0,0,0,0
typed-byte-known,string-prefix-fixed,1024,route-1.index,35,1160,183,1464,904,0,560,8,16,32,0,48,5,320,0,544,4,183,5,0,35,1,184
typed-byte-known,string-prefix-fixed,1024,route-2.index,38,952,238,1904,1296,0,608,16,16,32,0,32,6,48,0,544,20,238,6,0,38,2,240
typed-byte-known,string-prefix-fixed,1024,route-3.index,3,704,46,368,320,0,48,8,16,32,0,32,1,16,0,544,9,46,3,0,3,1,47
typed-byte-known,string-prefix-variable,1024,native-0.kv,256,66864,66577,532616,3216,521680,7720,32,8,16,0,0,0,0,0,224,7,66577,19,0,256,1,915
typed-byte-known,string-prefix-variable,1024,native-1.kv,256,69088,68801,550408,3216,539496,7696,32,8,16,0,0,0,0,0,224,7,68801,19,0,256,1,915
typed-byte-known,string-prefix-variable,1024,native-2.kv,512,131416,131104,1048832,5264,1028296,15272,56,16,16,0,0,0,0,0,224,0,131104,36,0,512,1,1683
typed-byte-known,string-prefix-variable,1024,native-3.kv,0,248,0,0,0,0,0,0,8,16,0,0,0,0,0,224,0,0,1,0,0,0,0
typed-byte-known,string-prefix-variable,1024,route-0.index,0,1216,0,0,0,0,0,0,16,32,0,64,0,560,0,544,0,0,2,0,0,0,0
typed-byte-known,string-prefix-variable,1024,route-1.index,35,1160,183,1464,904,0,560,8,16,32,0,48,5,320,0,544,4,183,5,0,35,1,184
typed-byte-known,string-prefix-variable,1024,route-2.index,38,952,238,1904,1296,0,608,16,16,32,0,32,6,48,0,544,20,238,6,0,38,2,240
typed-byte-known,string-prefix-variable,1024,route-3.index,3,704,46,368,320,0,48,8,16,32,0,32,1,16,0,544,9,46,3,0,3,1,47
raw-byte,integer-ordered-fixed,8192,native-0.kv,2048,22944,22566,180528,16688,131072,32768,88,48,16,0,0,0,0,0,224,2,6182,138,64,2048,39,6221
raw-byte,integer-ordered-fixed,8192,native-1.kv,2048,22944,22566,180528,16688,131072,32768,88,48,16,0,0,0,0,0,224,2,6182,138,64,2048,7,6189
raw-byte,integer-ordered-fixed,8192,native-2.kv,4096,45616,45094,360752,33072,262144,65536,176,88,32,0,0,0,0,0,224,2,12326,275,64,4096,7,12333
raw-byte,integer-ordered-fixed,8192,native-3.kv,0,248,0,0,0,0,0,0,8,16,0,0,0,0,0,224,0,0,1,64,0,0,0
raw-byte,integer-ordered-fixed,8192,route-0.index,0,5312,0,0,0,0,0,0,16,32,0,336,0,4384,0,544,0,0,2,0,0,0,0
raw-byte,integer-ordered-fixed,8192,route-1.index,274,4184,860,6880,2496,0,4384,16,16,32,0,192,35,2480,0,544,9,860,21,0,274,7,867
raw-byte,integer-ordered-fixed,8192,route-2.index,292,1984,952,7616,2944,0,4672,16,16,32,0,48,38,320,0,544,18,952,23,0,292,17,969
raw-byte,integer-ordered-fixed,8192,route-3.index,20,760,86,688,368,0,320,8,16,32,0,32,3,32,0,544,7,86,4,0,20,8,94
raw-byte,integer-ordered-fixed,8192,route-4.index,2,672,14,112,80,0,32,8,16,32,0,32,1,16,0,544,9,14,3,0,2,8,22
raw-byte,integer-ordered-variable,8192,native-0.kv,2048,539568,539080,4312640,16688,4234416,61536,192,56,16,0,0,0,0,0,224,0,539080,138,0,2048,39,6221
raw-byte,integer-ordered-variable,8192,native-1.kv,2048,539368,538880,4311040,16688,4232920,61432,192,56,16,0,0,0,0,0,224,0,538880,138,0,2048,7,6189
raw-byte,integer-ordered-variable,8192,native-2.kv,4096,1056072,1055322,8442576,33072,8287104,122400,384,104,32,0,0,0,0,0,224,6,1055322,275,0,4096,7,12333
raw-byte,integer-ordered-variable,8192,native-3.kv,0,248,0,0,0,0,0,0,8,16,0,0,0,0,0,224,0,0,1,0,0,0,0
raw-byte,integer-ordered-variable,8192,route-0.index,0,5312,0,0,0,0,0,0,16,32,0,336,0,4384,0,544,0,0,2,0,0,0,0
raw-byte,integer-ordered-variable,8192,route-1.index,274,4184,860,6880,2496,0,4384,16,16,32,0,192,35,2480,0,544,9,860,21,0,274,7,867
raw-byte,integer-ordered-variable,8192,route-2.index,292,1984,952,7616,2944,0,4672,16,16,32,0,48,38,320,0,544,18,952,23,0,292,17,969
raw-byte,integer-ordered-variable,8192,route-3.index,20,760,86,688,368,0,320,8,16,32,0,32,3,32,0,544,7,86,4,0,20,8,94
raw-byte,integer-ordered-variable,8192,route-4.index,2,672,14,112,80,0,32,8,16,32,0,32,1,16,0,544,9,14,3,0,2,8,22
raw-byte,integer-random-fixed,8192,native-0.kv,2048,35480,35072,280576,116736,131072,32768,128,40,16,0,0,0,0,0,224,0,18688,138,64,2048,49,18737
raw-byte,integer-random-fixed,8192,native-1.kv,2048,35480,35072,280576,116736,131072,32768,128,40,16,0,0,0,0,0,224,0,18688,138,64,2048,54,18742
raw-byte,integer-random-fixed,8192,native-2.kv,4096,70368,69791,558328,230648,262144,65536,248,72,32,0,0,0,0,0,224,1,37023,275,64,4096,104,37127
raw-byte,integer-random-fixed,8192,native-3.kv,0,248,0,0,0,0,0,0,8,16,0,0,0,0,0,224,0,0,1,64,0,0,0
raw-byte,integer-random-fixed,8192,route-0.index,0,5312,0,0,0,0,0,0,16,32,0,336,0,4384,0,544,0,0,2,0,0,0,0
raw-byte,integer-random-fixed,8192,route-1.index,274,6040,2710,21680,17296,0,4384,24,16,32,0,192,35,2480,0,544,7,2710,21,0,274,9,2719
raw-byte,integer-random-fixed,8192,route-2.index,292,3968,2920,23360,18688,0,4672,32,16,32,0,48,38,320,0,544,18,2920,23,0,292,14,2934
raw-byte,integer-random-fixed,8192,route-3.index,20,872,200,1600,1280,0,320,8,16,32,0,32,3,32,0,544,5,200,4,0,20,1,201
raw-byte,integer-random-fixed,8192,route-4.index,2,680,20,160,128,0,32,8,16,32,0,32,1,16,0,544,11,20,3,0,2,1,21
raw-byte,integer-random-variable,8192,native-0.kv,2048,544536,544042,4352336,116736,4174368,61232,192,56,16,0,0,0,0,0,224,6,544042,138,0,2048,49,18737
raw-byte,integer-random-variable,8192,native-1.kv,2048,547288,546795,4374360,116736,4196264,61360,192,56,16,0,0,0,0,0,224,5,546795,138,0,2048,54,18742
raw-byte,integer-random-variable,8192,native-2.kv,4096,1092904,1092154,8737232,230648,8383808,122776,384,104,32,0,0,0,0,0,224,6,1092154,275,0,4096,104,37127
raw-byte,integer-random-variable,8192,native-3.kv,0,248,0,0,0,0,0,0,8,16,0,0,0,0,0,224,0,0,1,0,0,0,0
raw-byte,integer-random-variable,8192,route-0.index,0,5312,0,0,0,0,0,0,16,32,0,336,0,4384,0,544,0,0,2,0,0,0,0
raw-byte,integer-random-variable,8192,route-1.index,274,6040,2710,21680,17296,0,4384,24,16,32,0,192,35,2480,0,544,7,2710,21,0,274,9,2719
raw-byte,integer-random-variable,8192,route-2.index,292,3968,2920,23360,18688,0,4672,32,16,32,0,48,38,320,0,544,18,2920,23,0,292,14,2934
raw-byte,integer-random-variable,8192,route-3.index,20,872,200,1600,1280,0,320,8,16,32,0,32,3,32,0,544,5,200,4,0,20,1,201
raw-byte,integer-random-variable,8192,route-4.index,2,680,20,160,128,0,32,8,16,32,0,32,1,16,0,544,11,20,3,0,2,1,21
raw-byte,string-structured-fixed,8192,native-0.kv,2048,52552,52139,417112,122200,262144,32768,128,40,16,0,0,0,0,0,224,5,19371,138,128,2048,0,19371
raw-byte,string-structured-fixed,8192,native-1.kv,2048,52552,52139,417112,122200,262144,32768,128,40,16,0,0,0,0,0,224,5,19371,138,128,2048,0,19371
raw-byte,string-structured-fixed,8192,native-2.kv,4096,103920,103340,826720,236896,524288,65536,248,72,32,0,0,0,0,0,224,4,37804,275,128,4096,0,37804
raw-byte,string-structured-fixed,8192,native-3.kv,0,248,0,0,0,0,0,0,8,16,0,0,0,0,0,224,0,0,1,128,0,0,0
raw-byte,string-structured-fixed,8192,route-0.index,0,5312,0,0,0,0,0,0,16,32,0,336,0,4384,0,544,0,0,2,0,0,0,0
raw-byte,string-structured-fixed,8192,route-1.index,274,6192,2860,22880,18496,0,4384,24,16,32,0,192,35,2480,0,544,9,2860,21,0,274,0,2860
raw-byte,string-structured-fixed,8192,route-2.index,292,4208,3160,25280,20608,0,4672,32,16,32,0,48,38,320,0,544,18,3160,23,0,292,0,3160
raw-byte,string-structured-fixed,8192,route-3.index,20,936,257,2056,1736,0,320,8,16,32,0,32,3,32,0,544,12,257,4,0,20,0,257
raw-byte,string-structured-fixed,8192,route-4.index,2,712,53,424,392,0,32,8,16,32,0,32,1,16,0,544,10,53,3,0,2,0,53
raw-byte,string-structured-variable,8192,native-0.kv,2048,552760,552269,4418152,122200,4234416,61536,192,56,16,0,0,0,0,0,224,3,552269,138,0,2048,0,19371
raw-byte,string-structured-variable,8192,native-1.kv,2048,552560,552069,4416552,122200,4232920,61432,192,56,16,0,0,0,0,0,224,3,552069,138,0,2048,0,19371
raw-byte,string-structured-variable,8192,native-2.kv,4096,1081544,1080800,8646400,236896,8287104,122400,384,104,32,0,0,0,0,0,224,0,1080800,275,0,4096,0,37804
raw-byte,string-structured-variable,8192,native-3.kv,0,248,0,0,0,0,0,0,8,16,0,0,0,0,0,224,0,0,1,0,0,0,0
raw-byte,string-structured-variable,8192,route-0.index,0,5312,0,0,0,0,0,0,16,32,0,336,0,4384,0,544,0,0,2,0,0,0,0
raw-byte,string-structured-variable,8192,route-1.index,274,6192,2860,22880,18496,0,4384,24,16,32,0,192,35,2480,0,544,9,2860,21,0,274,0,2860
raw-byte,string-structured-variable,8192,route-2.index,292,4208,3160,25280,20608,0,4672,32,16,32,0,48,38,320,0,544,18,3160,23,0,292,0,3160
raw-byte,string-structured-variable,8192,route-3.index,20,936,257,2056,1736,0,320,8,16,32,0,32,3,32,0,544,12,257,4,0,20,0,257
raw-byte,string-structured-variable,8192,route-4.index,2,712,53,424,392,0,32,8,16,32,0,32,1,16,0,544,10,53,3,0,2,0,53
raw-byte,string-binary-fixed,8192,native-0.kv,2048,68264,67840,542720,247808,262144,32768,128,56,16,0,0,0,0,0,224,0,35072,138,128,2048,101,35173
raw-byte,string-binary-fixed,8192,native-1.kv,2048,68264,67840,542720,247808,262144,32768,128,56,16,0,0,0,0,0,224,0,35072,138,128,2048,119,35191
raw-byte,string-binary-fixed,8192,native-2.kv,4096,135936,135327,1082616,492792,524288,65536,248,104,32,0,0,0,0,0,224,1,69791,275,128,4096,229,70020
raw-byte,string-binary-fixed,8192,native-3.kv,0,248,0,0,0,0,0,0,8,16,0,0,0,0,0,224,0,0,1,128,0,0,0
raw-byte,string-binary-fixed,8192,route-0.index,0,5312,0,0,0,0,0,0,16,32,0,336,0,4384,0,544,0,0,2,0,0,0,0
raw-byte,string-binary-fixed,8192,route-1.index,274,8232,4902,39216,34832,0,4384,24,16,32,0,192,35,2480,0,544,7,4902,21,0,274,21,4923
raw-byte,string-binary-fixed,8192,route-2.index,292,6304,5256,42048,37376,0,4672,32,16,32,0,48,38,320,0,544,18,5256,23,0,292,19,5275
raw-byte,string-binary-fixed,8192,route-3.index,20,1032,360,2880,2560,0,320,8,16,32,0,32,3,32,0,544,5,360,4,0,20,2,362
raw-byte,string-binary-fixed,8192,route-4.index,2,696,36,288,256,0,32,8,16,32,0,32,1,16,0,544,11,36,3,0,2,1,37
raw-byte,string-binary-variable,8192,native-0.kv,2048,560920,560426,4483408,247808,4174368,61232,192,56,16,0,0,0,0,0,224,6,560426,138,0,2048,101,35173
raw-byte,string-binary-variable,8192,native-1.kv,2048,563672,563179,4505432,247808,4196264,61360,192,56,16,0,0,0,0,0,224,5,563179,138,0,2048,119,35191
raw-byte,string-binary-variable,8192,native-2.kv,4096,1125672,1124922,8999376,492792,8383808,122776,384,104,32,0,0,0,0,0,224,6,1124922,275,0,4096,229,70020
raw-byte,string-binary-variable,8192,native-3.kv,0,248,0,0,0,0,0,0,8,16,0,0,0,0,0,224,0,0,1,0,0,0,0
raw-byte,string-binary-variable,8192,route-0.index,0,5312,0,0,0,0,0,0,16,32,0,336,0,4384,0,544,0,0,2,0,0,0,0
raw-byte,string-binary-variable,8192,route-1.index,274,8232,4902,39216,34832,0,4384,24,16,32,0,192,35,2480,0,544,7,4902,21,0,274,21,4923
raw-byte,string-binary-variable,8192,route-2.index,292,6304,5256,42048,37376,0,4672,32,16,32,0,48,38,320,0,544,18,5256,23,0,292,19,5275
raw-byte,string-binary-variable,8192,route-3.index,20,1032,360,2880,2560,0,320,8,16,32,0,32,3,32,0,544,5,360,4,0,20,2,362
raw-byte,string-binary-variable,8192,route-4.index,2,696,36,288,256,0,32,8,16,32,0,32,1,16,0,544,11,36,3,0,2,1,37
raw-byte,string-prefix-fixed,8192,native-0.kv,2048,40232,39851,318808,23896,262144,32768,88,48,16,0,0,0,0,0,224,5,7083,138,128,2048,0,7083
raw-byte,string-prefix-fixed,8192,native-1.kv,2048,40232,39851,318808,23896,262144,32768,88,48,16,0,0,0,0,0,224,5,7083,138,128,2048,0,7083
raw-byte,string-prefix-fixed,8192,native-2.kv,4096,79288,78764,630112,40288,524288,65536,176,88,32,0,0,0,0,0,224,4,13228,275,128,4096,0,13228
raw-byte,string-prefix-fixed,8192,native-3.kv,0,248,0,0,0,0,0,0,8,16,0,0,0,0,0,224,0,0,1,128,0,0,0
raw-byte,string-prefix-fixed,8192,route-0.index,0,5312,0,0,0,0,0,0,16,32,0,336,0,4384,0,544,0,0,2,0,0,0,0
raw-byte,string-prefix-fixed,8192,route-1.index,274,4536,1216,9728,5344,0,4384,16,16,32,0,192,35,2480,0,544,5,1216,21,0,274,0,1216
raw-byte,string-prefix-fixed,8192,route-2.index,292,2440,1408,11264,6592,0,4672,16,16,32,0,48,38,320,0,544,18,1408,23,0,292,0,1408
raw-byte,string-prefix-fixed,8192,route-3.index,20,816,137,1096,776,0,320,8,16,32,0,32,3,32,0,544,12,137,4,0,20,0,137
raw-byte,string-prefix-fixed,8192,route-4.index,2,704,41,328,296,0,32,8,16,32,0,32,1,16,0,544,14,41,3,0,2,0,41
raw-byte,string-prefix-variable,8192,native-0.kv,2048,540472,539981,4319848,23896,4234416,61536,192,56,16,0,0,0,0,0,224,3,539981,138,0,2048,0,7083
raw-byte,string-prefix-variable,8192,native-1.kv,2048,540272,539781,4318248,23896,4232920,61432,192,56,16,0,0,0,0,0,224,3,539781,138,0,2048,0,7083
raw-byte,string-prefix-variable,8192,native-2.kv,4096,1056968,1056224,8449792,40288,8287104,122400,384,104,32,0,0,0,0,0,224,0,1056224,275,0,4096,0,13228
raw-byte,string-prefix-variable,8192,native-3.kv,0,248,0,0,0,0,0,0,8,16,0,0,0,0,0,224,0,0,1,0,0,0,0
raw-byte,string-prefix-variable,8192,route-0.index,0,5312,0,0,0,0,0,0,16,32,0,336,0,4384,0,544,0,0,2,0,0,0,0
raw-byte,string-prefix-variable,8192,route-1.index,274,4536,1216,9728,5344,0,4384,16,16,32,0,192,35,2480,0,544,5,1216,21,0,274,0,1216
raw-byte,string-prefix-variable,8192,route-2.index,292,2440,1408,11264,6592,0,4672,16,16,32,0,48,38,320,0,544,18,1408,23,0,292,0,1408
raw-byte,string-prefix-variable,8192,route-3.index,20,816,137,1096,776,0,320,8,16,32,0,32,3,32,0,544,12,137,4,0,20,0,137
raw-byte,string-prefix-variable,8192,route-4.index,2,704,41,328,296,0,32,8,16,32,0,32,1,16,0,544,14,41,3,0,2,0,41
raw-bit,integer-ordered-fixed,8192,native-0.kv,2048,20560,20139,161105,8241,131072,21792,128,48,16,0,0,0,0,0,224,5,30033,138,64,0,0,0
raw-bit,integer-ordered-fixed,8192,native-1.kv,2048,20560,20139,161105,8241,131072,21792,128,48,16,0,0,0,0,0,224,5,30033,138,64,0,0,0
raw-bit,integer-ordered-fixed,8192,native-2.kv,4096,39072,38486,307883,10289,262144,35450,248,80,32,0,0,0,0,0,224,2,45739,275,64,0,0,0
raw-bit,integer-ordered-fixed,8192,native-3.kv,0,248,0,0,0,0,0,0,8,16,0,0,0,0,0,224,0,0,1,64,0,0,0
raw-bit,integer-ordered-fixed,8192,route-0.index,0,5312,0,0,0,0,0,0,16,32,0,336,0,4384,0,544,0,0,2,0,0,0,0
raw-bit,integer-ordered-fixed,8192,route-1.index,274,3992,658,5263,1931,0,3332,24,16,32,0,192,35,2480,0,544,11,5263,21,0,0,0,0
raw-bit,integer-ordered-fixed,8192,route-2.index,292,1848,799,6384,2362,0,4022,32,16,32,0,48,38,320,0,544,19,6384,23,0,0,0,0
raw-bit,integer-ordered-fixed,8192,route-3.index,20,744,69,545,261,0,284,8,16,32,0,32,3,32,0,544,8,545,4,0,0,0,0
raw-bit,integer-ordered-fixed,8192,route-4.index,2,672,14,105,77,0,28,8,16,32,0,32,1,16,0,544,9,105,3,0,0,0,0
raw-bit,integer-ordered-variable,8192,native-0.kv,2048,538992,538447,4307571,8241,4234416,64914,248,56,16,0,0,0,0,0,224,1,4307571,138,0,0,0,0
raw-bit,integer-ordered-variable,8192,native-1.kv,2048,538808,538264,4306111,8241,4232920,64950,248,56,16,0,0,0,0,0,224,0,4306111,138,0,0,0,0
raw-bit,integer-ordered-variable,8192,native-2.kv,4096,1053152,1052304,8418431,10289,8287104,121038,488,104,32,0,0,0,0,0,224,0,8418431,275,0,0,0,0
raw-bit,integer-ordered-variable,8192,native-3.kv,0,248,0,0,0,0,0,0,8,16,0,0,0,0,0,224,0,0,1,0,0,0,0
raw-bit,integer-ordered-variable,8192,route-0.index,0,5312,0,0,0,0,0,0,16,32,0,336,0,4384,0,544,0,0,2,0,0,0,0
raw-bit,integer-ordered-variable,8192,route-1.index,274,3992,658,5263,1931,0,3332,24,16,32,0,192,35,2480,0,544,11,5263,21,0,0,0,0
raw-bit,integer-ordered-variable,8192,route-2.index,292,1848,799,6384,2362,0,4022,32,16,32,0,48,38,320,0,544,19,6384,23,0,0,0,0
raw-bit,integer-ordered-variable,8192,route-3.index,20,744,69,545,261,0,284,8,16,32,0,32,3,32,0,544,8,545,4,0,0,0,0
raw-bit,integer-ordered-variable,8192,route-4.index,2,672,14,105,77,0,28,8,16,32,0,32,1,16,0,544,9,105,3,0,0,0,0
raw-bit,integer-random-fixed,8192,native-0.kv,2048,36416,35959,287671,112115,131072,44484,176,40,16,0,0,0,0,0,224,1,156599,138,64,0,0,0
raw-bit,integer-random-fixed,8192,native-1.kv,2048,36424,35963,287700,112142,131072,44486,176,40,16,0,0,0,0,0,224,5,156628,138,64,0,0,0
raw-bit,integer-random-fixed,8192,native-2.kv,4096,71824,71151,569206,218026,262144,89036,344,72,32,0,0,0,0,0,224,1,307062,275,64,0,0,0
raw-bit,integer-random-fixed,8192,native-3.kv,0,248,0,0,0,0,0,0,8,16,0,0,0,0,0,224,0,0,1,64,0,0,0
raw-bit,integer-random-fixed,8192,route-0.index,0,5312,0,0,0,0,0,0,16,32,0,336,0,4384,0,544,0,0,2,0,0,0,0
raw-bit,integer-random-fixed,8192,route-1.index,274,6064,2725,21794,15842,0,5952,32,16,32,0,192,35,2480,0,544,8,21794,21,0,0,0,0
raw-bit,integer-random-fixed,8192,route-2.index,292,3984,2934,23466,17146,0,6320,32,16,32,0,48,38,320,0,544,20,23466,23,0,0,0,0
raw-bit,integer-random-fixed,8192,route-3.index,20,880,208,1664,1230,0,434,8,16,32,0,32,3,32,0,544,5,1664,4,0,0,0,0
raw-bit,integer-random-fixed,8192,route-4.index,2,680,21,168,128,0,40,8,16,32,0,32,1,16,0,544,10,168,3,0,0,0,0
raw-bit,integer-random-variable,8192,native-0.kv,2048,547288,546739,4373909,112115,4174368,87426,248,56,16,0,0,0,0,0,224,5,4373909,138,0,0,0,0
raw-bit,integer-random-variable,8192,native-1.kv,2048,550024,549477,4395816,112142,4196264,87410,248,56,16,0,0,0,0,0,224,3,4395816,138,0,0,0,0
raw-bit,integer-random-variable,8192,native-2.kv,4096,1097960,1097109,8776872,218026,8383808,175038,488,104,32,0,0,0,0,0,224,3,8776872,275,0,0,0,0
raw-bit,integer-random-variable,8192,native-3.kv,0,248,0,0,0,0,0,0,8,16,0,0,0,0,0,224,0,0,1,0,0,0,0
raw-bit,integer-random-variable,8192,route-0.index,0,5312,0,0,0,0,0,0,16,32,0,336,0,4384,0,544,0,0,2,0,0,0,0
raw-bit,integer-random-variable,8192,route-1.index,274,6064,2725,21794,15842,0,5952,32,16,32,0,192,35,2480,0,544,8,21794,21,0,0,0,0
raw-bit,integer-random-variable,8192,route-2.index,292,3984,2934,23466,17146,0,6320,32,16,32,0,48,38,320,0,544,20,23466,23,0,0,0,0
raw-bit,integer-random-variable,8192,route-3.index,20,880,208,1664,1230,0,434,8,16,32,0,32,3,32,0,544,5,1664,4,0,0,0,0
raw-bit,integer-random-variable,8192,route-4.index,2,680,21,168,128,0,40,8,16,32,0,32,1,16,0,544,10,168,3,0,0,0,0
raw-bit,string-structured-fixed,8192,native-0.kv,2048,52880,52424,419386,111376,262144,45866,176,40,16,0,0,0,0,0,224,0,157242,138,128,0,0,0
raw-bit,string-structured-fixed,8192,native-1.kv,2048,52880,52424,419386,111376,262144,45866,176,40,16,0,0,0,0,0,224,0,157242,138,128,0,0,0
raw-bit,string-structured-fixed,8192,native-2.kv,4096,104144,103471,827765,211733,524288,91744,344,72,32,0,0,0,0,0,224,1,303477,275,128,0,0,0
raw-bit,string-structured-fixed,8192,native-3.kv,0,248,0,0,0,0,0,0,8,16,0,0,0,0,0,224,0,0,1,128,0,0,0
raw-bit,string-structured-fixed,8192,route-0.index,0,5312,0,0,0,0,0,0,16,32,0,336,0,4384,0,544,0,0,2,0,0,0,0
raw-bit,string-structured-fixed,8192,route-1.index,274,6272,2930,23434,17032,0,6402,32,16,32,0,192,35,2480,0,544,11,23434,21,0,0,0,0
raw-bit,string-structured-fixed,8192,route-2.index,292,4312,3267,26132,19014,0,7118,32,16,32,0,48,38,320,0,544,15,26132,23,0,0,0,0
raw-bit,string-structured-fixed,8192,route-3.index,20,944,269,2149,1635,0,514,8,16,32,0,32,3,32,0,544,8,2149,4,0,0,0,0
raw-bit,string-structured-fixed,8192,route-4.index,2,712,54,431,387,0,44,8,16,32,0,32,1,16,0,544,9,431,3,0,0,0,0
raw-bit,string-structured-variable,8192,native-0.kv,2048,554896,554348,4434780,111376,4234416,88988,248,56,16,0,0,0,0,0,224,4,4434780,138,0,0,0,0
raw-bit,string-structured-variable,8192,native-1.kv,2048,554712,554165,4433320,111376,4232920,89024,248,56,16,0,0,0,0,0,224,3,4433320,138,0,0,0,0
raw-bit,string-structured-variable,8192,native-2.kv,4096,1085376,1084522,8676169,211733,8287104,177332,488,104,32,0,0,0,0,0,224,6,8676169,275,0,0,0,0
raw-bit,string-structured-variable,8192,native-3.kv,0,248,0,0,0,0,0,0,8,16,0,0,0,0,0,224,0,0,1,0,0,0,0
raw-bit,string-structured-variable,8192,route-0.index,0,5312,0,0,0,0,0,0,16,32,0,336,0,4384,0,544,0,0,2,0,0,0,0
raw-bit,string-structured-variable,8192,route-1.index,274,6272,2930,23434,17032,0,6402,32,16,32,0,192,35,2480,0,544,11,23434,21,0,0,0,0
raw-bit,string-structured-variable,8192,route-2.index,292,4312,3267,26132,19014,0,7118,32,16,32,0,48,38,320,0,544,15,26132,23,0,0,0,0
raw-bit,string-structured-variable,8192,route-3.index,20,944,269,2149,1635,0,514,8,16,32,0,32,3,32,0,544,8,2149,4,0,0,0,0
raw-bit,string-structured-variable,8192,route-4.index,2,712,54,431,387,0,44,8,16,32,0,32,1,16,0,544,9,431,3,0,0,0,0
raw-bit,string-binary-fixed,8192,native-0.kv,2048,70192,69717,557733,243187,262144,52402,192,40,16,0,0,0,0,0,224,3,295589,138,128,0,0,0
raw-bit,string-binary-fixed,8192,native-1.kv,2048,70200,69721,557762,243214,262144,52404,192,40,16,0,0,0,0,0,224,7,295618,138,128,0,0,0
raw-bit,string-binary-fixed,8192,native-2.kv,4096,139384,138667,1109330,480170,524288,104872,384,72,32,0,0,0,0,0,224,5,585042,275,128,0,0,0
raw-bit,string-binary-fixed,8192,native-3.kv,0,248,0,0,0,0,0,0,8,16,0,0,0,0,0,224,0,0,1,128,0,0,0
raw-bit,string-binary-fixed,8192,route-0.index,0,5312,0,0,0,0,0,0,16,32,0,336,0,4384,0,544,0,0,2,0,0,0,0
raw-bit,string-binary-fixed,8192,route-1.index,274,8392,5049,40388,33378,0,7010,32,16,32,0,192,35,2480,0,544,12,40388,21,0,0,0,0
raw-bit,string-binary-fixed,8192,route-2.index,292,6456,5411,43280,35834,0,7446,32,16,32,0,48,38,320,0,544,15,43280,23,0,0,0,0
raw-bit,string-binary-fixed,8192,route-3.index,20,1056,378,3020,2510,0,510,8,16,32,0,32,3,32,0,544,11,3020,4,0,0,0,0
raw-bit,string-binary-fixed,8192,route-4.index,2,696,38,302,256,0,46,8,16,32,0,32,1,16,0,544,9,302,3,0,0,0,0
raw-bit,string-binary-variable,8192,native-0.kv,2048,564664,564113,4512899,243187,4174368,95344,248,56,16,0,0,0,0,0,224,7,4512899,138,0,0,0,0
raw-bit,string-binary-variable,8192,native-1.kv,2048,567400,566851,4534806,243214,4196264,95328,264,40,16,0,0,0,0,0,224,5,4534806,138,0,0,0,0
raw-bit,string-binary-variable,8192,native-2.kv,4096,1132712,1131857,9054852,480170,8383808,190874,520,72,32,0,0,0,0,0,224,7,9054852,275,0,0,0,0
raw-bit,string-binary-variable,8192,native-3.kv,0,248,0,0,0,0,0,0,8,16,0,0,0,0,0,224,0,0,1,0,0,0,0
raw-bit,string-binary-variable,8192,route-0.index,0,5312,0,0,0,0,0,0,16,32,0,336,0,4384,0,544,0,0,2,0,0,0,0
raw-bit,string-binary-variable,8192,route-1.index,274,8392,5049,40388,33378,0,7010,32,16,32,0,192,35,2480,0,544,12,40388,21,0,0,0,0
raw-bit,string-binary-variable,8192,route-2.index,292,6456,5411,43280,35834,0,7446,32,16,32,0,48,38,320,0,544,15,43280,23,0,0,0,0
raw-bit,string-binary-variable,8192,route-3.index,20,1056,378,3020,2510,0,510,8,16,32,0,32,3,32,0,544,11,3020,4,0,0,0,0
raw-bit,string-binary-variable,8192,route-4.index,2,696,38,302,256,0,46,8,16,32,0,32,1,16,0,544,9,302,3,0,0,0,0
raw-bit,string-prefix-fixed,8192,native-0.kv,2048,37968,37542,300334,13072,262144,25118,144,40,16,0,0,0,0,0,224,2,38190,138,128,0,0,0
raw-bit,string-prefix-fixed,8192,native-1.kv,2048,37968,37542,300334,13072,262144,25118,144,40,16,0,0,0,0,0,224,2,38190,138,128,0,0,0
raw-bit,string-prefix-fixed,8192,native-2.kv,4096,72936,72343,578741,15125,524288,39328,248,88,32,0,0,0,0,0,224,1,54453,275,128,0,0,0
raw-bit,string-prefix-fixed,8192,native-3.kv,0,248,0,0,0,0,0,0,8,16,0,0,0,0,0,224,0,0,1,128,0,0,0
raw-bit,string-prefix-fixed,8192,route-0.index,0,5312,0,0,0,0,0,0,16,32,0,336,0,4384,0,544,0,0,2,0,0,0,0
raw-bit,string-prefix-fixed,8192,route-1.index,274,4352,1022,8170,3880,0,4290,24,16,32,0,192,35,2480,0,544,7,8170,21,0,0,0,0
raw-bit,string-prefix-fixed,8192,route-2.index,292,2280,1235,9872,4998,0,4874,32,16,32,0,48,38,320,0,544,15,9872,23,0,0,0,0
raw-bit,string-prefix-fixed,8192,route-3.index,20,808,131,1041,675,0,366,8,16,32,0,32,3,32,0,544,10,1041,4,0,0,0,0
raw-bit,string-prefix-fixed,8192,route-4.index,2,704,41,327,291,0,36,8,16,32,0,32,1,16,0,544,14,327,3,0,0,0,0
raw-bit,string-prefix-variable,8192,native-0.kv,2048,540016,539466,4315728,13072,4234416,68240,248,56,16,0,0,0,0,0,224,6,4315728,138,0,0,0,0
raw-bit,string-prefix-variable,8192,native-1.kv,2048,539832,539284,4314268,13072,4232920,68276,248,56,16,0,0,0,0,0,224,4,4314268,138,0,0,0,0
raw-bit,string-prefix-variable,8192,native-2.kv,4096,1054248,1053394,8427145,15125,8287104,124916,488,104,32,0,0,0,0,0,224,6,8427145,275,0,0,0,0
raw-bit,string-prefix-variable,8192,native-3.kv,0,248,0,0,0,0,0,0,8,16,0,0,0,0,0,224,0,0,1,0,0,0,0
raw-bit,string-prefix-variable,8192,route-0.index,0,5312,0,0,0,0,0,0,16,32,0,336,0,4384,0,544,0,0,2,0,0,0,0
raw-bit,string-prefix-variable,8192,route-1.index,274,4352,1022,8170,3880,0,4290,24,16,32,0,192,35,2480,0,544,7,8170,21,0,0,0,0
raw-bit,string-prefix-variable,8192,route-2.index,292,2280,1235,9872,4998,0,4874,32,16,32,0,48,38,320,0,544,15,9872,23,0,0,0,0
raw-bit,string-prefix-variable,8192,route-3.index,20,808,131,1041,675,0,366,8,16,32,0,32,3,32,0,544,10,1041,4,0,0,0,0
raw-bit,string-prefix-variable,8192,route-4.index,2,704,41,327,291,0,36,8,16,32,0,32,1,16,0,544,14,327,3,0,0,0,0
typed-byte,integer-ordered-fixed,8192,native-0.kv,2048,22944,22567,180536,16696,131072,32768,88,48,16,0,0,0,0,0,224,1,6183,138,64,2048,40,6223
typed-byte,integer-ordered-fixed,8192,native-1.kv,2048,22944,22567,180536,16696,131072,32768,88,48,16,0,0,0,0,0,224,1,6183,138,64,2048,8,6191
typed-byte,integer-ordered-fixed,8192,native-2.kv,4096,45616,45095,360760,33080,262144,65536,176,88,32,0,0,0,0,0,224,1,12327,275,64,4096,8,12335
typed-byte,integer-ordered-fixed,8192,native-3.kv,0,248,0,0,0,0,0,0,8,16,0,0,0,0,0,224,0,0,1,64,0,0,0
typed-byte,integer-ordered-fixed,8192,route-0.index,0,5312,0,0,0,0,0,0,16,32,0,336,0,4384,0,544,0,0,2,0,0,0,0
typed-byte,integer-ordered-fixed,8192,route-1.index,274,4184,861,6888,2504,0,4384,16,16,32,0,192,35,2480,0,544,8,861,21,0,274,8,869
typed-byte,integer-ordered-fixed,8192,route-2.index,292,1984,954,7632,2960,0,4672,16,16,32,0,48,38,320,0,544,16,954,23,0,292,19,973
typed-byte,integer-ordered-fixed,8192,route-3.index,20,760,87,696,376,0,320,8,16,32,0,32,3,32,0,544,6,87,4,0,20,9,96
typed-byte,integer-ordered-fixed,8192,route-4.index,2,672,15,120,88,0,32,8,16,32,0,32,1,16,0,544,8,15,3,0,2,9,24
typed-byte,integer-ordered-variable,8192,native-0.kv,2048,544672,544178,4353424,16696,4275080,61648,192,56,16,0,0,0,0,0,224,6,544178,138,0,2048,40,6223
typed-byte,integer-ordered-variable,8192,native-1.kv,2048,544472,543982,4351856,16696,4273648,61512,192,56,16,0,0,0,0,0,224,2,543982,138,0,2048,8,6191
typed-byte,integer-ordered-variable,8192,native-2.kv,4096,1066192,1065444,8523552,33080,8367928,122544,384,104,32,0,0,0,0,0,224,4,1065444,275,0,4096,8,12335
typed-byte,integer-ordered-variable,8192,native-3.kv,0,248,0,0,0,0,0,0,8,16,0,0,0,0,0,224,0,0,1,0,0,0,0
typed-byte,integer-ordered-variable,8192,route-0.index,0,5312,0,0,0,0,0,0,16,32,0,336,0,4384,0,544,0,0,2,0,0,0,0
typed-byte,integer-ordered-variable,8192,route-1.index,274,4184,861,6888,2504,0,4384,16,16,32,0,192,35,2480,0,544,8,861,21,0,274,8,869
typed-byte,integer-ordered-variable,8192,route-2.index,292,1984,954,7632,2960,0,4672,16,16,32,0,48,38,320,0,544,16,954,23,0,292,19,973
typed-byte,integer-ordered-variable,8192,route-3.index,20,760,87,696,376,0,320,8,16,32,0,32,3,32,0,544,6,87,4,0,20,9,96
typed-byte,integer-ordered-variable,8192,route-4.index,2,672,15,120,88,0,32,8,16,32,0,32,1,16,0,544,8,15,3,0,2,9,24
typed-byte,integer-random-fixed,8192,native-0.kv,2048,35488,35073,280584,116744,131072,32768,128,40,16,0,0,0,0,0,224,7,18689,138,64,2048,50,18739
typed-byte,integer-random-fixed,8192,native-1.kv,2048,35488,35073,280584,116744,131072,32768,128,40,16,0,0,0,0,0,224,7,18689,138,64,2048,55,18744
typed-byte,integer-random-fixed,8192,native-2.kv,4096,70368,69792,558336,230656,262144,65536,248,72,32,0,0,0,0,0,224,0,37024,275,64,4096,105,37129
typed-byte,integer-random-fixed,8192,native-3.kv,0,248,0,0,0,0,0,0,8,16,0,0,0,0,0,224,0,0,1,64,0,0,0
typed-byte,integer-random-fixed,8192,route-0.index,0,5312,0,0,0,0,0,0,16,32,0,336,0,4384,0,544,0,0,2,0,0,0,0
typed-byte,integer-random-fixed,8192,route-1.index,274,6040,2711,21688,17304,0,4384,24,16,32,0,192,35,2480,0,544,6,2711,21,0,274,10,2721
typed-byte,integer-random-fixed,8192,route-2.index,292,3968,2922,23376,18704,0,4672,32,16,32,0,48,38,320,0,544,16,2922,23,0,292,16,2938
typed-byte,integer-random-fixed,8192,route-3.index,20,880,201,1608,1288,0,320,8,16,32,0,32,3,32,0,544,12,201,4,0,20,2,203
typed-byte,integer-random-fixed,8192,route-4.index,2,680,21,168,136,0,32,8,16,32,0,32,1,16,0,544,10,21,3,0,2,2,23
typed-byte,integer-random-variable,8192,native-0.kv,2048,549624,549135,4393080,116744,4215024,61312,192,56,16,0,0,0,0,0,224,1,549135,138,0,2048,50,18739
typed-byte,integer-random-variable,8192,native-1.kv,2048,552368,551878,4415024,116744,4236864,61416,192,56,16,0,0,0,0,0,224,2,551878,138,0,2048,55,18744
typed-byte,integer-random-variable,8192,native-2.kv,4096,1103048,1102300,8818400,230656,8464768,122976,384,104,32,0,0,0,0,0,224,4,1102300,275,0,4096,105,37129
typed-byte,integer-random-variable,8192,native-3.kv,0,248,0,0,0,0,0,0,8,16,0,0,0,0,0,224,0,0,1,0,0,0,0
typed-byte,integer-random-variable,8192,route-0.index,0,5312,0,0,0,0,0,0,16,32,0,336,0,4384,0,544,0,0,2,0,0,0,0
typed-byte,integer-random-variable,8192,route-1.index,274,6040,2711,21688,17304,0,4384,24,16,32,0,192,35,2480,0,544,6,2711,21,0,274,10,2721
typed-byte,integer-random-variable,8192,route-2.index,292,3968,2922,23376,18704,0,4672,32,16,32,0,48,38,320,0,544,16,2922,23,0,292,16,2938
typed-byte,integer-random-variable,8192,route-3.index,20,880,201,1608,1288,0,320,8,16,32,0,32,3,32,0,544,12,201,4,0,20,2,203
typed-byte,integer-random-variable,8192,route-4.index,2,680,21,168,136,0,32,8,16,32,0,32,1,16,0,544,10,21,3,0,2,2,23
typed-byte,string-structured-fixed,8192,native-0.kv,2048,56672,56236,449888,122208,278528,49152,144,48,16,0,0,0,0,0,224,4,56236,138,0,2048,1,19373
typed-byte,string-structured-fixed,8192,native-1.kv,2048,56672,56236,449888,122208,278528,49152,144,48,16,0,0,0,0,0,224,4,56236,138,0,2048,1,19373
typed-byte,string-structured-fixed,8192,native-2.kv,4096,112168,111533,892264,236904,557056,98304,280,96,32,0,0,0,0,0,224,3,111533,275,0,4096,1,37806
typed-byte,string-structured-fixed,8192,native-3.kv,0,248,0,0,0,0,0,0,8,16,0,0,0,0,0,224,0,0,1,0,0,0,0
typed-byte,string-structured-fixed,8192,route-0.index,0,5312,0,0,0,0,0,0,16,32,0,336,0,4384,0,544,0,0,2,0,0,0,0
typed-byte,string-structured-fixed,8192,route-1.index,274,6192,2861,22888,18504,0,4384,24,16,32,0,192,35,2480,0,544,8,2861,21,0,274,1,2862
typed-byte,string-structured-fixed,8192,route-2.index,292,4208,3162,25296,20624,0,4672,32,16,32,0,48,38,320,0,544,16,3162,23,0,292,2,3164
typed-byte,string-structured-fixed,8192,route-3.index,20,936,258,2064,1744,0,320,8,16,32,0,32,3,32,0,544,11,258,4,0,20,1,259
typed-byte,string-structured-fixed,8192,route-4.index,2,712,54,432,400,0,32,8,16,32,0,32,1,16,0,544,9,54,3,0,2,1,55
typed-byte,string-structured-variable,8192,native-0.kv,2048,554816,554326,4434608,122208,4250800,61600,192,56,16,0,0,0,0,0,224,2,554326,138,0,2048,1,19373
typed-byte,string-structured-variable,8192,native-1.kv,2048,554616,554122,4432976,122208,4249304,61464,192,56,16,0,0,0,0,0,224,6,554122,138,0,2048,1,19373
typed-byte,string-structured-variable,8192,native-2.kv,4096,1085656,1084909,8679272,236904,8319872,122496,384,104,32,0,0,0,0,0,224,3,1084909,275,0,4096,1,37806
typed-byte,string-structured-variable,8192,native-3.kv,0,248,0,0,0,0,0,0,8,16,0,0,0,0,0,224,0,0,1,0,0,0,0
typed-byte,string-structured-variable,8192,route-0.index,0,5312,0,0,0,0,0,0,16,32,0,336,0,4384,0,544,0,0,2,0,0,0,0
typed-byte,string-structured-variable,8192,route-1.index,274,6192,2861,22888,18504,0,4384,24,16,32,0,192,35,2480,0,544,8,2861,21,0,274,1,2862
typed-byte,string-structured-variable,8192,route-2.index,292,4208,3162,25296,20624,0,4672,32,16,32,0,48,38,320,0,544,16,3162,23,0,292,2,3164
typed-byte,string-structured-variable,8192,route-3.index,20,936,258,2064,1744,0,320,8,16,32,0,32,3,32,0,544,11,258,4,0,20,1,259
typed-byte,string-structured-variable,8192,route-4.index,2,712,54,432,400,0,32,8,16,32,0,32,1,16,0,544,9,54,3,0,2,1,55
typed-byte,string-binary-fixed,8192,native-0.kv,2048,72384,71937,575496,247816,278528,49152,160,40,16,0,0,0,0,0,224,7,71937,138,0,2048,102,35175
typed-byte,string-binary-fixed,8192,native-1.kv,2048,72384,71937,575496,247816,278528,49152,160,40,16,0,0,0,0,0,224,7,71937,138,0,2048,120,35193
typed-byte,string-binary-fixed,8192,native-2.kv,4096,144160,143520,1148160,492800,557056,98304,312,72,32,0,0,0,0,0,224,0,143520,275,0,4096,230,70022
typed-byte,string-binary-fixed,8192,native-3.kv,0,248,0,0,0,0,0,0,8,16,0,0,0,0,0,224,0,0,1,0,0,0,0
typed-byte,string-binary-fixed,8192,route-0.index,0,5312,0,0,0,0,0,0,16,32,0,336,0,4384,0,544,0,0,2,0,0,0,0
typed-byte,string-binary-fixed,8192,route-1.index,274,8232,4903,39224,34840,0,4384,24,16,32,0,192,35,2480,0,544,6,4903,21,0,274,22,4925
typed-byte,string-binary-fixed,8192,route-2.index,292,6304,5258,42064,37392,0,4672,32,16,32,0,48,38,320,0,544,16,5258,23,0,292,21,5279
typed-byte,string-binary-fixed,8192,route-3.index,20,1040,361,2888,2568,0,320,8,16,32,0,32,3,32,0,544,12,361,4,0,20,3,364
typed-byte,string-binary-fixed,8192,route-4.index,2,696,37,296,264,0,32,8,16,32,0,32,1,16,0,544,10,37,3,0,2,2,39
typed-byte,string-binary-variable,8192,native-0.kv,2048,562968,562480,4499840,247816,4190752,61272,192,56,16,0,0,0,0,0,224,0,562480,138,0,2048,102,35175
typed-byte,string-binary-variable,8192,native-1.kv,2048,565728,565233,4521864,247816,4212648,61400,192,56,16,0,0,0,0,0,224,7,565233,138,0,2048,120,35193
typed-byte,string-binary-variable,8192,native-2.kv,4096,1129784,1129033,9032264,492800,8416576,122888,416,72,32,0,0,0,0,0,224,7,1129033,275,0,4096,230,70022
typed-byte,string-binary-variable,8192,native-3.kv,0,248,0,0,0,0,0,0,8,16,0,0,0,0,0,224,0,0,1,0,0,0,0
typed-byte,string-binary-variable,8192,route-0.index,0,5312,0,0,0,0,0,0,16,32,0,336,0,4384,0,544,0,0,2,0,0,0,0
typed-byte,string-binary-variable,8192,route-1.index,274,8232,4903,39224,34840,0,4384,24,16,32,0,192,35,2480,0,544,6,4903,21,0,274,22,4925
typed-byte,string-binary-variable,8192,route-2.index,292,6304,5258,42064,37392,0,4672,32,16,32,0,48,38,320,0,544,16,5258,23,0,292,21,5279
typed-byte,string-binary-variable,8192,route-3.index,20,1040,361,2888,2568,0,320,8,16,32,0,32,3,32,0,544,12,361,4,0,20,3,364
typed-byte,string-binary-variable,8192,route-4.index,2,696,37,296,264,0,32,8,16,32,0,32,1,16,0,544,10,37,3,0,2,2,39
typed-byte,string-prefix-fixed,8192,native-0.kv,2048,44376,43948,351584,23904,278528,49152,144,40,16,0,0,0,0,0,224,4,43948,138,0,2048,1,7085
typed-byte,string-prefix-fixed,8192,native-1.kv,2048,44376,43948,351584,23904,278528,49152,144,40,16,0,0,0,0,0,224,4,43948,138,0,2048,1,7085
typed-byte,string-prefix-fixed,8192,native-2.kv,4096,87576,86957,695656,40296,557056,98304,280,80,32,0,0,0,0,0,224,3,86957,275,0,4096,1,13230
typed-byte,string-prefix-fixed,8192,native-3.kv,0,248,0,0,0,0,0,0,8,16,0,0,0,0,0,224,0,0,1,0,0,0,0
typed-byte,string-prefix-fixed,8192,route-0.index,0,5312,0,0,0,0,0,0,16,32,0,336,0,4384,0,544,0,0,2,0,0,0,0
typed-byte,string-prefix-fixed,8192,route-1.index,274,4544,1217,9736,5352,0,4384,16,16,32,0,192,35,2480,0,544,12,1217,21,0,274,1,1218
typed-byte,string-prefix-fixed,8192,route-2.index,292,2440,1410,11280,6608,0,4672,16,16,32,0,48,38,320,0,544,16,1410,23,0,292,2,1412
typed-byte,string-prefix-fixed,8192,route-3.index,20,816,138,1104,784,0,320,8,16,32,0,32,3,32,0,544,11,138,4,0,20,1,139
typed-byte,string-prefix-fixed,8192,route-4.index,2,704,42,336,304,0,32,8,16,32,0,32,1,16,0,544,13,42,3,0,2,1,43
typed-byte,string-prefix-variable,8192,native-0.kv,2048,542528,542038,4336304,23904,4250800,61600,192,56,16,0,0,0,0,0,224,2,542038,138,0,2048,1,7085
typed-byte,string-prefix-variable,8192,native-1.kv,2048,542328,541834,4334672,23904,4249304,61464,192,56,16,0,0,0,0,0,224,6,541834,138,0,2048,1,7085
typed-byte,string-prefix-variable,8192,native-2.kv,4096,1061080,1060333,8482664,40296,8319872,122496,384,104,32,0,0,0,0,0,224,3,1060333,275,0,4096,1,13230
typed-byte,string-prefix-variable,8192,native-3.kv,0,248,0,0,0,0,0,0,8,16,0,0,0,0,0,224,0,0,1,0,0,0,0
typed-byte,string-prefix-variable,8192,route-0.index,0,5312,0,0,0,0,0,0,16,32,0,336,0,4384,0,544,0,0,2,0,0,0,0
typed-byte,string-prefix-variable,8192,route-1.index,274,4544,1217,9736,5352,0,4384,16,16,32,0,192,35,2480,0,544,12,1217,21,0,274,1,1218
typed-byte,string-prefix-variable,8192,route-2.index,292,2440,1410,11280,6608,0,4672,16,16,32,0,48,38,320,0,544,16,1410,23,0,292,2,1412
typed-byte,string-prefix-variable,8192,route-3.index,20,816,138,1104,784,0,320,8,16,32,0,32,3,32,0,544,11,138,4,0,20,1,139
typed-byte,string-prefix-variable,8192,route-4.index,2,704,42,336,304,0,32,8,16,32,0,32,1,16,0,544,13,42,3,0,2,1,43
typed-bit,integer-ordered-fixed,8192,native-0.kv,2048,33608,33059,264466,131072,131072,2322,160,56,16,0,0,0,0,17,288,12,133394,138,64,0,0,0
typed-bit,integer-ordered-fixed,8192,native-1.kv,2048,33608,33059,264466,131072,131072,2322,160,56,16,0,0,0,0,17,288,12,133394,138,64,0,0,0
typed-bit,integer-ordered-fixed,8192,native-2.kv,4096,66880,66117,528932,262144,262144,4644,312,104,32,0,0,0,0,17,288,10,266788,275,64,0,0,0
typed-bit,integer-ordered-fixed,8192,native-3.kv,0,320,0,0,0,0,0,0,8,16,0,0,0,0,8,288,0,0,1,64,0,0,0
typed-bit,integer-ordered-fixed,8192,route-0.index,0,5312,0,0,0,0,0,0,16,32,0,336,0,4384,0,544,0,0,2,0,0,0,0
typed-bit,integer-ordered-fixed,8192,route-1.index,274,3992,658,5264,1932,0,3332,24,16,32,0,192,35,2480,0,544,11,5264,21,0,0,0,0
typed-bit,integer-ordered-fixed,8192,route-2.index,292,1848,799,6386,2364,0,4022,32,16,32,0,48,38,320,0,544,19,6386,23,0,0,0,0
typed-bit,integer-ordered-fixed,8192,route-3.index,20,744,69,546,262,0,284,8,16,32,0,32,3,32,0,544,8,546,4,0,0,0,0
typed-bit,integer-ordered-fixed,8192,route-4.index,2,672,14,106,78,0,28,8,16,32,0,32,1,16,0,544,9,106,3,0,0,0,0
typed-bit,integer-ordered-variable,8192,native-0.kv,2048,550480,549846,4398764,131072,4265370,2322,248,56,16,0,0,0,0,17,288,9,4398764,138,0,0,0,0
typed-bit,integer-ordered-variable,8192,native-1.kv,2048,550288,549655,4397236,131072,4263842,2322,248,56,16,0,0,0,0,17,288,8,4397236,138,0,0,0,0
typed-bit,integer-ordered-variable,8192,native-2.kv,4096,1077832,1076894,8615152,262144,8348364,4644,488,104,32,0,0,0,0,17,288,9,8615152,275,0,0,0,0
typed-bit,integer-ordered-variable,8192,native-3.kv,0,320,0,0,0,0,0,0,8,16,0,0,0,0,8,288,0,0,1,0,0,0,0
typed-bit,integer-ordered-variable,8192,route-0.index,0,5312,0,0,0,0,0,0,16,32,0,336,0,4384,0,544,0,0,2,0,0,0,0
typed-bit,integer-ordered-variable,8192,route-1.index,274,3992,658,5264,1932,0,3332,24,16,32,0,192,35,2480,0,544,11,5264,21,0,0,0,0
typed-bit,integer-ordered-variable,8192,route-2.index,292,1848,799,6386,2364,0,4022,32,16,32,0,48,38,320,0,544,19,6386,23,0,0,0,0
typed-bit,integer-ordered-variable,8192,route-3.index,20,744,69,546,262,0,284,8,16,32,0,32,3,32,0,544,8,546,4,0,0,0,0
typed-bit,integer-ordered-variable,8192,route-4.index,2,672,14,106,78,0,28,8,16,32,0,32,1,16,0,544,9,106,3,0,0,0,0
typed-bit,integer-random-fixed,8192,native-0.kv,2048,33608,33059,264466,131072,131072,2322,160,56,16,0,0,0,0,17,288,12,133394,138,64,0,0,0
typed-bit,integer-random-fixed,8192,native-1.kv,2048,33608,33059,264466,131072,131072,2322,160,56,16,0,0,0,0,17,288,12,133394,138,64,0,0,0
typed-bit,integer-random-fixed,8192,native-2.kv,4096,66880,66117,528932,262144,262144,4644,312,104,32,0,0,0,0,17,288,10,266788,275,64,0,0,0
typed-bit,integer-random-fixed,8192,native-3.kv,0,320,0,0,0,0,0,0,8,16,0,0,0,0,8,288,0,0,1,64,0,0,0
typed-bit,integer-random-fixed,8192,route-0.index,0,5312,0,0,0,0,0,0,16,32,0,336,0,4384,0,544,0,0,2,0,0,0,0
typed-bit,integer-random-fixed,8192,route-1.index,274,6064,2725,21797,15843,0,5954,32,16,32,0,192,35,2480,0,544,8,21797,21,0,0,0,0
typed-bit,integer-random-fixed,8192,route-2.index,292,3984,2937,23486,17148,0,6338,32,16,32,0,48,38,320,0,544,17,23486,23,0,0,0,0
typed-bit,integer-random-fixed,8192,route-3.index,20,888,209,1665,1231,0,434,8,16,32,0,32,3,32,0,544,12,1665,4,0,0,0,0
typed-bit,integer-random-fixed,8192,route-4.index,2,680,22,169,129,0,40,8,16,32,0,32,1,16,0,544,9,169,3,0,0,0,0
typed-bit,integer-random-variable,8192,native-0.kv,2048,542952,542315,4338520,131072,4205126,2322,248,56,16,0,0,0,0,17,288,12,4338520,138,0,0,0,0
typed-bit,integer-random-variable,8192,native-1.kv,2048,545688,545050,4360394,131072,4227000,2322,248,56,16,0,0,0,0,17,288,13,4360394,138,0,0,0,0
typed-bit,integer-random-variable,8192,native-2.kv,4096,1089968,1089030,8712238,262144,8445450,4644,488,104,32,0,0,0,0,17,288,9,8712238,275,0,0,0,0
typed-bit,integer-random-variable,8192,native-3.kv,0,320,0,0,0,0,0,0,8,16,0,0,0,0,8,288,0,0,1,0,0,0,0
typed-bit,integer-random-variable,8192,route-0.index,0,5312,0,0,0,0,0,0,16,32,0,336,0,4384,0,544,0,0,2,0,0,0,0
typed-bit,integer-random-variable,8192,route-1.index,274,6064,2725,21797,15843,0,5954,32,16,32,0,192,35,2480,0,544,8,21797,21,0,0,0,0
typed-bit,integer-random-variable,8192,route-2.index,292,3984,2937,23486,17148,0,6338,32,16,32,0,48,38,320,0,544,17,23486,23,0,0,0,0
typed-bit,integer-random-variable,8192,route-3.index,20,888,209,1665,1231,0,434,8,16,32,0,32,3,32,0,544,12,1665,4,0,0,0,0
typed-bit,integer-random-variable,8192,route-4.index,2,680,22,169,129,0,40,8,16,32,0,32,1,16,0,544,9,169,3,0,0,0,0
typed-bit,string-structured-fixed,8192,native-0.kv,2048,55544,54998,439978,111376,282624,45978,176,40,16,0,0,0,0,17,288,9,157354,138,138,0,0,0
typed-bit,string-structured-fixed,8192,native-1.kv,2048,55544,54998,439978,111376,282624,45978,176,40,16,0,0,0,0,17,288,9,157354,138,138,0,0,0
typed-bit,string-structured-fixed,8192,native-2.kv,4096,109368,108605,868837,211733,565248,91856,344,72,32,0,0,0,0,17,288,10,303589,275,138,0,0,0
typed-bit,string-structured-fixed,8192,native-3.kv,0,320,0,0,0,0,0,0,8,16,0,0,0,0,8,288,0,0,1,0,0,0,0
typed-bit,string-structured-fixed,8192,route-0.index,0,5312,0,0,0,0,0,0,16,32,0,336,0,4384,0,544,0,0,2,0,0,0,0
typed-bit,string-structured-fixed,8192,route-1.index,274,6272,2930,23435,17033,0,6402,32,16,32,0,192,35,2480,0,544,11,23435,21,0,0,0,0
typed-bit,string-structured-fixed,8192,route-2.index,292,4312,3268,26134,19016,0,7118,32,16,32,0,48,38,320,0,544,14,26134,23,0,0,0,0
typed-bit,string-structured-fixed,8192,route-3.index,20,944,269,2150,1636,0,514,8,16,32,0,32,3,32,0,544,8,2150,4,0,0,0,0
typed-bit,string-structured-fixed,8192,route-4.index,2,712,54,432,388,0,44,8,16,32,0,32,1,16,0,544,9,432,3,0,0,0,0
typed-bit,string-structured-variable,8192,native-0.kv,2048,553736,553097,4424772,111376,4267418,45978,248,56,16,0,0,0,0,17,288,14,4424772,138,0,0,0,0
typed-bit,string-structured-variable,8192,native-1.kv,2048,553544,552906,4423244,111376,4265890,45978,248,56,16,0,0,0,0,17,288,13,4423244,138,0,0,0,0
typed-bit,string-structured-variable,8192,native-2.kv,4096,1082944,1082007,8656049,211733,8352460,91856,488,104,32,0,0,0,0,17,288,8,8656049,275,0,0,0,0
typed-bit,string-structured-variable,8192,native-3.kv,0,320,0,0,0,0,0,0,8,16,0,0,0,0,8,288,0,0,1,0,0,0,0
typed-bit,string-structured-variable,8192,route-0.index,0,5312,0,0,0,0,0,0,16,32,0,336,0,4384,0,544,0,0,2,0,0,0,0
typed-bit,string-structured-variable,8192,route-1.index,274,6272,2930,23435,17033,0,6402,32,16,32,0,192,35,2480,0,544,11,23435,21,0,0,0,0
typed-bit,string-structured-variable,8192,route-2.index,292,4312,3268,26134,19016,0,7118,32,16,32,0,48,38,320,0,544,14,26134,23,0,0,0,0
typed-bit,string-structured-variable,8192,route-3.index,20,944,269,2150,1636,0,514,8,16,32,0,32,3,32,0,544,8,2150,4,0,0,0,0
typed-bit,string-structured-variable,8192,route-4.index,2,712,54,432,388,0,44,8,16,32,0,32,1,16,0,544,9,432,3,0,0,0,0
typed-bit,string-binary-fixed,8192,native-0.kv,2048,72840,72279,578229,243187,282624,52418,192,40,16,0,0,0,0,17,288,8,295605,138,138,0,0,0
typed-bit,string-binary-fixed,8192,native-1.kv,2048,72848,72282,578256,243214,282624,52418,192,40,16,0,0,0,0,17,288,13,295632,138,138,0,0,0
typed-bit,string-binary-fixed,8192,native-2.kv,4096,144592,143792,1150336,480170,565248,104918,384,72,32,0,0,0,0,17,288,7,585088,275,138,0,0,0
typed-bit,string-binary-fixed,8192,native-3.kv,0,320,0,0,0,0,0,0,8,16,0,0,0,0,8,288,0,0,1,0,0,0,0
typed-bit,string-binary-fixed,8192,route-0.index,0,5312,0,0,0,0,0,0,16,32,0,336,0,4384,0,544,0,0,2,0,0,0,0
typed-bit,string-binary-fixed,8192,route-1.index,274,8392,5049,40391,33379,0,7012,32,16,32,0,192,35,2480,0,544,12,40391,21,0,0,0,0
typed-bit,string-binary-fixed,8192,route-2.index,292,6456,5414,43300,35836,0,7464,32,16,32,0,48,38,320,0,544,12,43300,23,0,0,0,0
typed-bit,string-binary-fixed,8192,route-3.index,20,1056,378,3021,2511,0,510,8,16,32,0,32,3,32,0,544,11,3021,4,0,0,0,0
typed-bit,string-binary-fixed,8192,route-4.index,2,696,38,303,257,0,46,8,16,32,0,32,1,16,0,544,9,303,3,0,0,0,0
typed-bit,string-binary-variable,8192,native-0.kv,2048,563480,562848,4502779,243187,4207174,52418,248,56,16,0,0,0,0,17,288,7,4502779,138,0,0,0,0
typed-bit,string-binary-variable,8192,native-1.kv,2048,566224,565585,4524680,243214,4229048,52418,264,40,16,0,0,0,0,17,288,14,4524680,138,0,0,0,0
typed-bit,string-binary-variable,8192,native-2.kv,4096,1130272,1129330,9034634,480170,8449546,104918,520,72,32,0,0,0,0,17,288,13,9034634,275,0,0,0,0
typed-bit,string-binary-variable,8192,native-3.kv,0,320,0,0,0,0,0,0,8,16,0,0,0,0,8,288,0,0,1,0,0,0,0
typed-bit,string-binary-variable,8192,route-0.index,0,5312,0,0,0,0,0,0,16,32,0,336,0,4384,0,544,0,0,2,0,0,0,0
typed-bit,string-binary-variable,8192,route-1.index,274,8392,5049,40391,33379,0,7012,32,16,32,0,192,35,2480,0,544,12,40391,21,0,0,0,0
typed-bit,string-binary-variable,8192,route-2.index,292,6456,5414,43300,35836,0,7464,32,16,32,0,48,38,320,0,544,12,43300,23,0,0,0,0
typed-bit,string-binary-variable,8192,route-3.index,20,1056,378,3021,2511,0,510,8,16,32,0,32,3,32,0,544,11,3021,4,0,0,0,0
typed-bit,string-binary-variable,8192,route-4.index,2,696,38,303,257,0,46,8,16,32,0,32,1,16,0,544,9,303,3,0,0,0,0
typed-bit,string-prefix-fixed,8192,native-0.kv,2048,40632,40116,320926,13072,282624,25230,144,40,16,0,0,0,0,17,288,11,38302,138,138,0,0,0
typed-bit,string-prefix-fixed,8192,native-1.kv,2048,40632,40116,320926,13072,282624,25230,144,40,16,0,0,0,0,17,288,11,38302,138,138,0,0,0
typed-bit,string-prefix-fixed,8192,native-2.kv,4096,78160,77477,619813,15125,565248,39440,248,88,32,0,0,0,0,17,288,10,54565,275,138,0,0,0
typed-bit,string-prefix-fixed,8192,native-3.kv,0,320,0,0,0,0,0,0,8,16,0,0,0,0,8,288,0,0,1,0,0,0,0
typed-bit,string-prefix-fixed,8192,route-0.index,0,5312,0,0,0,0,0,0,16,32,0,336,0,4384,0,544,0,0,2,0,0,0,0
typed-bit,string-prefix-fixed,8192,route-1.index,274,4352,1022,8171,3881,0,4290,24,16,32,0,192,35,2480,0,544,7,8171,21,0,0,0,0
typed-bit,string-prefix-fixed,8192,route-2.index,292,2280,1235,9874,5000,0,4874,32,16,32,0,48,38,320,0,544,15,9874,23,0,0,0,0
typed-bit,string-prefix-fixed,8192,route-3.index,20,808,131,1042,676,0,366,8,16,32,0,32,3,32,0,544,10,1042,4,0,0,0,0
typed-bit,string-prefix-fixed,8192,route-4.index,2,704,41,328,292,0,36,8,16,32,0,32,1,16,0,544,14,328,3,0,0,0,0
typed-bit,string-prefix-variable,8192,native-0.kv,2048,538848,538215,4305720,13072,4267418,25230,248,56,16,0,0,0,0,17,288,8,4305720,138,0,0,0,0
typed-bit,string-prefix-variable,8192,native-1.kv,2048,538656,538024,4304192,13072,4265890,25230,248,56,16,0,0,0,0,17,288,7,4304192,138,0,0,0,0
typed-bit,string-prefix-variable,8192,native-2.kv,4096,1051816,1050879,8407025,15125,8352460,39440,488,104,32,0,0,0,0,17,288,8,8407025,275,0,0,0,0
typed-bit,string-prefix-variable,8192,native-3.kv,0,320,0,0,0,0,0,0,8,16,0,0,0,0,8,288,0,0,1,0,0,0,0
typed-bit,string-prefix-variable,8192,route-0.index,0,5312,0,0,0,0,0,0,16,32,0,336,0,4384,0,544,0,0,2,0,0,0,0
typed-bit,string-prefix-variable,8192,route-1.index,274,4352,1022,8171,3881,0,4290,24,16,32,0,192,35,2480,0,544,7,8171,21,0,0,0,0
typed-bit,string-prefix-variable,8192,route-2.index,292,2280,1235,9874,5000,0,4874,32,16,32,0,48,38,320,0,544,15,9874,23,0,0,0,0
typed-bit,string-prefix-variable,8192,route-3.index,20,808,131,1042,676,0,366,8,16,32,0,32,3,32,0,544,10,1042,4,0,0,0,0
typed-bit,string-prefix-variable,8192,route-4.index,2,704,41,328,292,0,36,8,16,32,0,32,1,16,0,544,14,328,3,0,0,0,0
typed-byte-known,integer-ordered-fixed,8192,native-0.kv,2048,22944,22567,180536,16696,131072,32768,88,48,16,0,0,0,0,0,224,1,6183,138,64,2048,40,6223
typed-byte-known,integer-ordered-fixed,8192,native-1.kv,2048,22944,22567,180536,16696,131072,32768,88,48,16,0,0,0,0,0,224,1,6183,138,64,2048,8,6191
typed-byte-known,integer-ordered-fixed,8192,native-2.kv,4096,45616,45095,360760,33080,262144,65536,176,88,32,0,0,0,0,0,224,1,12327,275,64,4096,8,12335
typed-byte-known,integer-ordered-fixed,8192,native-3.kv,0,248,0,0,0,0,0,0,8,16,0,0,0,0,0,224,0,0,1,64,0,0,0
typed-byte-known,integer-ordered-fixed,8192,route-0.index,0,5312,0,0,0,0,0,0,16,32,0,336,0,4384,0,544,0,0,2,0,0,0,0
typed-byte-known,integer-ordered-fixed,8192,route-1.index,274,4184,861,6888,2504,0,4384,16,16,32,0,192,35,2480,0,544,8,861,21,0,274,8,869
typed-byte-known,integer-ordered-fixed,8192,route-2.index,292,1984,954,7632,2960,0,4672,16,16,32,0,48,38,320,0,544,16,954,23,0,292,19,973
typed-byte-known,integer-ordered-fixed,8192,route-3.index,20,760,87,696,376,0,320,8,16,32,0,32,3,32,0,544,6,87,4,0,20,9,96
typed-byte-known,integer-ordered-fixed,8192,route-4.index,2,672,15,120,88,0,32,8,16,32,0,32,1,16,0,544,8,15,3,0,2,9,24
typed-byte-known,integer-ordered-variable,8192,native-0.kv,2048,544672,544178,4353424,16696,4275080,61648,192,56,16,0,0,0,0,0,224,6,544178,138,0,2048,40,6223
typed-byte-known,integer-ordered-variable,8192,native-1.kv,2048,544472,543982,4351856,16696,4273648,61512,192,56,16,0,0,0,0,0,224,2,543982,138,0,2048,8,6191
typed-byte-known,integer-ordered-variable,8192,native-2.kv,4096,1066192,1065444,8523552,33080,8367928,122544,384,104,32,0,0,0,0,0,224,4,1065444,275,0,4096,8,12335
typed-byte-known,integer-ordered-variable,8192,native-3.kv,0,248,0,0,0,0,0,0,8,16,0,0,0,0,0,224,0,0,1,0,0,0,0
typed-byte-known,integer-ordered-variable,8192,route-0.index,0,5312,0,0,0,0,0,0,16,32,0,336,0,4384,0,544,0,0,2,0,0,0,0
typed-byte-known,integer-ordered-variable,8192,route-1.index,274,4184,861,6888,2504,0,4384,16,16,32,0,192,35,2480,0,544,8,861,21,0,274,8,869
typed-byte-known,integer-ordered-variable,8192,route-2.index,292,1984,954,7632,2960,0,4672,16,16,32,0,48,38,320,0,544,16,954,23,0,292,19,973
typed-byte-known,integer-ordered-variable,8192,route-3.index,20,760,87,696,376,0,320,8,16,32,0,32,3,32,0,544,6,87,4,0,20,9,96
typed-byte-known,integer-ordered-variable,8192,route-4.index,2,672,15,120,88,0,32,8,16,32,0,32,1,16,0,544,8,15,3,0,2,9,24
typed-byte-known,integer-random-fixed,8192,native-0.kv,2048,35488,35073,280584,116744,131072,32768,128,40,16,0,0,0,0,0,224,7,18689,138,64,2048,50,18739
typed-byte-known,integer-random-fixed,8192,native-1.kv,2048,35488,35073,280584,116744,131072,32768,128,40,16,0,0,0,0,0,224,7,18689,138,64,2048,55,18744
typed-byte-known,integer-random-fixed,8192,native-2.kv,4096,70368,69792,558336,230656,262144,65536,248,72,32,0,0,0,0,0,224,0,37024,275,64,4096,105,37129
typed-byte-known,integer-random-fixed,8192,native-3.kv,0,248,0,0,0,0,0,0,8,16,0,0,0,0,0,224,0,0,1,64,0,0,0
typed-byte-known,integer-random-fixed,8192,route-0.index,0,5312,0,0,0,0,0,0,16,32,0,336,0,4384,0,544,0,0,2,0,0,0,0
typed-byte-known,integer-random-fixed,8192,route-1.index,274,6040,2711,21688,17304,0,4384,24,16,32,0,192,35,2480,0,544,6,2711,21,0,274,10,2721
typed-byte-known,integer-random-fixed,8192,route-2.index,292,3968,2922,23376,18704,0,4672,32,16,32,0,48,38,320,0,544,16,2922,23,0,292,16,2938
typed-byte-known,integer-random-fixed,8192,route-3.index,20,880,201,1608,1288,0,320,8,16,32,0,32,3,32,0,544,12,201,4,0,20,2,203
typed-byte-known,integer-random-fixed,8192,route-4.index,2,680,21,168,136,0,32,8,16,32,0,32,1,16,0,544,10,21,3,0,2,2,23
typed-byte-known,integer-random-variable,8192,native-0.kv,2048,549624,549135,4393080,116744,4215024,61312,192,56,16,0,0,0,0,0,224,1,549135,138,0,2048,50,18739
typed-byte-known,integer-random-variable,8192,native-1.kv,2048,552368,551878,4415024,116744,4236864,61416,192,56,16,0,0,0,0,0,224,2,551878,138,0,2048,55,18744
typed-byte-known,integer-random-variable,8192,native-2.kv,4096,1103048,1102300,8818400,230656,8464768,122976,384,104,32,0,0,0,0,0,224,4,1102300,275,0,4096,105,37129
typed-byte-known,integer-random-variable,8192,native-3.kv,0,248,0,0,0,0,0,0,8,16,0,0,0,0,0,224,0,0,1,0,0,0,0
typed-byte-known,integer-random-variable,8192,route-0.index,0,5312,0,0,0,0,0,0,16,32,0,336,0,4384,0,544,0,0,2,0,0,0,0
typed-byte-known,integer-random-variable,8192,route-1.index,274,6040,2711,21688,17304,0,4384,24,16,32,0,192,35,2480,0,544,6,2711,21,0,274,10,2721
typed-byte-known,integer-random-variable,8192,route-2.index,292,3968,2922,23376,18704,0,4672,32,16,32,0,48,38,320,0,544,16,2922,23,0,292,16,2938
typed-byte-known,integer-random-variable,8192,route-3.index,20,880,201,1608,1288,0,320,8,16,32,0,32,3,32,0,544,12,201,4,0,20,2,203
typed-byte-known,integer-random-variable,8192,route-4.index,2,680,21,168,136,0,32,8,16,32,0,32,1,16,0,544,10,21,3,0,2,2,23
typed-byte-known,string-structured-fixed,8192,native-0.kv,2048,54600,54188,433504,122208,278528,32768,128,40,16,0,0,0,0,0,224,4,19372,138,136,2048,1,19373
typed-byte-known,string-structured-fixed,8192,native-1.kv,2048,54600,54188,433504,122208,278528,32768,128,40,16,0,0,0,0,0,224,4,19372,138,136,2048,1,19373
typed-byte-known,string-structured-fixed,8192,native-2.kv,4096,108016,107437,859496,236904,557056,65536,248,72,32,0,0,0,0,0,224,3,37805,275,136,4096,1,37806
typed-byte-known,string-structured-fixed,8192,native-3.kv,0,248,0,0,0,0,0,0,8,16,0,0,0,0,0,224,0,0,1,136,0,0,0
typed-byte-known,string-structured-fixed,8192,route-0.index,0,5312,0,0,0,0,0,0,16,32,0,336,0,4384,0,544,0,0,2,0,0,0,0
typed-byte-known,string-structured-fixed,8192,route-1.index,274,6192,2861,22888,18504,0,4384,24,16,32,0,192,35,2480,0,544,8,2861,21,0,274,1,2862
typed-byte-known,string-structured-fixed,8192,route-2.index,292,4208,3162,25296,20624,0,4672,32,16,32,0,48,38,320,0,544,16,3162,23,0,292,2,3164
typed-byte-known,string-structured-fixed,8192,route-3.index,20,936,258,2064,1744,0,320,8,16,32,0,32,3,32,0,544,11,258,4,0,20,1,259
typed-byte-known,string-structured-fixed,8192,route-4.index,2,712,54,432,400,0,32,8,16,32,0,32,1,16,0,544,9,54,3,0,2,1,55
typed-byte-known,string-structured-variable,8192,native-0.kv,2048,554816,554326,4434608,122208,4250800,61600,192,56,16,0,0,0,0,0,224,2,554326,138,0,2048,1,19373
typed-byte-known,string-structured-variable,8192,native-1.kv,2048,554616,554122,4432976,122208,4249304,61464,192,56,16,0,0,0,0,0,224,6,554122,138,0,2048,1,19373
typed-byte-known,string-structured-variable,8192,native-2.kv,4096,1085656,1084909,8679272,236904,8319872,122496,384,104,32,0,0,0,0,0,224,3,1084909,275,0,4096,1,37806
typed-byte-known,string-structured-variable,8192,native-3.kv,0,248,0,0,0,0,0,0,8,16,0,0,0,0,0,224,0,0,1,0,0,0,0
typed-byte-known,string-structured-variable,8192,route-0.index,0,5312,0,0,0,0,0,0,16,32,0,336,0,4384,0,544,0,0,2,0,0,0,0
typed-byte-known,string-structured-variable,8192,route-1.index,274,6192,2861,22888,18504,0,4384,24,16,32,0,192,35,2480,0,544,8,2861,21,0,274,1,2862
typed-byte-known,string-structured-variable,8192,route-2.index,292,4208,3162,25296,20624,0,4672,32,16,32,0,48,38,320,0,544,16,3162,23,0,292,2,3164
typed-byte-known,string-structured-variable,8192,route-3.index,20,936,258,2064,1744,0,320,8,16,32,0,32,3,32,0,544,11,258,4,0,20,1,259
typed-byte-known,string-structured-variable,8192,route-4.index,2,712,54,432,400,0,32,8,16,32,0,32,1,16,0,544,9,54,3,0,2,1,55
typed-byte-known,string-binary-fixed,8192,native-0.kv,2048,70320,69889,559112,247816,278528,32768,128,56,16,0,0,0,0,0,224,7,35073,138,136,2048,102,35175
typed-byte-known,string-binary-fixed,8192,native-1.kv,2048,70320,69889,559112,247816,278528,32768,128,56,16,0,0,0,0,0,224,7,35073,138,136,2048,120,35193
typed-byte-known,string-binary-fixed,8192,native-2.kv,4096,140032,139424,1115392,492800,557056,65536,248,104,32,0,0,0,0,0,224,0,69792,275,136,4096,230,70022
typed-byte-known,string-binary-fixed,8192,native-3.kv,0,248,0,0,0,0,0,0,8,16,0,0,0,0,0,224,0,0,1,136,0,0,0
typed-byte-known,string-binary-fixed,8192,route-0.index,0,5312,0,0,0,0,0,0,16,32,0,336,0,4384,0,544,0,0,2,0,0,0,0
typed-byte-known,string-binary-fixed,8192,route-1.index,274,8232,4903,39224,34840,0,4384,24,16,32,0,192,35,2480,0,544,6,4903,21,0,274,22,4925
typed-byte-known,string-binary-fixed,8192,route-2.index,292,6304,5258,42064,37392,0,4672,32,16,32,0,48,38,320,0,544,16,5258,23,0,292,21,5279
typed-byte-known,string-binary-fixed,8192,route-3.index,20,1040,361,2888,2568,0,320,8,16,32,0,32,3,32,0,544,12,361,4,0,20,3,364
typed-byte-known,string-binary-fixed,8192,route-4.index,2,696,37,296,264,0,32,8,16,32,0,32,1,16,0,544,10,37,3,0,2,2,39
typed-byte-known,string-binary-variable,8192,native-0.kv,2048,562968,562480,4499840,247816,4190752,61272,192,56,16,0,0,0,0,0,224,0,562480,138,0,2048,102,35175
typed-byte-known,string-binary-variable,8192,native-1.kv,2048,565728,565233,4521864,247816,4212648,61400,192,56,16,0,0,0,0,0,224,7,565233,138,0,2048,120,35193
typed-byte-known,string-binary-variable,8192,native-2.kv,4096,1129784,1129033,9032264,492800,8416576,122888,416,72,32,0,0,0,0,0,224,7,1129033,275,0,4096,230,70022
typed-byte-known,string-binary-variable,8192,native-3.kv,0,248,0,0,0,0,0,0,8,16,0,0,0,0,0,224,0,0,1,0,0,0,0
typed-byte-known,string-binary-variable,8192,route-0.index,0,5312,0,0,0,0,0,0,16,32,0,336,0,4384,0,544,0,0,2,0,0,0,0
typed-byte-known,string-binary-variable,8192,route-1.index,274,8232,4903,39224,34840,0,4384,24,16,32,0,192,35,2480,0,544,6,4903,21,0,274,22,4925
typed-byte-known,string-binary-variable,8192,route-2.index,292,6304,5258,42064,37392,0,4672,32,16,32,0,48,38,320,0,544,16,5258,23,0,292,21,5279
typed-byte-known,string-binary-variable,8192,route-3.index,20,1040,361,2888,2568,0,320,8,16,32,0,32,3,32,0,544,12,361,4,0,20,3,364
typed-byte-known,string-binary-variable,8192,route-4.index,2,696,37,296,264,0,32,8,16,32,0,32,1,16,0,544,10,37,3,0,2,2,39
typed-byte-known,string-prefix-fixed,8192,native-0.kv,2048,42280,41900,335200,23904,278528,32768,88,48,16,0,0,0,0,0,224,4,7084,138,136,2048,1,7085
typed-byte-known,string-prefix-fixed,8192,native-1.kv,2048,42280,41900,335200,23904,278528,32768,88,48,16,0,0,0,0,0,224,4,7084,138,136,2048,1,7085
typed-byte-known,string-prefix-fixed,8192,native-2.kv,4096,83384,82861,662888,40296,557056,65536,176,88,32,0,0,0,0,0,224,3,13229,275,136,4096,1,13230
typed-byte-known,string-prefix-fixed,8192,native-3.kv,0,248,0,0,0,0,0,0,8,16,0,0,0,0,0,224,0,0,1,136,0,0,0
typed-byte-known,string-prefix-fixed,8192,route-0.index,0,5312,0,0,0,0,0,0,16,32,0,336,0,4384,0,544,0,0,2,0,0,0,0
typed-byte-known,string-prefix-fixed,8192,route-1.index,274,4544,1217,9736,5352,0,4384,16,16,32,0,192,35,2480,0,544,12,1217,21,0,274,1,1218
typed-byte-known,string-prefix-fixed,8192,route-2.index,292,2440,1410,11280,6608,0,4672,16,16,32,0,48,38,320,0,544,16,1410,23,0,292,2,1412
typed-byte-known,string-prefix-fixed,8192,route-3.index,20,816,138,1104,784,0,320,8,16,32,0,32,3,32,0,544,11,138,4,0,20,1,139
typed-byte-known,string-prefix-fixed,8192,route-4.index,2,704,42,336,304,0,32,8,16,32,0,32,1,16,0,544,13,42,3,0,2,1,43
typed-byte-known,string-prefix-variable,8192,native-0.kv,2048,542528,542038,4336304,23904,4250800,61600,192,56,16,0,0,0,0,0,224,2,542038,138,0,2048,1,7085
typed-byte-known,string-prefix-variable,8192,native-1.kv,2048,542328,541834,4334672,23904,4249304,61464,192,56,16,0,0,0,0,0,224,6,541834,138,0,2048,1,7085
typed-byte-known,string-prefix-variable,8192,native-2.kv,4096,1061080,1060333,8482664,40296,8319872,122496,384,104,32,0,0,0,0,0,224,3,1060333,275,0,4096,1,13230
typed-byte-known,string-prefix-variable,8192,native-3.kv,0,248,0,0,0,0,0,0,8,16,0,0,0,0,0,224,0,0,1,0,0,0,0
typed-byte-known,string-prefix-variable,8192,route-0.index,0,5312,0,0,0,0,0,0,16,32,0,336,0,4384,0,544,0,0,2,0,0,0,0
typed-byte-known,string-prefix-variable,8192,route-1.index,274,4544,1217,9736,5352,0,4384,16,16,32,0,192,35,2480,0,544,12,1217,21,0,274,1,1218
typed-byte-known,string-prefix-variable,8192,route-2.index,292,2440,1410,11280,6608,0,4672,16,16,32,0,48,38,320,0,544,16,1410,23,0,292,2,1412
typed-byte-known,string-prefix-variable,8192,route-3.index,20,816,138,1104,784,0,320,8,16,32,0,32,3,32,0,544,11,138,4,0,20,1,139
typed-byte-known,string-prefix-variable,8192,route-4.index,2,704,42,336,304,0,32,8,16,32,0,32,1,16,0,544,13,42,3,0,2,1,43
raw-byte,integer-ordered-fixed,32768,native-0.kv,8192,91032,90246,721968,66608,524288,131072,344,168,48,0,0,0,0,0,224,2,24710,548,64,8192,135,24845
raw-byte,integer-ordered-fixed,32768,native-1.kv,8192,91032,90246,721968,66608,524288,131072,344,168,48,0,0,0,0,0,224,2,24710,548,64,8192,7,24717
raw-byte,integer-ordered-fixed,32768,native-2.kv,16384,181688,180358,1442864,132144,1048576,262144,688,336,80,0,0,0,0,0,224,2,49286,1094,64,16384,7,49293
raw-byte,integer-ordered-fixed,32768,native-3.kv,0,248,0,0,0,0,0,0,8,16,0,0,0,0,0,224,0,0,1,64,0,0,0
raw-byte,integer-ordered-fixed,32768,route-0.index,0,19328,0,0,0,0,0,0,16,32,0,1248,0,17488,0,544,0,0,2,0,0,0,0
raw-byte,integer-ordered-fixed,32768,route-1.index,1093,14824,3413,27304,9816,0,17488,48,32,32,0,704,137,9904,0,544,10,3413,75,0,1093,7,3420
raw-byte,integer-ordered-fixed,32768,route-2.index,1166,5928,3766,30128,11472,0,18656,56,32,32,0,96,147,1248,0,544,7,3766,81,0,1166,23,3789
raw-byte,integer-ordered-fixed,32768,route-3.index,78,1064,318,2544,1296,0,1248,8,16,32,0,32,10,96,0,544,8,318,8,0,78,8,326
raw-byte,integer-ordered-fixed,32768,route-4.index,6,688,30,240,144,0,96,8,16,32,0,32,1,16,0,544,9,30,3,0,6,8,38
raw-byte,integer-ordered-variable,32768,native-0.kv,8192,2135280,2134044,17072352,66608,16760088,245656,760,200,48,0,0,0,0,0,224,4,2134044,548,0,8192,135,24845
raw-byte,integer-ordered-variable,32768,native-1.kv,8192,2146320,2145086,17160688,66608,16848400,245680,760,200,48,0,0,0,0,0,224,2,2145086,548,0,8192,7,24717
raw-byte,integer-ordered-variable,32768,native-2.kv,16384,4265632,4263410,34107280,132144,33484040,491096,1512,400,80,0,0,0,0,0,224,6,4263410,1094,0,16384,7,49293
raw-byte,integer-ordered-variable,32768,native-3.kv,0,248,0,0,0,0,0,0,8,16,0,0,0,0,0,224,0,0,1,0,0,0,0
raw-byte,integer-ordered-variable,32768,route-0.index,0,19328,0,0,0,0,0,0,16,32,0,1248,0,17488,0,544,0,0,2,0,0,0,0
raw-byte,integer-ordered-variable,32768,route-1.index,1093,14824,3413,27304,9816,0,17488,48,32,32,0,704,137,9904,0,544,10,3413,75,0,1093,7,3420
raw-byte,integer-ordered-variable,32768,route-2.index,1166,5928,3766,30128,11472,0,18656,56,32,32,0,96,147,1248,0,544,7,3766,81,0,1166,23,3789
raw-byte,integer-ordered-variable,32768,route-3.index,78,1064,318,2544,1296,0,1248,8,16,32,0,32,10,96,0,544,8,318,8,0,78,8,326
raw-byte,integer-ordered-variable,32768,route-4.index,6,688,30,240,144,0,96,8,16,32,0,32,1,16,0,544,9,30,3,0,6,8,38
raw-byte,integer-random-fixed,32768,native-0.kv,8192,140416,139515,1116120,460760,524288,131072,480,144,48,0,0,0,0,0,224,5,73979,548,64,8192,222,74201
raw-byte,integer-random-fixed,32768,native-1.kv,8192,140416,139515,1116120,460760,524288,131072,480,144,48,0,0,0,0,0,224,5,73979,548,64,8192,239,74218
raw-byte,integer-random-fixed,32768,native-2.kv,16384,278520,276974,2215792,905072,1048576,262144,960,280,80,0,0,0,0,0,224,2,145902,1094,64,16384,450,146352
raw-byte,integer-random-fixed,32768,native-3.kv,0,248,0,0,0,0,0,0,8,16,0,0,0,0,0,224,0,0,1,64,0,0,0
raw-byte,integer-random-fixed,32768,route-0.index,0,19328,0,0,0,0,0,0,16,32,0,1248,0,17488,0,544,0,0,2,0,0,0,0
raw-byte,integer-random-fixed,32768,route-1.index,1093,21528,10093,80744,63256,0,17488,72,32,32,0,704,137,9904,0,544,10,10093,75,0,1093,31,10124
raw-byte,integer-random-fixed,32768,route-2.index,1166,13200,11006,88048,69392,0,18656,80,32,32,0,96,147,1248,0,544,15,11006,81,0,1166,24,11030
raw-byte,integer-random-fixed,32768,route-3.index,78,1528,780,6240,4992,0,1248,8,16,32,0,32,10,96,0,544,10,780,8,0,78,1,781
raw-byte,integer-random-fixed,32768,route-4.index,6,720,60,480,384,0,96,8,16,32,0,32,1,16,0,544,11,60,3,0,6,1,61
raw-byte,integer-random-variable,32768,native-0.kv,8192,2189864,2188622,17508976,460760,16802120,246096,760,208,48,0,0,0,0,0,224,2,2188622,548,0,8192,222,74201
raw-byte,integer-random-variable,32768,native-1.kv,8192,2187632,2186388,17491104,460760,16784992,245352,760,208,48,0,0,0,0,0,224,4,2186388,548,0,8192,239,74218
raw-byte,integer-random-variable,32768,native-2.kv,16384,4364912,4362684,34901472,905072,33505416,490984,1512,408,80,0,0,0,0,0,224,4,4362684,1094,0,16384,450,146352
raw-byte,integer-random-variable,32768,native-3.kv,0,248,0,0,0,0,0,0,8,16,0,0,0,0,0,224,0,0,1,0,0,0,0
raw-byte,integer-random-variable,32768,route-0.index,0,19328,0,0,0,0,0,0,16,32,0,1248,0,17488,0,544,0,0,2,0,0,0,0
raw-byte,integer-random-variable,32768,route-1.index,1093,21528,10093,80744,63256,0,17488,72,32,32,0,704,137,9904,0,544,10,10093,75,0,1093,31,10124
raw-byte,integer-random-variable,32768,route-2.index,1166,13200,11006,88048,69392,0,18656,80,32,32,0,96,147,1248,0,544,15,11006,81,0,1166,24,11030
raw-byte,integer-random-variable,32768,route-3.index,78,1528,780,6240,4992,0,1248,8,16,32,0,32,10,96,0,544,10,780,8,0,78,1,781
raw-byte,integer-random-variable,32768,route-4.index,6,720,60,480,384,0,96,8,16,32,0,32,1,16,0,544,11,60,3,0,6,1,61
raw-byte,string-structured-fixed,32768,native-0.kv,8192,209368,208470,1667760,488112,1048576,131072,480,144,48,0,0,0,0,0,224,2,77398,548,128,8192,0,77398
raw-byte,string-structured-fixed,32768,native-1.kv,8192,209368,208470,1667760,488112,1048576,131072,480,144,48,0,0,0,0,0,224,2,77398,548,128,8192,0,77398
raw-byte,string-structured-fixed,32768,native-2.kv,16384,414824,413270,3306160,946864,2097152,262144,960,288,80,0,0,0,0,0,224,2,151126,1094,128,16384,0,151126
raw-byte,string-structured-fixed,32768,native-3.kv,0,248,0,0,0,0,0,0,8,16,0,0,0,0,0,224,0,0,1,128,0,0,0
raw-byte,string-structured-fixed,32768,route-0.index,0,19328,0,0,0,0,0,0,16,32,0,1248,0,17488,0,544,0,0,2,0,0,0,0
raw-byte,string-structured-fixed,32768,route-1.index,1093,22760,11323,90584,73096,0,17488,72,32,32,0,704,137,9904,0,544,12,11323,75,0,1093,0,11323
raw-byte,string-structured-fixed,32768,route-2.index,1166,14632,12446,99568,80912,0,18656,80,32,32,0,96,147,1248,0,544,7,12446,81,0,1166,0,12446
raw-byte,string-structured-fixed,32768,route-3.index,78,1672,923,7384,6136,0,1248,8,16,32,0,32,10,96,0,544,11,923,8,0,78,0,923
raw-byte,string-structured-fixed,32768,route-4.index,6,760,104,832,736,0,96,8,16,32,0,32,1,16,0,544,7,104,3,0,6,0,104
raw-byte,string-structured-variable,32768,native-0.kv,8192,2187976,2186732,17493856,488112,16760088,245656,760,208,48,0,0,0,0,0,224,4,2186732,548,0,8192,0,77398
raw-byte,string-structured-variable,32768,native-1.kv,8192,2199016,2197774,17582192,488112,16848400,245680,760,208,48,0,0,0,0,0,224,2,2197774,548,0,8192,0,77398
raw-byte,string-structured-variable,32768,native-2.kv,16384,4367480,4365250,34922000,946864,33484040,491096,1512,408,80,0,0,0,0,0,224,6,4365250,1094,0,16384,0,151126
raw-byte,string-structured-variable,32768,native-3.kv,0,248,0,0,0,0,0,0,8,16,0,0,0,0,0,224,0,0,1,0,0,0,0
raw-byte,string-structured-variable,32768,route-0.index,0,19328,0,0,0,0,0,0,16,32,0,1248,0,17488,0,544,0,0,2,0,0,0,0
raw-byte,string-structured-variable,32768,route-1.index,1093,22760,11323,90584,73096,0,17488,72,32,32,0,704,137,9904,0,544,12,11323,75,0,1093,0,11323
raw-byte,string-structured-variable,32768,route-2.index,1166,14632,12446,99568,80912,0,18656,80,32,32,0,96,147,1248,0,544,7,12446,81,0,1166,0,12446
raw-byte,string-structured-variable,32768,route-3.index,78,1672,923,7384,6136,0,1248,8,16,32,0,32,10,96,0,544,11,923,8,0,78,0,923
raw-byte,string-structured-variable,32768,route-4.index,6,760,104,832,736,0,96,8,16,32,0,32,1,16,0,544,7,104,3,0,6,0,104
raw-byte,string-binary-fixed,32768,native-0.kv,8192,271552,270587,2164696,985048,1048576,131072,480,208,48,0,0,0,0,0,224,5,139515,548,128,8192,492,140007
raw-byte,string-binary-fixed,32768,native-1.kv,8192,271552,270587,2164696,985048,1048576,131072,480,208,48,0,0,0,0,0,224,5,139515,548,128,8192,482,139997
raw-byte,string-binary-fixed,32768,native-2.kv,16384,540792,539118,4312944,1953648,2097152,262144,960,408,80,0,0,0,0,0,224,2,276974,1094,128,16384,959,277933
raw-byte,string-binary-fixed,32768,native-3.kv,0,248,0,0,0,0,0,0,8,16,0,0,0,0,0,224,0,0,1,128,0,0,0
raw-byte,string-binary-fixed,32768,route-0.index,0,19328,0,0,0,0,0,0,16,32,0,1248,0,17488,0,544,0,0,2,0,0,0,0
raw-byte,string-binary-fixed,32768,route-1.index,1093,30280,18837,150696,133208,0,17488,72,40,32,0,704,137,9904,0,544,10,18837,75,0,1093,58,18895
raw-byte,string-binary-fixed,32768,route-2.index,1166,22528,20334,162672,144016,0,18656,80,32,32,0,96,147,1248,0,544,15,20334,81,0,1166,58,20392
raw-byte,string-binary-fixed,32768,route-3.index,78,2152,1404,11232,9984,0,1248,8,16,32,0,32,10,96,0,544,10,1404,8,0,78,7,1411
raw-byte,string-binary-fixed,32768,route-4.index,6,768,108,864,768,0,96,8,16,32,0,32,1,16,0,544,11,108,3,0,6,1,109
raw-byte,string-binary-variable,32768,native-0.kv,8192,2255400,2254158,18033264,985048,16802120,246096,824,144,48,0,0,0,0,0,224,2,2254158,548,0,8192,492,140007
raw-byte,string-binary-variable,32768,native-1.kv,8192,2253168,2251924,18015392,985048,16784992,245352,824,144,48,0,0,0,0,0,224,4,2251924,548,0,8192,482,139997
raw-byte,string-binary-variable,32768,native-2.kv,16384,4495992,4493756,35950048,1953648,33505416,490984,1648,280,80,0,0,0,0,0,224,4,4493756,1094,0,16384,959,277933
raw-byte,string-binary-variable,32768,native-3.kv,0,248,0,0,0,0,0,0,8,16,0,0,0,0,0,224,0,0,1,0,0,0,0
raw-byte,string-binary-variable,32768,route-0.index,0,19328,0,0,0,0,0,0,16,32,0,1248,0,17488,0,544,0,0,2,0,0,0,0
raw-byte,string-binary-variable,32768,route-1.index,1093,30280,18837,150696,133208,0,17488,72,40,32,0,704,137,9904,0,544,10,18837,75,0,1093,58,18895
raw-byte,string-binary-variable,32768,route-2.index,1166,22528,20334,162672,144016,0,18656,80,32,32,0,96,147,1248,0,544,15,20334,81,0,1166,58,20392
raw-byte,string-binary-variable,32768,route-3.index,78,2152,1404,11232,9984,0,1248,8,16,32,0,32,10,96,0,544,10,1404,8,0,78,7,1411
raw-byte,string-binary-variable,32768,route-4.index,6,768,108,864,768,0,96,8,16,32,0,32,1,16,0,544,11,108,3,0,6,1,109
raw-byte,string-prefix-fixed,32768,native-0.kv,8192,160120,159318,1274544,94896,1048576,131072,344,184,48,0,0,0,0,0,224,2,28246,548,128,8192,0,28246
raw-byte,string-prefix-fixed,32768,native-1.kv,8192,160120,159318,1274544,94896,1048576,131072,344,184,48,0,0,0,0,0,224,2,28246,548,128,8192,0,28246
raw-byte,string-prefix-fixed,32768,native-2.kv,16384,316304,314966,2519728,160432,2097152,262144,688,344,80,0,0,0,0,0,224,2,52822,1094,128,16384,0,52822
raw-byte,string-prefix-fixed,32768,native-3.kv,0,248,0,0,0,0,0,0,8,16,0,0,0,0,0,224,0,0,1,128,0,0,0
raw-byte,string-prefix-fixed,32768,route-0.index,0,19328,0,0,0,0,0,0,16,32,0,1248,0,17488,0,544,0,0,2,0,0,0,0
raw-byte,string-prefix-fixed,32768,route-1.index,1093,16184,4765,38120,20632,0,17488,56,32,32,0,704,137,9904,0,544,10,4765,75,0,1093,0,4765
raw-byte,string-prefix-fixed,32768,route-2.index,1166,7632,5450,43600,24944,0,18656,72,32,32,0,96,147,1248,0,544,11,5450,81,0,1166,0,5450
raw-byte,string-prefix-fixed,32768,route-3.index,78,1200,455,3640,2392,0,1248,8,16,32,0,32,10,96,0,544,7,455,8,0,78,0,455
raw-byte,string-prefix-fixed,32768,route-4.index,6,728,68,544,448,0,96,8,16,32,0,32,1,16,0,544,11,68,3,0,6,0,68
raw-byte,string-prefix-variable,32768,native-0.kv,8192,2138816,2137580,17100640,94896,16760088,245656,760,200,48,0,0,0,0,0,224,4,2137580,548,0,8192,0,28246
raw-byte,string-prefix-variable,32768,native-1.kv,8192,2149856,2148622,17188976,94896,16848400,245680,760,200,48,0,0,0,0,0,224,2,2148622,548,0,8192,0,28246
raw-byte,string-prefix-variable,32768,native-2.kv,16384,4269168,4266946,34135568,160432,33484040,491096,1512,400,80,0,0,0,0,0,224,6,4266946,1094,0,16384,0,52822
raw-byte,string-prefix-variable,32768,native-3.kv,0,248,0,0,0,0,0,0,8,16,0,0,0,0,0,224,0,0,1,0,0,0,0
raw-byte,string-prefix-variable,32768,route-0.index,0,19328,0,0,0,0,0,0,16,32,0,1248,0,17488,0,544,0,0,2,0,0,0,0
raw-byte,string-prefix-variable,32768,route-1.index,1093,16184,4765,38120,20632,0,17488,56,32,32,0,704,137,9904,0,544,10,4765,75,0,1093,0,4765
raw-byte,string-prefix-variable,32768,route-2.index,1166,7632,5450,43600,24944,0,18656,72,32,32,0,96,147,1248,0,544,11,5450,81,0,1166,0,5450
raw-byte,string-prefix-variable,32768,route-3.index,78,1200,455,3640,2392,0,1248,8,16,32,0,32,10,96,0,544,7,455,8,0,78,0,455
raw-byte,string-prefix-variable,32768,route-4.index,6,728,68,544,448,0,96,8,16,32,0,32,1,16,0,544,11,68,3,0,6,0,68
raw-bit,integer-ordered-fixed,32768,native-0.kv,8192,81480,80536,644283,32815,524288,87180,480,192,48,0,0,0,0,0,224,0,119995,548,64,0,0,0
raw-bit,integer-ordered-fixed,32768,native-1.kv,8192,81480,80536,644283,32815,524288,87180,480,192,48,0,0,0,0,0,224,0,119995,548,64,0,0,0
raw-bit,integer-ordered-fixed,32768,native-2.kv,16384,155512,153922,1231375,41007,1048576,141792,960,320,80,0,0,0,0,0,224,6,182799,1094,64,0,0,0
raw-bit,integer-ordered-fixed,32768,native-3.kv,0,248,0,0,0,0,0,0,8,16,0,0,0,0,0,224,0,0,1,64,0,0,0
raw-bit,integer-ordered-fixed,32768,route-0.index,0,19328,0,0,0,0,0,0,16,32,0,1248,0,17488,0,544,0,0,2,0,0,0,0
raw-bit,integer-ordered-fixed,32768,route-1.index,1093,14056,2613,20898,7560,0,13338,80,32,32,0,704,137,9904,0,544,10,20898,75,0,0,0,0
raw-bit,integer-ordered-fixed,32768,route-2.index,1166,5352,3154,25228,9138,0,16090,88,32,32,0,96,147,1248,0,544,11,25228,81,0,0,0,0
raw-bit,integer-ordered-fixed,32768,route-3.index,78,1000,250,1993,877,0,1116,8,16,32,0,32,10,96,0,544,12,1993,8,0,0,0,0
raw-bit,integer-ordered-fixed,32768,route-4.index,6,688,28,221,133,0,88,8,16,32,0,32,1,16,0,544,11,221,3,0,0,0,0
raw-bit,integer-ordered-variable,32768,native-0.kv,8192,2132936,2131502,17052015,32815,16760088,259112,960,200,48,0,0,0,0,0,224,2,17052015,548,0,0,0,0
raw-bit,integer-ordered-variable,32768,native-1.kv,8192,2144016,2142578,17140623,32815,16848400,259408,960,200,48,0,0,0,0,0,224,6,17140623,548,0,0,0,0
raw-bit,integer-ordered-variable,32768,native-2.kv,16384,4253984,4251360,34010873,41007,33484040,485826,1920,400,80,0,0,0,0,0,224,0,34010873,1094,0,0,0,0
raw-bit,integer-ordered-variable,32768,native-3.kv,0,248,0,0,0,0,0,0,8,16,0,0,0,0,0,224,0,0,1,0,0,0,0
raw-bit,integer-ordered-variable,32768,route-0.index,0,19328,0,0,0,0,0,0,16,32,0,1248,0,17488,0,544,0,0,2,0,0,0,0
raw-bit,integer-ordered-variable,32768,route-1.index,1093,14056,2613,20898,7560,0,13338,80,32,32,0,704,137,9904,0,544,10,20898,75,0,0,0,0
raw-bit,integer-ordered-variable,32768,route-2.index,1166,5352,3154,25228,9138,0,16090,88,32,32,0,96,147,1248,0,544,11,25228,81,0,0,0,0
raw-bit,integer-ordered-variable,32768,route-3.index,78,1000,250,1993,877,0,1116,8,16,32,0,32,10,96,0,544,12,1993,8,0,0,0,0
raw-bit,integer-ordered-variable,32768,route-4.index,6,688,28,221,133,0,88,8,16,32,0,32,1,16,0,544,11,221,3,0,0,0,0
raw-bit,integer-random-fixed,32768,native-0.kv,8192,142912,141807,1134454,432136,524288,178030,688,144,48,0,0,0,0,0,224,1,610166,548,64,0,0,0
raw-bit,integer-random-fixed,32768,native-1.kv,8192,142920,141815,1134514,432192,524288,178034,688,144,48,0,0,0,0,0,224,1,610226,548,64,0,0,0
raw-bit,integer-random-fixed,32768,native-2.kv,16384,282424,280463,2243703,838623,1048576,356504,1368,288,80,0,0,0,0,0,224,1,1195127,1094,64,0,0,0
raw-bit,integer-random-fixed,32768,native-3.kv,0,248,0,0,0,0,0,0,8,16,0,0,0,0,0,224,0,0,1,64,0,0,0
raw-bit,integer-random-fixed,32768,route-0.index,0,19328,0,0,0,0,0,0,16,32,0,1248,0,17488,0,544,0,0,2,0,0,0,0
raw-bit,integer-random-fixed,32768,route-1.index,1093,22056,10597,84773,61023,0,23750,96,32,32,0,704,137,9904,0,544,10,84773,75,0,0,0,0
raw-bit,integer-random-fixed,32768,route-2.index,1166,13648,11435,91475,66159,0,25316,104,32,32,0,96,147,1248,0,544,10,91475,81,0,0,0,0
raw-bit,integer-random-fixed,32768,route-3.index,78,1544,793,6338,4650,0,1688,8,16,32,0,32,10,96,0,544,13,6338,8,0,0,0,0
raw-bit,integer-random-fixed,32768,route-4.index,6,728,65,514,378,0,136,8,16,32,0,32,1,16,0,544,14,514,3,0,0,0,0
raw-bit,integer-random-variable,32768,native-0.kv,8192,2199512,2198065,17584516,432136,16802120,350260,960,208,48,0,0,0,0,0,224,7,17584516,548,0,0,0,0
raw-bit,integer-random-variable,32768,native-1.kv,8192,2197344,2195899,17567190,432192,16784992,350006,960,208,48,0,0,0,0,0,224,5,17567190,548,0,0,0,0
raw-bit,integer-random-variable,32768,native-2.kv,16384,4383200,4380567,35044535,838623,33505416,700496,1920,408,80,0,0,0,0,0,224,1,35044535,1094,0,0,0,0
raw-bit,integer-random-variable,32768,native-3.kv,0,248,0,0,0,0,0,0,8,16,0,0,0,0,0,224,0,0,1,0,0,0,0
raw-bit,integer-random-variable,32768,route-0.index,0,19328,0,0,0,0,0,0,16,32,0,1248,0,17488,0,544,0,0,2,0,0,0,0
raw-bit,integer-random-variable,32768,route-1.index,1093,22056,10597,84773,61023,0,23750,96,32,32,0,704,137,9904,0,544,10,84773,75,0,0,0,0
raw-bit,integer-random-variable,32768,route-2.index,1166,13648,11435,91475,66159,0,25316,104,32,32,0,96,147,1248,0,544,10,91475,81,0,0,0,0
raw-bit,integer-random-variable,32768,route-3.index,78,1544,793,6338,4650,0,1688,8,16,32,0,32,10,96,0,544,13,6338,8,0,0,0,0
raw-bit,integer-random-variable,32768,route-4.index,6,728,65,514,378,0,136,8,16,32,0,32,1,16,0,544,14,514,3,0,0,0,0
raw-bit,string-structured-fixed,32768,native-0.kv,8192,210720,209608,1676857,444787,1048576,183494,688,152,48,0,0,0,0,0,224,0,628281,548,128,0,0,0
raw-bit,string-structured-fixed,32768,native-1.kv,8192,210720,209608,1676857,444787,1048576,183494,688,152,48,0,0,0,0,0,224,0,628281,548,128,0,0,0
raw-bit,string-structured-fixed,32768,native-2.kv,16384,415760,413793,3310341,846195,2097152,366994,1368,288,80,0,0,0,0,0,224,7,1213189,1094,128,0,0,0
raw-bit,string-structured-fixed,32768,native-3.kv,0,248,0,0,0,0,0,0,8,16,0,0,0,0,0,224,0,0,1,128,0,0,0
raw-bit,string-structured-fixed,32768,route-0.index,0,19328,0,0,0,0,0,0,16,32,0,1248,0,17488,0,544,0,0,2,0,0,0,0
raw-bit,string-structured-fixed,32768,route-1.index,1093,23056,11600,92798,67232,0,25566,96,32,32,0,704,137,9904,0,544,7,92798,75,0,0,0,0
raw-bit,string-structured-fixed,32768,route-2.index,1166,15088,12872,102963,74503,0,28460,104,32,32,0,96,147,1248,0,544,13,102963,81,0,0,0,0
raw-bit,string-structured-fixed,32768,route-3.index,78,1728,970,7755,5725,0,2030,16,16,32,0,32,10,96,0,544,12,7755,8,0,0,0,0
raw-bit,string-structured-fixed,32768,route-4.index,6,768,107,855,707,0,148,8,16,32,0,32,1,16,0,544,12,855,3,0,0,0,0
raw-bit,string-structured-variable,32768,native-0.kv,8192,2196480,2195038,17560301,444787,16760088,355426,960,208,48,0,0,0,0,0,224,2,17560301,548,0,0,0,0
raw-bit,string-structured-variable,32768,native-1.kv,8192,2207560,2206114,17648909,444787,16848400,355722,960,208,48,0,0,0,0,0,224,6,17648909,548,0,0,0,0
raw-bit,string-structured-variable,32768,native-2.kv,16384,4382792,4380158,35041263,846195,33484040,711028,1920,408,80,0,0,0,0,0,224,2,35041263,1094,0,0,0,0
raw-bit,string-structured-variable,32768,native-3.kv,0,248,0,0,0,0,0,0,8,16,0,0,0,0,0,224,0,0,1,0,0,0,0
raw-bit,string-structured-variable,32768,route-0.index,0,19328,0,0,0,0,0,0,16,32,0,1248,0,17488,0,544,0,0,2,0,0,0,0
raw-bit,string-structured-variable,32768,route-1.index,1093,23056,11600,92798,67232,0,25566,96,32,32,0,704,137,9904,0,544,7,92798,75,0,0,0,0
raw-bit,string-structured-variable,32768,route-2.index,1166,15088,12872,102963,74503,0,28460,104,32,32,0,96,147,1248,0,544,13,102963,81,0,0,0,0
raw-bit,string-structured-variable,32768,route-3.index,78,1728,970,7755,5725,0,2030,16,16,32,0,32,10,96,0,544,12,7755,8,0,0,0,0
raw-bit,string-structured-variable,32768,route-4.index,6,768,107,855,707,0,148,8,16,32,0,32,1,16,0,544,12,855,3,0,0,0,0
raw-bit,string-binary-fixed,32768,native-0.kv,8192,278016,276838,2214704,956424,1048576,209704,760,144,48,0,0,0,0,0,224,2,1166128,548,128,0,0,0
raw-bit,string-binary-fixed,32768,native-1.kv,8192,278024,276846,2214764,956480,1048576,209708,760,144,48,0,0,0,0,0,224,2,1166188,548,128,0,0,0
raw-bit,string-binary-fixed,32768,native-2.kv,16384,552624,550526,4404205,1887199,2097152,419854,1512,280,80,0,0,0,0,0,224,2,2307053,1094,128,0,0,0
raw-bit,string-binary-fixed,32768,native-3.kv,0,248,0,0,0,0,0,0,8,16,0,0,0,0,0,224,0,0,1,128,0,0,0
raw-bit,string-binary-fixed,32768,route-0.index,0,19328,0,0,0,0,0,0,16,32,0,1248,0,17488,0,544,0,0,2,0,0,0,0
raw-bit,string-binary-fixed,32768,route-1.index,1093,31336,19869,158951,130975,0,27976,104,32,32,0,704,137,9904,0,544,10,158951,75,0,0,0,0
raw-bit,string-binary-fixed,32768,route-2.index,1166,23560,21327,170605,140783,0,29822,120,32,32,0,96,147,1248,0,544,14,170605,81,0,0,0,0
raw-bit,string-binary-fixed,32768,route-3.index,78,2208,1454,11630,9642,0,1988,16,16,32,0,32,10,96,0,544,8,11630,8,0,0,0,0
raw-bit,string-binary-fixed,32768,route-4.index,6,776,115,920,762,0,158,8,16,32,0,32,1,16,0,544,12,920,3,0,0,0,0
raw-bit,string-binary-variable,32768,native-0.kv,8192,2269008,2267560,18140478,956424,16802120,381934,1032,144,48,0,0,0,0,0,224,0,18140478,548,0,0,0,0
raw-bit,string-binary-variable,32768,native-1.kv,8192,2266848,2265394,18123152,956480,16784992,381680,1032,144,48,0,0,0,0,0,224,6,18123152,548,0,0,0,0
raw-bit,string-binary-variable,32768,native-2.kv,16384,4522200,4519558,36156461,1887199,33505416,763846,2056,280,80,0,0,0,0,0,224,2,36156461,1094,0,0,0,0
raw-bit,string-binary-variable,32768,native-3.kv,0,248,0,0,0,0,0,0,8,16,0,0,0,0,0,224,0,0,1,0,0,0,0
raw-bit,string-binary-variable,32768,route-0.index,0,19328,0,0,0,0,0,0,16,32,0,1248,0,17488,0,544,0,0,2,0,0,0,0
raw-bit,string-binary-variable,32768,route-1.index,1093,31336,19869,158951,130975,0,27976,104,32,32,0,704,137,9904,0,544,10,158951,75,0,0,0,0
raw-bit,string-binary-variable,32768,route-2.index,1166,23560,21327,170605,140783,0,29822,120,32,32,0,96,147,1248,0,544,14,170605,81,0,0,0,0
raw-bit,string-binary-variable,32768,route-3.index,78,2208,1454,11630,9642,0,1988,16,16,32,0,32,10,96,0,544,8,11630,8,0,0,0,0
raw-bit,string-binary-variable,32768,route-4.index,6,776,115,920,762,0,158,8,16,32,0,32,1,16,0,544,12,920,3,0,0,0,0
raw-bit,string-prefix-fixed,32768,native-0.kv,8192,151056,150081,1200647,51571,1048576,100500,552,144,48,0,0,0,0,0,224,7,152071,548,128,0,0,0
raw-bit,string-prefix-fixed,32768,native-1.kv,8192,151056,150081,1200647,51571,1048576,100500,552,144,48,0,0,0,0,0,224,7,152071,548,128,0,0,0
raw-bit,string-prefix-fixed,32768,native-2.kv,16384,290896,289277,2314211,59763,2097152,157296,960,352,80,0,0,0,0,0,224,3,217059,1094,128,0,0,0
raw-bit,string-prefix-fixed,32768,native-3.kv,0,248,0,0,0,0,0,0,8,16,0,0,0,0,0,224,0,0,1,128,0,0,0
raw-bit,string-prefix-fixed,32768,route-0.index,0,19328,0,0,0,0,0,0,16,32,0,1248,0,17488,0,544,0,0,2,0,0,0,0
raw-bit,string-prefix-fixed,32768,route-1.index,1093,15440,3988,31898,14768,0,17130,80,40,32,0,704,137,9904,0,544,11,31898,75,0,0,0,0
raw-bit,string-prefix-fixed,32768,route-2.index,1166,6952,4753,38015,18535,0,19480,88,32,32,0,96,147,1248,0,544,12,38015,81,0,0,0,0
raw-bit,string-prefix-fixed,32768,route-3.index,78,1176,429,3427,1981,0,1446,8,16,32,0,32,10,96,0,544,9,3427,8,0,0,0,0
raw-bit,string-prefix-fixed,32768,route-4.index,6,728,68,539,419,0,120,8,16,32,0,32,1,16,0,544,11,539,3,0,0,0,0
raw-bit,string-prefix-variable,32768,native-0.kv,8192,2136944,2135512,17084091,51571,16760088,272432,960,200,48,0,0,0,0,0,224,0,17084091,548,0,0,0,0
raw-bit,string-prefix-variable,32768,native-1.kv,8192,2148024,2146588,17172699,51571,16848400,272728,960,200,48,0,0,0,0,0,224,4,17172699,548,0,0,0,0
raw-bit,string-prefix-variable,32768,native-2.kv,16384,4258272,4255642,34045133,59763,33484040,501330,1920,400,80,0,0,0,0,0,224,6,34045133,1094,0,0,0,0
raw-bit,string-prefix-variable,32768,native-3.kv,0,248,0,0,0,0,0,0,8,16,0,0,0,0,0,224,0,0,1,0,0,0,0
raw-bit,string-prefix-variable,32768,route-0.index,0,19328,0,0,0,0,0,0,16,32,0,1248,0,17488,0,544,0,0,2,0,0,0,0
raw-bit,string-prefix-variable,32768,route-1.index,1093,15440,3988,31898,14768,0,17130,80,40,32,0,704,137,9904,0,544,11,31898,75,0,0,0,0
raw-bit,string-prefix-variable,32768,route-2.index,1166,6952,4753,38015,18535,0,19480,88,32,32,0,96,147,1248,0,544,12,38015,81,0,0,0,0
raw-bit,string-prefix-variable,32768,route-3.index,78,1176,429,3427,1981,0,1446,8,16,32,0,32,10,96,0,544,9,3427,8,0,0,0,0
raw-bit,string-prefix-variable,32768,route-4.index,6,728,68,539,419,0,120,8,16,32,0,32,1,16,0,544,11,539,3,0,0,0,0
typed-byte,integer-ordered-fixed,32768,native-0.kv,8192,91032,90247,721976,66616,524288,131072,344,168,48,0,0,0,0,0,224,1,24711,548,64,8192,136,24847
typed-byte,integer-ordered-fixed,32768,native-1.kv,8192,91032,90247,721976,66616,524288,131072,344,168,48,0,0,0,0,0,224,1,24711,548,64,8192,8,24719
typed-byte,integer-ordered-fixed,32768,native-2.kv,16384,181688,180359,1442872,132152,1048576,262144,688,336,80,0,0,0,0,0,224,1,49287,1094,64,16384,8,49295
typed-byte,integer-ordered-fixed,32768,native-3.kv,0,248,0,0,0,0,0,0,8,16,0,0,0,0,0,224,0,0,1,64,0,0,0
typed-byte,integer-ordered-fixed,32768,route-0.index,0,19328,0,0,0,0,0,0,16,32,0,1248,0,17488,0,544,0,0,2,0,0,0,0
typed-byte,integer-ordered-fixed,32768,route-1.index,1093,14824,3414,27312,9824,0,17488,48,32,32,0,704,137,9904,0,544,9,3414,75,0,1093,8,3422
typed-byte,integer-ordered-fixed,32768,route-2.index,1166,5928,3768,30144,11488,0,18656,56,32,32,0,96,147,1248,0,544,5,3768,81,0,1166,25,3793
typed-byte,integer-ordered-fixed,32768,route-3.index,78,1064,319,2552,1304,0,1248,8,16,32,0,32,10,96,0,544,7,319,8,0,78,9,328
typed-byte,integer-ordered-fixed,32768,route-4.index,6,688,31,248,152,0,96,8,16,32,0,32,1,16,0,544,8,31,3,0,6,9,40
typed-byte,integer-ordered-variable,32768,native-0.kv,8192,2155592,2154357,17234856,66616,16922272,245968,760,200,48,0,0,0,0,0,224,3,2154357,548,0,8192,136,24847
typed-byte,integer-ordered-variable,32768,native-1.kv,8192,2166624,2165384,17323072,66616,17010536,245920,760,208,48,0,0,0,0,0,224,0,2165384,548,0,8192,8,24719
typed-byte,integer-ordered-variable,32768,native-2.kv,16384,4306224,4304008,34432064,132152,33808384,491528,1512,400,80,0,0,0,0,0,224,0,4304008,1094,0,16384,8,49295
typed-byte,integer-ordered-variable,32768,native-3.kv,0,248,0,0,0,0,0,0,8,16,0,0,0,0,0,224,0,0,1,0,0,0,0
typed-byte,integer-ordered-variable,32768,route-0.index,0,19328,0,0,0,0,0,0,16,32,0,1248,0,17488,0,544,0,0,2,0,0,0,0
typed-byte,integer-ordered-variable,32768,route-1.index,1093,14824,3414,27312,9824,0,17488,48,32,32,0,704,137,9904,0,544,9,3414,75,0,1093,8,3422
typed-byte,integer-ordered-variable,32768,route-2.index,1166,5928,3768,30144,11488,0,18656,56,32,32,0,96,147,1248,0,544,5,3768,81,0,1166,25,3793
typed-byte,integer-ordered-variable,32768,route-3.index,78,1064,319,2552,1304,0,1248,8,16,32,0,32,10,96,0,544,7,319,8,0,78,9,328
typed-byte,integer-ordered-variable,32768,route-4.index,6,688,31,248,152,0,96,8,16,32,0,32,1,16,0,544,8,31,3,0,6,9,40
typed-byte,integer-random-fixed,32768,native-0.kv,8192,140416,139516,1116128,460768,524288,131072,480,144,48,0,0,0,0,0,224,4,73980,548,64,8192,223,74203
typed-byte,integer-random-fixed,32768,native-1.kv,8192,140416,139516,1116128,460768,524288,131072,480,144,48,0,0,0,0,0,224,4,73980,548,64,8192,240,74220
typed-byte,integer-random-fixed,32768,native-2.kv,16384,278520,276975,2215800,905080,1048576,262144,960,280,80,0,0,0,0,0,224,1,145903,1094,64,16384,451,146354
typed-byte,integer-random-fixed,32768,native-3.kv,0,248,0,0,0,0,0,0,8,16,0,0,0,0,0,224,0,0,1,64,0,0,0
typed-byte,integer-random-fixed,32768,route-0.index,0,19328,0,0,0,0,0,0,16,32,0,1248,0,17488,0,544,0,0,2,0,0,0,0
typed-byte,integer-random-fixed,32768,route-1.index,1093,21528,10094,80752,63264,0,17488,72,32,32,0,704,137,9904,0,544,9,10094,75,0,1093,32,10126
typed-byte,integer-random-fixed,32768,route-2.index,1166,13200,11008,88064,69408,0,18656,80,32,32,0,96,147,1248,0,544,13,11008,81,0,1166,26,11034
typed-byte,integer-random-fixed,32768,route-3.index,78,1528,781,6248,5000,0,1248,8,16,32,0,32,10,96,0,544,9,781,8,0,78,2,783
typed-byte,integer-random-fixed,32768,route-4.index,6,720,61,488,392,0,96,8,16,32,0,32,1,16,0,544,10,61,3,0,6,2,63
typed-byte,integer-random-variable,32768,native-0.kv,8192,2210152,2208907,17671256,460768,16964216,246272,760,208,48,0,0,0,0,0,224,5,2208907,548,0,8192,223,74203
typed-byte,integer-random-variable,32768,native-1.kv,8192,2207920,2206680,17653440,460768,16947056,245616,760,208,48,0,0,0,0,0,224,0,2206680,548,0,8192,240,74220
typed-byte,integer-random-variable,32768,native-2.kv,16384,4405544,4403316,35226528,905080,33829920,491528,1512,408,80,0,0,0,0,0,224,4,4403316,1094,0,16384,451,146354
typed-byte,integer-random-variable,32768,native-3.kv,0,248,0,0,0,0,0,0,8,16,0,0,0,0,0,224,0,0,1,0,0,0,0
typed-byte,integer-random-variable,32768,route-0.index,0,19328,0,0,0,0,0,0,16,32,0,1248,0,17488,0,544,0,0,2,0,0,0,0
typed-byte,integer-random-variable,32768,route-1.index,1093,21528,10094,80752,63264,0,17488,72,32,32,0,704,137,9904,0,544,9,10094,75,0,1093,32,10126
typed-byte,integer-random-variable,32768,route-2.index,1166,13200,11008,88064,69408,0,18656,80,32,32,0,96,147,1248,0,544,13,11008,81,0,1166,26,11034
typed-byte,integer-random-variable,32768,route-3.index,78,1528,781,6248,5000,0,1248,8,16,32,0,32,10,96,0,544,9,781,8,0,78,2,783
typed-byte,integer-random-variable,32768,route-4.index,6,720,61,488,392,0,96,8,16,32,0,32,1,16,0,544,10,61,3,0,6,2,63
typed-byte,string-structured-fixed,32768,native-0.kv,8192,225864,224855,1798840,488120,1114112,196608,552,184,48,0,0,0,0,0,224,1,224855,548,0,8192,1,77400
typed-byte,string-structured-fixed,32768,native-1.kv,8192,225864,224855,1798840,488120,1114112,196608,552,184,48,0,0,0,0,0,224,1,224855,548,0,8192,1,77400
typed-byte,string-structured-fixed,32768,native-2.kv,16384,447800,446039,3568312,946872,2228224,393216,1096,360,80,0,0,0,0,0,224,1,446039,1094,0,16384,1,151128
typed-byte,string-structured-fixed,32768,native-3.kv,0,248,0,0,0,0,0,0,8,16,0,0,0,0,0,224,0,0,1,0,0,0,0
typed-byte,string-structured-fixed,32768,route-0.index,0,19328,0,0,0,0,0,0,16,32,0,1248,0,17488,0,544,0,0,2,0,0,0,0
typed-byte,string-structured-fixed,32768,route-1.index,1093,22760,11324,90592,73104,0,17488,72,32,32,0,704,137,9904,0,544,11,11324,75,0,1093,1,11325
typed-byte,string-structured-fixed,32768,route-2.index,1166,14632,12448,99584,80928,0,18656,80,32,32,0,96,147,1248,0,544,5,12448,81,0,1166,2,12450
typed-byte,string-structured-fixed,32768,route-3.index,78,1672,924,7392,6144,0,1248,8,16,32,0,32,10,96,0,544,10,924,8,0,78,1,925
typed-byte,string-structured-fixed,32768,route-4.index,6,768,105,840,744,0,96,8,16,32,0,32,1,16,0,544,14,105,3,0,6,1,106
typed-byte,string-structured-variable,32768,native-0.kv,8192,2196192,2194946,17559568,488120,16825624,245824,760,208,48,0,0,0,0,0,224,6,2194946,548,0,8192,1,77400
typed-byte,string-structured-variable,32768,native-1.kv,8192,2207224,2205981,17647848,488120,16913936,245792,760,208,48,0,0,0,0,0,224,3,2205981,548,0,8192,1,77400
typed-byte,string-structured-variable,32768,native-2.kv,16384,4383896,4381668,35053344,946872,33615112,491360,1512,408,80,0,0,0,0,0,224,4,4381668,1094,0,16384,1,151128
typed-byte,string-structured-variable,32768,native-3.kv,0,248,0,0,0,0,0,0,8,16,0,0,0,0,0,224,0,0,1,0,0,0,0
typed-byte,string-structured-variable,32768,route-0.index,0,19328,0,0,0,0,0,0,16,32,0,1248,0,17488,0,544,0,0,2,0,0,0,0
typed-byte,string-structured-variable,32768,route-1.index,1093,22760,11324,90592,73104,0,17488,72,32,32,0,704,137,9904,0,544,11,11324,75,0,1093,1,11325
typed-byte,string-structured-variable,32768,route-2.index,1166,14632,12448,99584,80928,0,18656,80,32,32,0,96,147,1248,0,544,5,12448,81,0,1166,2,12450
typed-byte,string-structured-variable,32768,route-3.index,78,1672,924,7392,6144,0,1248,8,16,32,0,32,10,96,0,544,10,924,8,0,78,1,925
typed-byte,string-structured-variable,32768,route-4.index,6,768,105,840,744,0,96,8,16,32,0,32,1,16,0,544,14,105,3,0,6,1,106
typed-byte,string-binary-fixed,32768,native-0.kv,8192,288016,286972,2295776,985056,1114112,196608,624,144,48,0,0,0,0,0,224,4,286972,548,0,8192,493,140009
typed-byte,string-binary-fixed,32768,native-1.kv,8192,288016,286972,2295776,985056,1114112,196608,624,144,48,0,0,0,0,0,224,4,286972,548,0,8192,483,139999
typed-byte,string-binary-fixed,32768,native-2.kv,16384,573704,571887,4575096,1953656,2228224,393216,1232,280,80,0,0,0,0,0,224,1,571887,1094,0,16384,960,277935
typed-byte,string-binary-fixed,32768,native-3.kv,0,248,0,0,0,0,0,0,8,16,0,0,0,0,0,224,0,0,1,0,0,0,0
typed-byte,string-binary-fixed,32768,route-0.index,0,19328,0,0,0,0,0,0,16,32,0,1248,0,17488,0,544,0,0,2,0,0,0,0
typed-byte,string-binary-fixed,32768,route-1.index,1093,30280,18838,150704,133216,0,17488,72,40,32,0,704,137,9904,0,544,9,18838,75,0,1093,59,18897
typed-byte,string-binary-fixed,32768,route-2.index,1166,22528,20336,162688,144032,0,18656,80,32,32,0,96,147,1248,0,544,13,20336,81,0,1166,60,20396
typed-byte,string-binary-fixed,32768,route-3.index,78,2152,1405,11240,9992,0,1248,8,16,32,0,32,10,96,0,544,9,1405,8,0,78,8,1413
typed-byte,string-binary-fixed,32768,route-4.index,6,768,109,872,776,0,96,8,16,32,0,32,1,16,0,544,10,109,3,0,6,2,111
typed-byte,string-binary-variable,32768,native-0.kv,8192,2263608,2262365,18098920,985056,16867656,246208,824,144,48,0,0,0,0,0,224,3,2262365,548,0,8192,493,140009
typed-byte,string-binary-variable,32768,native-1.kv,8192,2261376,2260131,18081048,985056,16850528,245464,824,144,48,0,0,0,0,0,224,5,2260131,548,0,8192,483,139999
typed-byte,string-binary-variable,32768,native-2.kv,16384,4512416,4510181,36081448,1953656,33636488,491304,1648,280,80,0,0,0,0,0,224,3,4510181,1094,0,16384,960,277935
typed-byte,string-binary-variable,32768,native-3.kv,0,248,0,0,0,0,0,0,8,16,0,0,0,0,0,224,0,0,1,0,0,0,0
typed-byte,string-binary-variable,32768,route-0.index,0,19328,0,0,0,0,0,0,16,32,0,1248,0,17488,0,544,0,0,2,0,0,0,0
typed-byte,string-binary-variable,32768,route-1.index,1093,30280,18838,150704,133216,0,17488,72,40,32,0,704,137,9904,0,544,9,18838,75,0,1093,59,18897
typed-byte,string-binary-variable,32768,route-2.index,1166,22528,20336,162688,144032,0,18656,80,32,32,0,96,147,1248,0,544,13,20336,81,0,1166,60,20396
typed-byte,string-binary-variable,32768,route-3.index,78,2152,1405,11240,9992,0,1248,8,16,32,0,32,10,96,0,544,9,1405,8,0,78,8,1413
typed-byte,string-binary-variable,32768,route-4.index,6,768,109,872,776,0,96,8,16,32,0,32,1,16,0,544,10,109,3,0,6,2,111
typed-byte,string-prefix-fixed,32768,native-0.kv,8192,176688,175703,1405624,94904,1114112,196608,552,160,48,0,0,0,0,0,224,1,175703,548,0,8192,1,28248
typed-byte,string-prefix-fixed,32768,native-1.kv,8192,176688,175703,1405624,94904,1114112,196608,552,160,48,0,0,0,0,0,224,1,175703,548,0,8192,1,28248
typed-byte,string-prefix-fixed,32768,native-2.kv,16384,349448,347735,2781880,160440,2228224,393216,1096,312,80,0,0,0,0,0,224,1,347735,1094,0,16384,1,52824
typed-byte,string-prefix-fixed,32768,native-3.kv,0,248,0,0,0,0,0,0,8,16,0,0,0,0,0,224,0,0,1,0,0,0,0
typed-byte,string-prefix-fixed,32768,route-0.index,0,19328,0,0,0,0,0,0,16,32,0,1248,0,17488,0,544,0,0,2,0,0,0,0
typed-byte,string-prefix-fixed,32768,route-1.index,1093,16184,4766,38128,20640,0,17488,56,32,32,0,704,137,9904,0,544,9,4766,75,0,1093,1,4767
typed-byte,string-prefix-fixed,32768,route-2.index,1166,7632,5452,43616,24960,0,18656,72,32,32,0,96,147,1248,0,544,9,5452,81,0,1166,2,5454
typed-byte,string-prefix-fixed,32768,route-3.index,78,1200,456,3648,2400,0,1248,8,16,32,0,32,10,96,0,544,6,456,8,0,78,1,457
typed-byte,string-prefix-fixed,32768,route-4.index,6,728,69,552,456,0,96,8,16,32,0,32,1,16,0,544,10,69,3,0,6,1,70
typed-byte,string-prefix-variable,32768,native-0.kv,8192,2147032,2145794,17166352,94904,16825624,245824,760,200,48,0,0,0,0,0,224,6,2145794,548,0,8192,1,28248
typed-byte,string-prefix-variable,32768,native-1.kv,8192,2158072,2156829,17254632,94904,16913936,245792,760,208,48,0,0,0,0,0,224,3,2156829,548,0,8192,1,28248
typed-byte,string-prefix-variable,32768,native-2.kv,16384,4285584,4283364,34266912,160440,33615112,491360,1512,400,80,0,0,0,0,0,224,4,4283364,1094,0,16384,1,52824
typed-byte,string-prefix-variable,32768,native-3.kv,0,248,0,0,0,0,0,0,8,16,0,0,0,0,0,224,0,0,1,0,0,0,0
typed-byte,string-prefix-variable,32768,route-0.index,0,19328,0,0,0,0,0,0,16,32,0,1248,0,17488,0,544,0,0,2,0,0,0,0
typed-byte,string-prefix-variable,32768,route-1.index,1093,16184,4766,38128,20640,0,17488,56,32,32,0,704,137,9904,0,544,9,4766,75,0,1093,1,4767
typed-byte,string-prefix-variable,32768,route-2.index,1166,7632,5452,43616,24960,0,18656,72,32,32,0,96,147,1248,0,544,9,5452,81,0,1166,2,5454
typed-byte,string-prefix-variable,32768,route-3.index,78,1200,456,3648,2400,0,1248,8,16,32,0,32,10,96,0,544,6,456,8,0,78,1,457
typed-byte,string-prefix-variable,32768,route-4.index,6,728,69,552,456,0,96,8,16,32,0,32,1,16,0,544,10,69,3,0,6,1,70
typed-bit,integer-ordered-fixed,32768,native-0.kv,8192,133424,132233,1057862,524288,524288,9286,624,200,48,0,0,0,0,17,288,14,533574,548,64,0,0,0
typed-bit,integer-ordered-fixed,32768,native-1.kv,8192,133424,132233,1057862,524288,524288,9286,624,200,48,0,0,0,0,17,288,14,533574,548,64,0,0,0
typed-bit,integer-ordered-fixed,32768,native-2.kv,16384,266496,264466,2115722,1048576,1048576,18570,1232,400,80,0,0,0,0,17,288,13,1067146,1094,64,0,0,0
typed-bit,integer-ordered-fixed,32768,native-3.kv,0,320,0,0,0,0,0,0,8,16,0,0,0,0,8,288,0,0,1,64,0,0,0
typed-bit,integer-ordered-fixed,32768,route-0.index,0,19328,0,0,0,0,0,0,16,32,0,1248,0,17488,0,544,0,0,2,0,0,0,0
typed-bit,integer-ordered-fixed,32768,route-1.index,1093,14056,2613,20899,7561,0,13338,80,32,32,0,704,137,9904,0,544,10,20899,75,0,0,0,0
typed-bit,integer-ordered-fixed,32768,route-2.index,1166,5352,3154,25230,9140,0,16090,88,32,32,0,96,147,1248,0,544,11,25230,81,0,0,0,0
typed-bit,integer-ordered-fixed,32768,route-3.index,78,1000,250,1994,878,0,1116,8,16,32,0,32,10,96,0,544,12,1994,8,0,0,0,0
typed-bit,integer-ordered-fixed,32768,route-4.index,6,688,28,222,134,0,88,8,16,32,0,32,1,16,0,544,11,222,3,0,0,0,0
typed-bit,integer-ordered-variable,32768,native-0.kv,8192,2178640,2177108,17416862,524288,16883288,9286,960,208,48,0,0,0,0,17,288,11,17416862,548,0,0,0,0
typed-bit,integer-ordered-variable,32768,native-1.kv,8192,2189704,2188174,17505392,524288,16971818,9286,960,208,48,0,0,0,0,17,288,9,17505392,548,0,0,0,0
typed-bit,integer-ordered-variable,32768,native-2.kv,16384,4352432,4349707,34797654,1048576,33730508,18570,1920,408,80,0,0,0,0,17,288,12,34797654,1094,0,0,0,0
typed-bit,integer-ordered-variable,32768,native-3.kv,0,320,0,0,0,0,0,0,8,16,0,0,0,0,8,288,0,0,1,0,0,0,0
typed-bit,integer-ordered-variable,32768,route-0.index,0,19328,0,0,0,0,0,0,16,32,0,1248,0,17488,0,544,0,0,2,0,0,0,0
typed-bit,integer-ordered-variable,32768,route-1.index,1093,14056,2613,20899,7561,0,13338,80,32,32,0,704,137,9904,0,544,10,20899,75,0,0,0,0
typed-bit,integer-ordered-variable,32768,route-2.index,1166,5352,3154,25230,9140,0,16090,88,32,32,0,96,147,1248,0,544,11,25230,81,0,0,0,0
typed-bit,integer-ordered-variable,32768,route-3.index,78,1000,250,1994,878,0,1116,8,16,32,0,32,10,96,0,544,12,1994,8,0,0,0,0
typed-bit,integer-ordered-variable,32768,route-4.index,6,688,28,222,134,0,88,8,16,32,0,32,1,16,0,544,11,222,3,0,0,0,0
typed-bit,integer-random-fixed,32768,native-0.kv,8192,133424,132233,1057862,524288,524288,9286,624,200,48,0,0,0,0,17,288,14,533574,548,64,0,0,0
typed-bit,integer-random-fixed,32768,native-1.kv,8192,133424,132233,1057862,524288,524288,9286,624,200,48,0,0,0,0,17,288,14,533574,548,64,0,0,0
typed-bit,integer-random-fixed,32768,native-2.kv,16384,266496,264466,2115722,1048576,1048576,18570,1232,400,80,0,0,0,0,17,288,13,1067146,1094,64,0,0,0
typed-bit,integer-random-fixed,32768,native-3.kv,0,320,0,0,0,0,0,0,8,16,0,0,0,0,8,288,0,0,1,64,0,0,0
typed-bit,integer-random-fixed,32768,route-0.index,0,19328,0,0,0,0,0,0,16,32,0,1248,0,17488,0,544,0,0,2,0,0,0,0
typed-bit,integer-random-fixed,32768,route-1.index,1093,22056,10598,84782,61024,0,23758,96,32,32,0,704,137,9904,0,544,9,84782,75,0,0,0,0
typed-bit,integer-random-fixed,32768,route-2.index,1166,13648,11438,91495,66161,0,25334,104,32,32,0,96,147,1248,0,544,7,91495,81,0,0,0,0
typed-bit,integer-random-fixed,32768,route-3.index,78,1544,793,6343,4651,0,1692,8,16,32,0,32,10,96,0,544,13,6343,8,0,0,0,0
typed-bit,integer-random-fixed,32768,route-4.index,6,728,65,515,379,0,136,8,16,32,0,32,1,16,0,544,14,515,3,0,0,0,0
typed-bit,integer-random-variable,32768,native-0.kv,8192,2183920,2182390,17459114,524288,16925540,9286,960,208,48,0,0,0,0,17,288,9,17459114,548,0,0,0,0
typed-bit,integer-random-variable,32768,native-1.kv,8192,2181752,2180223,17441782,524288,16908208,9286,960,208,48,0,0,0,0,17,288,8,17441782,548,0,0,0,0
typed-bit,integer-random-variable,32768,native-2.kv,16384,4355104,4352377,34819012,1048576,33751866,18570,1920,408,80,0,0,0,0,17,288,14,34819012,1094,0,0,0,0
typed-bit,integer-random-variable,32768,native-3.kv,0,320,0,0,0,0,0,0,8,16,0,0,0,0,8,288,0,0,1,0,0,0,0
typed-bit,integer-random-variable,32768,route-0.index,0,19328,0,0,0,0,0,0,16,32,0,1248,0,17488,0,544,0,0,2,0,0,0,0
typed-bit,integer-random-variable,32768,route-1.index,1093,22056,10598,84782,61024,0,23758,96,32,32,0,704,137,9904,0,544,9,84782,75,0,0,0,0
typed-bit,integer-random-variable,32768,route-2.index,1166,13648,11438,91495,66161,0,25334,104,32,32,0,96,147,1248,0,544,7,91495,81,0,0,0,0
typed-bit,integer-random-variable,32768,route-3.index,78,1544,793,6343,4651,0,1692,8,16,32,0,32,10,96,0,544,13,6343,8,0,0,0,0
typed-bit,integer-random-variable,32768,route-4.index,6,728,65,515,379,0,136,8,16,32,0,32,1,16,0,544,14,515,3,0,0,0,0
typed-bit,string-structured-fixed,32768,native-0.kv,8192,221104,219903,1759217,444787,1130496,183934,688,152,48,0,0,0,0,17,288,8,628721,548,138,0,0,0
typed-bit,string-structured-fixed,32768,native-1.kv,8192,221104,219903,1759217,444787,1130496,183934,688,152,48,0,0,0,0,17,288,8,628721,548,138,0,0,0
typed-bit,string-structured-fixed,32768,native-2.kv,16384,436376,434328,3474621,846195,2260992,367434,1368,288,80,0,0,0,0,17,288,7,1213629,1094,138,0,0,0
typed-bit,string-structured-fixed,32768,native-3.kv,0,320,0,0,0,0,0,0,8,16,0,0,0,0,8,288,0,0,1,0,0,0,0
typed-bit,string-structured-fixed,32768,route-0.index,0,19328,0,0,0,0,0,0,16,32,0,1248,0,17488,0,544,0,0,2,0,0,0,0
typed-bit,string-structured-fixed,32768,route-1.index,1093,23056,11600,92799,67233,0,25566,96,32,32,0,704,137,9904,0,544,7,92799,75,0,0,0,0
typed-bit,string-structured-fixed,32768,route-2.index,1166,15088,12872,102965,74505,0,28460,104,32,32,0,96,147,1248,0,544,13,102965,81,0,0,0,0
typed-bit,string-structured-fixed,32768,route-3.index,78,1728,970,7756,5726,0,2030,16,16,32,0,32,10,96,0,544,12,7756,8,0,0,0,0
typed-bit,string-structured-fixed,32768,route-4.index,6,768,107,856,708,0,148,8,16,32,0,32,1,16,0,544,12,856,3,0,0,0,0
typed-bit,string-structured-variable,32768,native-0.kv,8192,2191560,2190026,17520201,444787,16891480,183934,960,208,48,0,0,0,0,17,288,13,17520201,548,0,0,0,0
typed-bit,string-structured-variable,32768,native-1.kv,8192,2202624,2201092,17608731,444787,16980010,183934,960,208,48,0,0,0,0,17,288,11,17608731,548,0,0,0,0
typed-bit,string-structured-variable,32768,native-2.kv,16384,4372792,4370066,34960521,846195,33746892,367434,1920,408,80,0,0,0,0,17,288,13,34960521,1094,0,0,0,0
typed-bit,string-structured-variable,32768,native-3.kv,0,320,0,0,0,0,0,0,8,16,0,0,0,0,8,288,0,0,1,0,0,0,0
typed-bit,string-structured-variable,32768,route-0.index,0,19328,0,0,0,0,0,0,16,32,0,1248,0,17488,0,544,0,0,2,0,0,0,0
typed-bit,string-structured-variable,32768,route-1.index,1093,23056,11600,92799,67233,0,25566,96,32,32,0,704,137,9904,0,544,7,92799,75,0,0,0,0
typed-bit,string-structured-variable,32768,route-2.index,1166,15088,12872,102965,74505,0,28460,104,32,32,0,96,147,1248,0,544,13,102965,81,0,0,0,0
typed-bit,string-structured-variable,32768,route-3.index,78,1728,970,7756,5726,0,2030,16,16,32,0,32,10,96,0,544,12,7756,8,0,0,0,0
typed-bit,string-structured-variable,32768,route-4.index,6,768,107,856,708,0,148,8,16,32,0,32,1,16,0,544,12,856,3,0,0,0,0
typed-bit,string-binary-fixed,32768,native-0.kv,8192,288352,287086,2296682,956424,1130496,209762,760,144,48,0,0,0,0,17,288,9,1166186,548,138,0,0,0
typed-bit,string-binary-fixed,32768,native-1.kv,8192,288360,287090,2296714,956480,1130496,209738,760,144,48,0,0,0,0,17,288,13,1166218,548,138,0,0,0
typed-bit,string-binary-fixed,32768,native-2.kv,16384,573232,571046,4568367,1887199,2260992,420176,1512,280,80,0,0,0,0,17,288,9,2307375,1094,138,0,0,0
typed-bit,string-binary-fixed,32768,native-3.kv,0,320,0,0,0,0,0,0,8,16,0,0,0,0,8,288,0,0,1,0,0,0,0
typed-bit,string-binary-fixed,32768,route-0.index,0,19328,0,0,0,0,0,0,16,32,0,1248,0,17488,0,544,0,0,2,0,0,0,0
typed-bit,string-binary-fixed,32768,route-1.index,1093,31336,19870,158960,130976,0,27984,104,32,32,0,704,137,9904,0,544,9,158960,75,0,0,0,0
typed-bit,string-binary-fixed,32768,route-2.index,1166,23560,21329,170625,140785,0,29840,120,32,32,0,96,147,1248,0,544,12,170625,81,0,0,0,0
typed-bit,string-binary-fixed,32768,route-3.index,78,2208,1455,11635,9643,0,1992,16,16,32,0,32,10,96,0,544,7,11635,8,0,0,0,0
typed-bit,string-binary-fixed,32768,route-4.index,6,776,116,921,763,0,158,8,16,32,0,32,1,16,0,544,11,921,3,0,0,0,0
typed-bit,string-binary-variable,32768,native-0.kv,8192,2264032,2262490,18099918,956424,16933732,209762,1032,144,48,0,0,0,0,17,288,13,18099918,548,0,0,0,0
typed-bit,string-binary-variable,32768,native-1.kv,8192,2261864,2260328,18082618,956480,16916400,209738,1032,144,48,0,0,0,0,17,288,7,18082618,548,0,0,0,0
typed-bit,string-binary-variable,32768,native-2.kv,16384,4512184,4509454,36075625,1887199,33768250,420176,2056,280,80,0,0,0,0,17,288,9,36075625,1094,0,0,0,0
typed-bit,string-binary-variable,32768,native-3.kv,0,320,0,0,0,0,0,0,8,16,0,0,0,0,8,288,0,0,1,0,0,0,0
typed-bit,string-binary-variable,32768,route-0.index,0,19328,0,0,0,0,0,0,16,32,0,1248,0,17488,0,544,0,0,2,0,0,0,0
typed-bit,string-binary-variable,32768,route-1.index,1093,31336,19870,158960,130976,0,27984,104,32,32,0,704,137,9904,0,544,9,158960,75,0,0,0,0
typed-bit,string-binary-variable,32768,route-2.index,1166,23560,21329,170625,140785,0,29840,120,32,32,0,96,147,1248,0,544,12,170625,81,0,0,0,0
typed-bit,string-binary-variable,32768,route-3.index,78,2208,1455,11635,9643,0,1992,16,16,32,0,32,10,96,0,544,7,11635,8,0,0,0,0
typed-bit,string-binary-variable,32768,route-4.index,6,776,116,921,763,0,158,8,16,32,0,32,1,16,0,544,11,921,3,0,0,0,0
typed-bit,string-prefix-fixed,32768,native-0.kv,8192,161432,160376,1283007,51571,1130496,100940,552,144,48,0,0,0,0,17,288,7,152511,548,138,0,0,0
typed-bit,string-prefix-fixed,32768,native-1.kv,8192,161432,160376,1283007,51571,1130496,100940,552,144,48,0,0,0,0,17,288,7,152511,548,138,0,0,0
typed-bit,string-prefix-fixed,32768,native-2.kv,16384,311520,309812,2478491,59763,2260992,157736,960,352,80,0,0,0,0,17,288,11,217499,1094,138,0,0,0
typed-bit,string-prefix-fixed,32768,native-3.kv,0,320,0,0,0,0,0,0,8,16,0,0,0,0,8,288,0,0,1,0,0,0,0
typed-bit,string-prefix-fixed,32768,route-0.index,0,19328,0,0,0,0,0,0,16,32,0,1248,0,17488,0,544,0,0,2,0,0,0,0
typed-bit,string-prefix-fixed,32768,route-1.index,1093,15440,3988,31899,14769,0,17130,80,40,32,0,704,137,9904,0,544,11,31899,75,0,0,0,0
typed-bit,string-prefix-fixed,32768,route-2.index,1166,6952,4753,38017,18537,0,19480,88,32,32,0,96,147,1248,0,544,12,38017,81,0,0,0,0
typed-bit,string-prefix-fixed,32768,route-3.index,78,1176,429,3428,1982,0,1446,8,16,32,0,32,10,96,0,544,9,3428,8,0,0,0,0
typed-bit,string-prefix-fixed,32768,route-4.index,6,728,68,540,420,0,120,8,16,32,0,32,1,16,0,544,11,540,3,0,0,0,0
typed-bit,string-prefix-variable,32768,native-0.kv,8192,2132024,2130499,17043991,51571,16891480,100940,960,200,48,0,0,0,0,17,288,12,17043991,548,0,0,0,0
typed-bit,string-prefix-variable,32768,native-1.kv,8192,2143088,2141566,17132521,51571,16980010,100940,960,200,48,0,0,0,0,17,288,9,17132521,548,0,0,0,0
typed-bit,string-prefix-variable,32768,native-2.kv,16384,4248264,4245549,33964391,59763,33746892,157736,1920,400,80,0,0,0,0,17,288,10,33964391,1094,0,0,0,0
typed-bit,string-prefix-variable,32768,native-3.kv,0,320,0,0,0,0,0,0,8,16,0,0,0,0,8,288,0,0,1,0,0,0,0
typed-bit,string-prefix-variable,32768,route-0.index,0,19328,0,0,0,0,0,0,16,32,0,1248,0,17488,0,544,0,0,2,0,0,0,0
typed-bit,string-prefix-variable,32768,route-1.index,1093,15440,3988,31899,14769,0,17130,80,40,32,0,704,137,9904,0,544,11,31899,75,0,0,0,0
typed-bit,string-prefix-variable,32768,route-2.index,1166,6952,4753,38017,18537,0,19480,88,32,32,0,96,147,1248,0,544,12,38017,81,0,0,0,0
typed-bit,string-prefix-variable,32768,route-3.index,78,1176,429,3428,1982,0,1446,8,16,32,0,32,10,96,0,544,9,3428,8,0,0,0,0
typed-bit,string-prefix-variable,32768,route-4.index,6,728,68,540,420,0,120,8,16,32,0,32,1,16,0,544,11,540,3,0,0,0,0
typed-byte-known,integer-ordered-fixed,32768,native-0.kv,8192,91032,90247,721976,66616,524288,131072,344,168,48,0,0,0,0,0,224,1,24711,548,64,8192,136,24847
typed-byte-known,integer-ordered-fixed,32768,native-1.kv,8192,91032,90247,721976,66616,524288,131072,344,168,48,0,0,0,0,0,224,1,24711,548,64,8192,8,24719
typed-byte-known,integer-ordered-fixed,32768,native-2.kv,16384,181688,180359,1442872,132152,1048576,262144,688,336,80,0,0,0,0,0,224,1,49287,1094,64,16384,8,49295
typed-byte-known,integer-ordered-fixed,32768,native-3.kv,0,248,0,0,0,0,0,0,8,16,0,0,0,0,0,224,0,0,1,64,0,0,0
typed-byte-known,integer-ordered-fixed,32768,route-0.index,0,19328,0,0,0,0,0,0,16,32,0,1248,0,17488,0,544,0,0,2,0,0,0,0
typed-byte-known,integer-ordered-fixed,32768,route-1.index,1093,14824,3414,27312,9824,0,17488,48,32,32,0,704,137,9904,0,544,9,3414,75,0,1093,8,3422
typed-byte-known,integer-ordered-fixed,32768,route-2.index,1166,5928,3768,30144,11488,0,18656,56,32,32,0,96,147,1248,0,544,5,3768,81,0,1166,25,3793
typed-byte-known,integer-ordered-fixed,32768,route-3.index,78,1064,319,2552,1304,0,1248,8,16,32,0,32,10,96,0,544,7,319,8,0,78,9,328
typed-byte-known,integer-ordered-fixed,32768,route-4.index,6,688,31,248,152,0,96,8,16,32,0,32,1,16,0,544,8,31,3,0,6,9,40
typed-byte-known,integer-ordered-variable,32768,native-0.kv,8192,2155592,2154357,17234856,66616,16922272,245968,760,200,48,0,0,0,0,0,224,3,2154357,548,0,8192,136,24847
typed-byte-known,integer-ordered-variable,32768,native-1.kv,8192,2166624,2165384,17323072,66616,17010536,245920,760,208,48,0,0,0,0,0,224,0,2165384,548,0,8192,8,24719
typed-byte-known,integer-ordered-variable,32768,native-2.kv,16384,4306224,4304008,34432064,132152,33808384,491528,1512,400,80,0,0,0,0,0,224,0,4304008,1094,0,16384,8,49295
typed-byte-known,integer-ordered-variable,32768,native-3.kv,0,248,0,0,0,0,0,0,8,16,0,0,0,0,0,224,0,0,1,0,0,0,0
typed-byte-known,integer-ordered-variable,32768,route-0.index,0,19328,0,0,0,0,0,0,16,32,0,1248,0,17488,0,544,0,0,2,0,0,0,0
typed-byte-known,integer-ordered-variable,32768,route-1.index,1093,14824,3414,27312,9824,0,17488,48,32,32,0,704,137,9904,0,544,9,3414,75,0,1093,8,3422
typed-byte-known,integer-ordered-variable,32768,route-2.index,1166,5928,3768,30144,11488,0,18656,56,32,32,0,96,147,1248,0,544,5,3768,81,0,1166,25,3793
typed-byte-known,integer-ordered-variable,32768,route-3.index,78,1064,319,2552,1304,0,1248,8,16,32,0,32,10,96,0,544,7,319,8,0,78,9,328
typed-byte-known,integer-ordered-variable,32768,route-4.index,6,688,31,248,152,0,96,8,16,32,0,32,1,16,0,544,8,31,3,0,6,9,40
typed-byte-known,integer-random-fixed,32768,native-0.kv,8192,140416,139516,1116128,460768,524288,131072,480,144,48,0,0,0,0,0,224,4,73980,548,64,8192,223,74203
typed-byte-known,integer-random-fixed,32768,native-1.kv,8192,140416,139516,1116128,460768,524288,131072,480,144,48,0,0,0,0,0,224,4,73980,548,64,8192,240,74220
typed-byte-known,integer-random-fixed,32768,native-2.kv,16384,278520,276975,2215800,905080,1048576,262144,960,280,80,0,0,0,0,0,224,1,145903,1094,64,16384,451,146354
typed-byte-known,integer-random-fixed,32768,native-3.kv,0,248,0,0,0,0,0,0,8,16,0,0,0,0,0,224,0,0,1,64,0,0,0
typed-byte-known,integer-random-fixed,32768,route-0.index,0,19328,0,0,0,0,0,0,16,32,0,1248,0,17488,0,544,0,0,2,0,0,0,0
typed-byte-known,integer-random-fixed,32768,route-1.index,1093,21528,10094,80752,63264,0,17488,72,32,32,0,704,137,9904,0,544,9,10094,75,0,1093,32,10126
typed-byte-known,integer-random-fixed,32768,route-2.index,1166,13200,11008,88064,69408,0,18656,80,32,32,0,96,147,1248,0,544,13,11008,81,0,1166,26,11034
typed-byte-known,integer-random-fixed,32768,route-3.index,78,1528,781,6248,5000,0,1248,8,16,32,0,32,10,96,0,544,9,781,8,0,78,2,783
typed-byte-known,integer-random-fixed,32768,route-4.index,6,720,61,488,392,0,96,8,16,32,0,32,1,16,0,544,10,61,3,0,6,2,63
typed-byte-known,integer-random-variable,32768,native-0.kv,8192,2210152,2208907,17671256,460768,16964216,246272,760,208,48,0,0,0,0,0,224,5,2208907,548,0,8192,223,74203
typed-byte-known,integer-random-variable,32768,native-1.kv,8192,2207920,2206680,17653440,460768,16947056,245616,760,208,48,0,0,0,0,0,224,0,2206680,548,0,8192,240,74220
typed-byte-known,integer-random-variable,32768,native-2.kv,16384,4405544,4403316,35226528,905080,33829920,491528,1512,408,80,0,0,0,0,0,224,4,4403316,1094,0,16384,451,146354
typed-byte-known,integer-random-variable,32768,native-3.kv,0,248,0,0,0,0,0,0,8,16,0,0,0,0,0,224,0,0,1,0,0,0,0
typed-byte-known,integer-random-variable,32768,route-0.index,0,19328,0,0,0,0,0,0,16,32,0,1248,0,17488,0,544,0,0,2,0,0,0,0
typed-byte-known,integer-random-variable,32768,route-1.index,1093,21528,10094,80752,63264,0,17488,72,32,32,0,704,137,9904,0,544,9,10094,75,0,1093,32,10126
typed-byte-known,integer-random-variable,32768,route-2.index,1166,13200,11008,88064,69408,0,18656,80,32,32,0,96,147,1248,0,544,13,11008,81,0,1166,26,11034
typed-byte-known,integer-random-variable,32768,route-3.index,78,1528,781,6248,5000,0,1248,8,16,32,0,32,10,96,0,544,9,781,8,0,78,2,783
typed-byte-known,integer-random-variable,32768,route-4.index,6,720,61,488,392,0,96,8,16,32,0,32,1,16,0,544,10,61,3,0,6,2,63
typed-byte-known,string-structured-fixed,32768,native-0.kv,8192,217560,216663,1733304,488120,1114112,131072,480,144,48,0,0,0,0,0,224,1,77399,548,136,8192,1,77400
typed-byte-known,string-structured-fixed,32768,native-1.kv,8192,217560,216663,1733304,488120,1114112,131072,480,144,48,0,0,0,0,0,224,1,77399,548,136,8192,1,77400
typed-byte-known,string-structured-fixed,32768,native-2.kv,16384,431208,429655,3437240,946872,2228224,262144,960,288,80,0,0,0,0,0,224,1,151127,1094,136,16384,1,151128
typed-byte-known,string-structured-fixed,32768,native-3.kv,0,248,0,0,0,0,0,0,8,16,0,0,0,0,0,224,0,0,1,136,0,0,0
typed-byte-known,string-structured-fixed,32768,route-0.index,0,19328,0,0,0,0,0,0,16,32,0,1248,0,17488,0,544,0,0,2,0,0,0,0
typed-byte-known,string-structured-fixed,32768,route-1.index,1093,22760,11324,90592,73104,0,17488,72,32,32,0,704,137,9904,0,544,11,11324,75,0,1093,1,11325
typed-byte-known,string-structured-fixed,32768,route-2.index,1166,14632,12448,99584,80928,0,18656,80,32,32,0,96,147,1248,0,544,5,12448,81,0,1166,2,12450
typed-byte-known,string-structured-fixed,32768,route-3.index,78,1672,924,7392,6144,0,1248,8,16,32,0,32,10,96,0,544,10,924,8,0,78,1,925
typed-byte-known,string-structured-fixed,32768,route-4.index,6,768,105,840,744,0,96,8,16,32,0,32,1,16,0,544,14,105,3,0,6,1,106
typed-byte-known,string-structured-variable,32768,native-0.kv,8192,2196192,2194946,17559568,488120,16825624,245824,760,208,48,0,0,0,0,0,224,6,2194946,548,0,8192,1,77400
typed-byte-known,string-structured-variable,32768,native-1.kv,8192,2207224,2205981,17647848,488120,16913936,245792,760,208,48,0,0,0,0,0,224,3,2205981,548,0,8192,1,77400
typed-byte-known,string-structured-variable,32768,native-2.kv,16384,4383896,4381668,35053344,946872,33615112,491360,1512,408,80,0,0,0,0,0,224,4,4381668,1094,0,16384,1,151128
typed-byte-known,string-structured-variable,32768,native-3.kv,0,248,0,0,0,0,0,0,8,16,0,0,0,0,0,224,0,0,1,0,0,0,0
typed-byte-known,string-structured-variable,32768,route-0.index,0,19328,0,0,0,0,0,0,16,32,0,1248,0,17488,0,544,0,0,2,0,0,0,0
typed-byte-known,string-structured-variable,32768,route-1.index,1093,22760,11324,90592,73104,0,17488,72,32,32,0,704,137,9904,0,544,11,11324,75,0,1093,1,11325
typed-byte-known,string-structured-variable,32768,route-2.index,1166,14632,12448,99584,80928,0,18656,80,32,32,0,96,147,1248,0,544,5,12448,81,0,1166,2,12450
typed-byte-known,string-structured-variable,32768,route-3.index,78,1672,924,7392,6144,0,1248,8,16,32,0,32,10,96,0,544,10,924,8,0,78,1,925
typed-byte-known,string-structured-variable,32768,route-4.index,6,768,105,840,744,0,96,8,16,32,0,32,1,16,0,544,14,105,3,0,6,1,106
typed-byte-known,string-binary-fixed,32768,native-0.kv,8192,279744,278780,2230240,985056,1114112,131072,480,208,48,0,0,0,0,0,224,4,139516,548,136,8192,493,140009
typed-byte-known,string-binary-fixed,32768,native-1.kv,8192,279744,278780,2230240,985056,1114112,131072,480,208,48,0,0,0,0,0,224,4,139516,548,136,8192,483,139999
typed-byte-known,string-binary-fixed,32768,native-2.kv,16384,557176,555503,4444024,1953656,2228224,262144,960,408,80,0,0,0,0,0,224,1,276975,1094,136,16384,960,277935
typed-byte-known,string-binary-fixed,32768,native-3.kv,0,248,0,0,0,0,0,0,8,16,0,0,0,0,0,224,0,0,1,136,0,0,0
typed-byte-known,string-binary-fixed,32768,route-0.index,0,19328,0,0,0,0,0,0,16,32,0,1248,0,17488,0,544,0,0,2,0,0,0,0
typed-byte-known,string-binary-fixed,32768,route-1.index,1093,30280,18838,150704,133216,0,17488,72,40,32,0,704,137,9904,0,544,9,18838,75,0,1093,59,18897
typed-byte-known,string-binary-fixed,32768,route-2.index,1166,22528,20336,162688,144032,0,18656,80,32,32,0,96,147,1248,0,544,13,20336,81,0,1166,60,20396
typed-byte-known,string-binary-fixed,32768,route-3.index,78,2152,1405,11240,9992,0,1248,8,16,32,0,32,10,96,0,544,9,1405,8,0,78,8,1413
typed-byte-known,string-binary-fixed,32768,route-4.index,6,768,109,872,776,0,96,8,16,32,0,32,1,16,0,544,10,109,3,0,6,2,111
typed-byte-known,string-binary-variable,32768,native-0.kv,8192,2263608,2262365,18098920,985056,16867656,246208,824,144,48,0,0,0,0,0,224,3,2262365,548,0,8192,493,140009
typed-byte-known,string-binary-variable,32768,native-1.kv,8192,2261376,2260131,18081048,985056,16850528,245464,824,144,48,0,0,0,0,0,224,5,2260131,548,0,8192,483,139999
typed-byte-known,string-binary-variable,32768,native-2.kv,16384,4512416,4510181,36081448,1953656,33636488,491304,1648,280,80,0,0,0,0,0,224,3,4510181,1094,0,16384,960,277935
typed-byte-known,string-binary-variable,32768,native-3.kv,0,248,0,0,0,0,0,0,8,16,0,0,0,0,0,224,0,0,1,0,0,0,0
typed-byte-known,string-binary-variable,32768,route-0.index,0,19328,0,0,0,0,0,0,16,32,0,1248,0,17488,0,544,0,0,2,0,0,0,0
typed-byte-known,string-binary-variable,32768,route-1.index,1093,30280,18838,150704,133216,0,17488,72,40,32,0,704,137,9904,0,544,9,18838,75,0,1093,59,18897
typed-byte-known,string-binary-variable,32768,route-2.index,1166,22528,20336,162688,144032,0,18656,80,32,32,0,96,147,1248,0,544,13,20336,81,0,1166,60,20396
typed-byte-known,string-binary-variable,32768,route-3.index,78,2152,1405,11240,9992,0,1248,8,16,32,0,32,10,96,0,544,9,1405,8,0,78,8,1413
typed-byte-known,string-binary-variable,32768,route-4.index,6,768,109,872,776,0,96,8,16,32,0,32,1,16,0,544,10,109,3,0,6,2,111
typed-byte-known,string-prefix-fixed,32768,native-0.kv,8192,168312,167511,1340088,94904,1114112,131072,344,184,48,0,0,0,0,0,224,1,28247,548,136,8192,1,28248
typed-byte-known,string-prefix-fixed,32768,native-1.kv,8192,168312,167511,1340088,94904,1114112,131072,344,184,48,0,0,0,0,0,224,1,28247,548,136,8192,1,28248
typed-byte-known,string-prefix-fixed,32768,native-2.kv,16384,332688,331351,2650808,160440,2228224,262144,688,344,80,0,0,0,0,0,224,1,52823,1094,136,16384,1,52824
typed-byte-known,string-prefix-fixed,32768,native-3.kv,0,248,0,0,0,0,0,0,8,16,0,0,0,0,0,224,0,0,1,136,0,0,0
typed-byte-known,string-prefix-fixed,32768,route-0.index,0,19328,0,0,0,0,0,0,16,32,0,1248,0,17488,0,544,0,0,2,0,0,0,0
typed-byte-known,string-prefix-fixed,32768,route-1.index,1093,16184,4766,38128,20640,0,17488,56,32,32,0,704,137,9904,0,544,9,4766,75,0,1093,1,4767
typed-byte-known,string-prefix-fixed,32768,route-2.index,1166,7632,5452,43616,24960,0,18656,72,32,32,0,96,147,1248,0,544,9,5452,81,0,1166,2,5454
typed-byte-known,string-prefix-fixed,32768,route-3.index,78,1200,456,3648,2400,0,1248,8,16,32,0,32,10,96,0,544,6,456,8,0,78,1,457
typed-byte-known,string-prefix-fixed,32768,route-4.index,6,728,69,552,456,0,96,8,16,32,0,32,1,16,0,544,10,69,3,0,6,1,70
typed-byte-known,string-prefix-variable,32768,native-0.kv,8192,2147032,2145794,17166352,94904,16825624,245824,760,200,48,0,0,0,0,0,224,6,2145794,548,0,8192,1,28248
typed-byte-known,string-prefix-variable,32768,native-1.kv,8192,2158072,2156829,17254632,94904,16913936,245792,760,208,48,0,0,0,0,0,224,3,2156829,548,0,8192,1,28248
typed-byte-known,string-prefix-variable,32768,native-2.kv,16384,4285584,4283364,34266912,160440,33615112,491360,1512,400,80,0,0,0,0,0,224,4,4283364,1094,0,16384,1,52824
typed-byte-known,string-prefix-variable,32768,native-3.kv,0,248,0,0,0,0,0,0,8,16,0,0,0,0,0,224,0,0,1,0,0,0,0
typed-byte-known,string-prefix-variable,32768,route-0.index,0,19328,0,0,0,0,0,0,16,32,0,1248,0,17488,0,544,0,0,2,0,0,0,0
typed-byte-known,string-prefix-variable,32768,route-1.index,1093,16184,4766,38128,20640,0,17488,56,32,32,0,704,137,9904,0,544,9,4766,75,0,1093,1,4767
typed-byte-known,string-prefix-variable,32768,route-2.index,1166,7632,5452,43616,24960,0,18656,72,32,32,0,96,147,1248,0,544,9,5452,81,0,1166,2,5454
typed-byte-known,string-prefix-variable,32768,route-3.index,78,1200,456,3648,2400,0,1248,8,16,32,0,32,10,96,0,544,6,456,8,0,78,1,457
typed-byte-known,string-prefix-variable,32768,route-4.index,6,728,69,552,456,0,96,8,16,32,0,32,1,16,0,544,10,69,3,0,6,1,70
raw-byte,integer-ordered-fixed,131072,native-0.kv,32768,363368,360967,2887736,266296,2097152,524288,1368,664,144,0,0,0,0,0,224,1,98823,2186,64,32768,520,99343
raw-byte,integer-ordered-fixed,131072,native-1.kv,32768,363368,360967,2887736,266296,2097152,524288,1368,664,144,0,0,0,0,0,224,1,98823,2186,64,32768,8,98831
raw-byte,integer-ordered-fixed,131072,native-2.kv,65536,725984,721415,5771320,528440,4194304,1048576,2736,1320,288,0,0,0,0,0,224,1,197127,4371,64,65536,8,197135
raw-byte,integer-ordered-fixed,131072,native-3.kv,0,248,0,0,0,0,0,0,8,16,0,0,0,0,0,224,0,0,1,64,0,0,0
raw-byte,integer-ordered-fixed,131072,route-0.index,0,75456,0,0,0,0,0,0,16,32,0,4944,0,69920,0,544,0,0,2,0,0,0,0
raw-byte,integer-ordered-fixed,131072,route-1.index,4370,57480,13629,109032,39112,0,69920,184,104,48,0,2800,547,39616,0,544,8,13629,294,0,4370,8,13637
raw-byte,integer-ordered-fixed,131072,route-2.index,4661,21856,15021,120168,45592,0,74576,208,104,32,0,368,584,4976,0,544,19,15021,314,0,4661,51,15072
raw-byte,integer-ordered-fixed,131072,route-3.index,311,2288,1251,10008,5032,0,4976,16,16,32,0,48,39,336,0,544,6,1251,23,0,311,10,1261
raw-byte,integer-ordered-fixed,131072,route-4.index,21,768,91,728,392,0,336,8,16,32,0,32,3,32,0,544,10,91,4,0,21,8,99
raw-byte,integer-ordered-fixed,131072,route-5.index,2,672,15,120,88,0,32,8,16,32,0,32,1,16,0,544,8,15,3,0,2,8,23
raw-byte,integer-ordered-variable,131072,native-0.kv,32768,8526016,8521834,68174672,266296,66925664,982712,3008,800,144,0,0,0,0,0,224,6,8521834,2186,0,32768,520,99343
raw-byte,integer-ordered-variable,131072,native-1.kv,32768,8549672,8545493,68363944,266296,67114488,983160,3008,800,144,0,0,0,0,0,224,3,8545493,2186,0,32768,8,98831
raw-byte,integer-ordered-variable,131072,native-2.kv,65536,17111112,17102992,136823936,528440,134327456,1968040,6016,1592,288,0,0,0,0,0,224,0,17102992,4371,0,65536,8,197135
raw-byte,integer-ordered-variable,131072,native-3.kv,0,248,0,0,0,0,0,0,8,16,0,0,0,0,0,224,0,0,1,0,0,0,0
raw-byte,integer-ordered-variable,131072,route-0.index,0,75456,0,0,0,0,0,0,16,32,0,4944,0,69920,0,544,0,0,2,0,0,0,0
raw-byte,integer-ordered-variable,131072,route-1.index,4370,57480,13629,109032,39112,0,69920,184,104,48,0,2800,547,39616,0,544,8,13629,294,0,4370,8,13637
raw-byte,integer-ordered-variable,131072,route-2.index,4661,21856,15021,120168,45592,0,74576,208,104,32,0,368,584,4976,0,544,19,15021,314,0,4661,51,15072
raw-byte,integer-ordered-variable,131072,route-3.index,311,2288,1251,10008,5032,0,4976,16,16,32,0,48,39,336,0,544,6,1251,23,0,311,10,1261
raw-byte,integer-ordered-variable,131072,route-4.index,21,768,91,728,392,0,336,8,16,32,0,32,3,32,0,544,10,91,4,0,21,8,99
raw-byte,integer-ordered-variable,131072,route-5.index,2,672,15,120,88,0,32,8,16,32,0,32,1,16,0,544,8,15,3,0,2,8,23
raw-byte,integer-random-fixed,131072,native-0.kv,32768,558944,556086,4448688,1827248,2097152,524288,1920,568,144,0,0,0,0,0,224,2,293942,2186,64,32768,951,294893
raw-byte,integer-random-fixed,131072,native-1.kv,32768,558904,556041,4448328,1826888,2097152,524288,1920,568,144,0,0,0,0,0,224,7,293897,2186,64,32768,877,294774
raw-byte,integer-random-fixed,131072,native-2.kv,65536,1097400,1091952,8735616,3492736,4194304,1048576,3832,1104,288,0,0,0,0,0,224,0,567664,4371,64,65536,1770,569434
raw-byte,integer-random-fixed,131072,native-3.kv,0,248,0,0,0,0,0,0,8,16,0,0,0,0,0,224,0,0,1,64,0,0,0
raw-byte,integer-random-fixed,131072,route-0.index,0,75456,0,0,0,0,0,0,16,32,0,4944,0,69920,0,544,0,0,2,0,0,0,0
raw-byte,integer-random-fixed,131072,route-1.index,4370,83504,39586,316688,246768,0,69920,264,88,48,0,2800,547,39616,0,544,11,39586,294,0,4370,108,39694
raw-byte,integer-random-fixed,131072,route-2.index,4661,49360,42461,339688,265112,0,74576,288,88,32,0,368,584,4976,0,544,19,42461,314,0,4661,153,42614
raw-byte,integer-random-fixed,131072,route-3.index,311,4096,3055,24440,19464,0,4976,24,16,32,0,48,39,336,0,544,2,3055,23,0,311,8,3063
raw-byte,integer-random-fixed,131072,route-4.index,21,888,210,1680,1344,0,336,8,16,32,0,32,3,32,0,544,11,210,4,0,21,2,212
raw-byte,integer-random-fixed,131072,route-5.index,2,680,20,160,128,0,32,8,16,32,0,32,1,16,0,544,11,20,3,0,2,2,22
raw-byte,integer-random-variable,131072,native-0.kv,32768,8760168,8755982,70047856,1827248,67237080,983528,3008,808,144,0,0,0,0,0,224,2,8755982,2186,0,32768,951,294893
raw-byte,integer-random-variable,131072,native-1.kv,32768,8716552,8712365,69698920,1826888,66888984,983048,3008,808,144,0,0,0,0,0,224,3,8712365,2186,0,32768,877,294774
raw-byte,integer-random-variable,131072,native-2.kv,65536,17470848,17462702,139701616,3492736,134241544,1967336,6016,1616,288,0,0,0,0,0,224,2,17462702,4371,0,65536,1770,569434
raw-byte,integer-random-variable,131072,native-3.kv,0,248,0,0,0,0,0,0,8,16,0,0,0,0,0,224,0,0,1,0,0,0,0
raw-byte,integer-random-variable,131072,route-0.index,0,75456,0,0,0,0,0,0,16,32,0,4944,0,69920,0,544,0,0,2,0,0,0,0
raw-byte,integer-random-variable,131072,route-1.index,4370,83504,39586,316688,246768,0,69920,264,88,48,0,2800,547,39616,0,544,11,39586,294,0,4370,108,39694
raw-byte,integer-random-variable,131072,route-2.index,4661,49360,42461,339688,265112,0,74576,288,88,32,0,368,584,4976,0,544,19,42461,314,0,4661,153,42614
raw-byte,integer-random-variable,131072,route-3.index,311,4096,3055,24440,19464,0,4976,24,16,32,0,48,39,336,0,544,2,3055,23,0,311,8,3063
raw-byte,integer-random-variable,131072,route-4.index,21,888,210,1680,1344,0,336,8,16,32,0,32,3,32,0,544,11,210,4,0,21,2,212
raw-byte,integer-random-variable,131072,route-5.index,2,680,20,160,128,0,32,8,16,32,0,32,1,16,0,544,11,20,3,0,2,2,22
raw-byte,string-structured-fixed,131072,native-0.kv,32768,836664,833793,6670344,1951752,4194304,524288,1920,576,144,0,0,0,0,0,224,7,309505,2186,128,32768,0,309505
raw-byte,string-structured-fixed,131072,native-1.kv,32768,836664,833793,6670344,1951752,4194304,524288,1920,576,144,0,0,0,0,0,224,7,309505,2186,128,32768,0,309505
raw-byte,string-structured-fixed,131072,native-2.kv,65536,1658488,1652994,13223952,3786768,8388608,1048576,3832,1144,288,0,0,0,0,0,224,6,604418,4371,128,65536,0,604418
raw-byte,string-structured-fixed,131072,native-3.kv,0,248,0,0,0,0,0,0,8,16,0,0,0,0,0,224,0,0,1,128,0,0,0
raw-byte,string-structured-fixed,131072,route-0.index,0,75456,0,0,0,0,0,0,16,32,0,4944,0,69920,0,544,0,0,2,0,0,0,0
raw-byte,string-structured-fixed,131072,route-1.index,4370,89112,45186,361488,291568,0,69920,264,96,48,0,2800,547,39616,0,544,11,45186,294,0,4370,0,45186
raw-byte,string-structured-fixed,131072,route-2.index,4661,56480,49582,396656,322080,0,74576,288,96,32,0,368,584,4976,0,544,10,49582,314,0,4661,0,49582
raw-byte,string-structured-fixed,131072,route-3.index,311,4640,3595,28760,23784,0,4976,24,16,32,0,48,39,336,0,544,6,3595,23,0,311,0,3595
raw-byte,string-structured-fixed,131072,route-4.index,21,968,294,2352,2016,0,336,8,16,32,0,32,3,32,0,544,7,294,4,0,21,0,294
raw-byte,string-structured-fixed,131072,route-5.index,2,712,54,432,400,0,32,8,16,32,0,32,1,16,0,544,9,54,3,0,2,0,54
raw-byte,string-structured-variable,131072,native-0.kv,32768,8736704,8732516,69860128,1951752,66925664,982712,3008,808,144,0,0,0,0,0,224,4,8732516,2186,0,32768,0,309505
raw-byte,string-structured-variable,131072,native-1.kv,32768,8760360,8756175,70049400,1951752,67114488,983160,3008,808,144,0,0,0,0,0,224,1,8756175,2186,0,32768,0,309505
raw-byte,string-structured-variable,131072,native-2.kv,65536,17518432,17510283,140082264,3786768,134327456,1968040,6016,1616,288,0,0,0,0,0,224,5,17510283,4371,0,65536,0,604418
raw-byte,string-structured-variable,131072,native-3.kv,0,248,0,0,0,0,0,0,8,16,0,0,0,0,0,224,0,0,1,0,0,0,0
raw-byte,string-structured-variable,131072,route-0.index,0,75456,0,0,0,0,0,0,16,32,0,4944,0,69920,0,544,0,0,2,0,0,0,0
raw-byte,string-structured-variable,131072,route-1.index,4370,89112,45186,361488,291568,0,69920,264,96,48,0,2800,547,39616,0,544,11,45186,294,0,4370,0,45186
raw-byte,string-structured-variable,131072,route-2.index,4661,56480,49582,396656,322080,0,74576,288,96,32,0,368,584,4976,0,544,10,49582,314,0,4661,0,49582
raw-byte,string-structured-variable,131072,route-3.index,311,4640,3595,28760,23784,0,4976,24,16,32,0,48,39,336,0,544,6,3595,23,0,311,0,3595
raw-byte,string-structured-variable,131072,route-4.index,21,968,294,2352,2016,0,336,8,16,32,0,32,3,32,0,544,7,294,4,0,21,0,294
raw-byte,string-structured-variable,131072,route-5.index,2,712,54,432,400,0,32,8,16,32,0,32,1,16,0,544,9,54,3,0,2,0,54
raw-byte,string-binary-fixed,131072,native-0.kv,32768,1083488,1080374,8642992,3924400,4194304,524288,1920,824,144,0,0,0,0,0,224,2,556086,2186,128,32768,1938,558024
raw-byte,string-binary-fixed,131072,native-1.kv,32768,1083448,1080329,8642632,3924040,4194304,524288,1920,824,144,0,0,0,0,0,224,7,556041,2186,128,32768,1930,557971
raw-byte,string-binary-fixed,131072,native-2.kv,65536,2146488,2140528,17124224,7687040,8388608,1048576,3832,1616,288,0,0,0,0,0,224,0,1091952,4371,128,65536,3844,1095796
raw-byte,string-binary-fixed,131072,native-3.kv,0,248,0,0,0,0,0,0,8,16,0,0,0,0,0,224,0,0,1,128,0,0,0
raw-byte,string-binary-fixed,131072,route-0.index,0,75456,0,0,0,0,0,0,16,32,0,4944,0,69920,0,544,0,0,2,0,0,0,0
raw-byte,string-binary-fixed,131072,route-1.index,4370,118496,74546,596368,526448,0,69920,264,120,48,0,2800,547,39616,0,544,11,74546,294,0,4370,251,74797
raw-byte,string-binary-fixed,131072,route-2.index,4661,86680,79749,637992,563416,0,74576,288,120,32,0,368,584,4976,0,544,19,79749,314,0,4661,301,80050
raw-byte,string-binary-fixed,131072,route-3.index,311,6592,5543,44344,39368,0,4976,24,24,32,0,48,39,336,0,544,2,5543,23,0,311,15,5558
raw-byte,string-binary-fixed,131072,route-4.index,21,1056,378,3024,2688,0,336,8,16,32,0,32,3,32,0,544,11,378,4,0,21,2,380
raw-byte,string-binary-fixed,131072,route-5.index,2,696,36,288,256,0,32,8,16,32,0,32,1,16,0,544,11,36,3,0,2,2,38
raw-byte,string-binary-variable,131072,native-0.kv,32768,9022328,9018126,72145008,3924400,67237080,983528,3280,552,144,0,0,0,0,0,224,2,9018126,2186,0,32768,1938,558024
raw-byte,string-binary-variable,131072,native-1.kv,32768,8978712,8974509,71796072,3924040,66888984,983048,3280,552,144,0,0,0,0,0,224,3,8974509,2186,0,32768,1930,557971
raw-byte,string-binary-variable,131072,native-2.kv,65536,17995160,17986990,143895920,7687040,134241544,1967336,6560,1096,288,0,0,0,0,0,224,2,17986990,4371,0,65536,3844,1095796
raw-byte,string-binary-variable,131072,native-3.kv,0,248,0,0,0,0,0,0,8,16,0,0,0,0,0,224,0,0,1,0,0,0,0
raw-byte,string-binary-variable,131072,route-0.index,0,75456,0,0,0,0,0,0,16,32,0,4944,0,69920,0,544,0,0,2,0,0,0,0
raw-byte,string-binary-variable,131072,route-1.index,4370,118496,74546,596368,526448,0,69920,264,120,48,0,2800,547,39616,0,544,11,74546,294,0,4370,251,74797
raw-byte,string-binary-variable,131072,route-2.index,4661,86680,79749,637992,563416,0,74576,288,120,32,0,368,584,4976,0,544,19,79749,314,0,4661,301,80050
raw-byte,string-binary-variable,131072,route-3.index,311,6592,5543,44344,39368,0,4976,24,24,32,0,48,39,336,0,544,2,5543,23,0,311,15,5558
raw-byte,string-binary-variable,131072,route-4.index,21,1056,378,3024,2688,0,336,8,16,32,0,32,3,32,0,544,11,378,4,0,21,2,380
raw-byte,string-binary-variable,131072,route-5.index,2,696,36,288,256,0,32,8,16,32,0,32,1,16,0,544,11,36,3,0,2,2,38
raw-byte,string-prefix-fixed,131072,native-0.kv,32768,639648,637185,5097480,378888,4194304,524288,1368,720,144,0,0,0,0,0,224,7,112897,2186,128,32768,0,112897
raw-byte,string-prefix-fixed,131072,native-1.kv,32768,639648,637185,5097480,378888,4194304,524288,1368,720,144,0,0,0,0,0,224,7,112897,2186,128,32768,0,112897
raw-byte,string-prefix-fixed,131072,native-2.kv,65536,1264408,1259778,10078224,641040,8388608,1048576,2736,1376,288,0,0,0,0,0,224,6,211202,4371,128,65536,0,211202
raw-byte,string-prefix-fixed,131072,native-3.kv,0,248,0,0,0,0,0,0,8,16,0,0,0,0,0,224,0,0,1,128,0,0,0
raw-byte,string-prefix-fixed,131072,route-0.index,0,75456,0,0,0,0,0,0,16,32,0,4944,0,69920,0,544,0,0,2,0,0,0,0
raw-byte,string-prefix-fixed,131072,route-1.index,4370,62840,18966,151728,81808,0,69920,224,88,48,0,2800,547,39616,0,544,7,18966,294,0,4370,0,18966
raw-byte,string-prefix-fixed,131072,route-2.index,4661,28464,21616,172928,98352,0,74576,240,88,32,0,368,584,4976,0,544,16,21616,314,0,4661,0,21616
raw-byte,string-prefix-fixed,131072,route-3.index,311,2776,1729,13832,8856,0,4976,24,16,32,0,48,39,336,0,544,8,1729,23,0,311,0,1729
raw-byte,string-prefix-fixed,131072,route-4.index,21,840,168,1344,1008,0,336,8,16,32,0,32,3,32,0,544,5,168,4,0,21,0,168
raw-byte,string-prefix-fixed,131072,route-5.index,2,704,42,336,304,0,32,8,16,32,0,32,1,16,0,544,13,42,3,0,2,0,42
raw-byte,string-prefix-variable,131072,native-0.kv,32768,8540088,8535908,68287264,378888,66925664,982712,3008,800,144,0,0,0,0,0,224,4,8535908,2186,0,32768,0,112897
raw-byte,string-prefix-variable,131072,native-1.kv,32768,8563744,8559567,68476536,378888,67114488,983160,3008,800,144,0,0,0,0,0,224,1,8559567,2186,0,32768,0,112897
raw-byte,string-prefix-variable,131072,native-2.kv,65536,17125192,17117067,136936536,641040,134327456,1968040,6016,1592,288,0,0,0,0,0,224,5,17117067,4371,0,65536,0,211202
raw-byte,string-prefix-variable,131072,native-3.kv,0,248,0,0,0,0,0,0,8,16,0,0,0,0,0,224,0,0,1,0,0,0,0
raw-byte,string-prefix-variable,131072,route-0.index,0,75456,0,0,0,0,0,0,16,32,0,4944,0,69920,0,544,0,0,2,0,0,0,0
raw-byte,string-prefix-variable,131072,route-1.index,4370,62840,18966,151728,81808,0,69920,224,88,48,0,2800,547,39616,0,544,7,18966,294,0,4370,0,18966
raw-byte,string-prefix-variable,131072,route-2.index,4661,28464,21616,172928,98352,0,74576,240,88,32,0,368,584,4976,0,544,16,21616,314,0,4661,0,21616
raw-byte,string-prefix-variable,131072,route-3.index,311,2776,1729,13832,8856,0,4976,24,16,32,0,48,39,336,0,544,8,1729,23,0,311,0,1729
raw-byte,string-prefix-variable,131072,route-4.index,21,840,168,1344,1008,0,336,8,16,32,0,32,3,32,0,544,5,168,4,0,21,0,168
raw-byte,string-prefix-variable,131072,route-5.index,2,704,42,336,304,0,32,8,16,32,0,32,1,16,0,544,13,42,3,0,2,0,42
raw-bit,integer-ordered-fixed,131072,native-0.kv,32768,325160,322126,2577001,131117,2097152,348732,1920,744,144,0,0,0,0,0,224,2,479849,2186,64,0,0,0
raw-bit,integer-ordered-fixed,131072,native-1.kv,32768,325160,322126,2577001,131117,2097152,348732,1920,744,144,0,0,0,0,0,224,2,479849,2186,64,0,0,0
raw-bit,integer-ordered-fixed,131072,native-2.kv,65536,621288,615673,4925379,163885,4194304,567190,3832,1264,288,0,0,0,0,0,224,7,731075,4371,64,0,0,0
raw-bit,integer-ordered-fixed,131072,native-3.kv,0,248,0,0,0,0,0,0,8,16,0,0,0,0,0,224,0,0,1,64,0,0,0
raw-bit,integer-ordered-fixed,131072,route-0.index,0,75456,0,0,0,0,0,0,16,32,0,4944,0,69920,0,544,0,0,2,0,0,0,0
raw-bit,integer-ordered-fixed,131072,route-1.index,4370,54384,10435,83477,30087,0,53390,296,88,48,0,2800,547,39616,0,544,10,83477,294,0,0,0,0
raw-bit,integer-ordered-fixed,131072,route-2.index,4661,19512,12578,100616,36248,0,64368,320,96,32,0,368,584,4976,0,544,14,100616,314,0,0,0,0
raw-bit,integer-ordered-fixed,131072,route-3.index,311,2024,977,7816,3356,0,4460,24,16,32,0,48,39,336,0,544,8,7816,23,0,0,0,0
raw-bit,integer-ordered-fixed,131072,route-4.index,21,760,85,676,350,0,326,8,16,32,0,32,3,32,0,544,8,676,4,0,0,0,0
raw-bit,integer-ordered-fixed,131072,route-5.index,2,672,15,113,81,0,32,8,16,32,0,32,1,16,0,544,8,113,3,0,0,0,0
raw-bit,integer-ordered-variable,131072,native-0.kv,32768,8516704,8511700,68093599,131117,66925664,1036818,3832,800,144,0,0,0,0,0,224,4,68093599,2186,0,0,0,0
raw-bit,integer-ordered-variable,131072,native-1.kv,32768,8540352,8535346,68282761,131117,67114488,1037156,3832,800,144,0,0,0,0,0,224,6,68282761,2186,0,0,0,0
raw-bit,integer-ordered-variable,131072,native-2.kv,65536,17064256,17054494,136435949,163885,134327456,1944608,7656,1592,288,0,0,0,0,0,224,2,136435949,4371,0,0,0,0
raw-bit,integer-ordered-variable,131072,native-3.kv,0,248,0,0,0,0,0,0,8,16,0,0,0,0,0,224,0,0,1,0,0,0,0
raw-bit,integer-ordered-variable,131072,route-0.index,0,75456,0,0,0,0,0,0,16,32,0,4944,0,69920,0,544,0,0,2,0,0,0,0
raw-bit,integer-ordered-variable,131072,route-1.index,4370,54384,10435,83477,30087,0,53390,296,88,48,0,2800,547,39616,0,544,10,83477,294,0,0,0,0
raw-bit,integer-ordered-variable,131072,route-2.index,4661,19512,12578,100616,36248,0,64368,320,96,32,0,368,584,4976,0,544,14,100616,314,0,0,0,0
raw-bit,integer-ordered-variable,131072,route-3.index,311,2024,977,7816,3356,0,4460,24,16,32,0,48,39,336,0,544,8,7816,23,0,0,0,0
raw-bit,integer-ordered-variable,131072,route-4.index,21,760,85,676,350,0,326,8,16,32,0,32,3,32,0,544,8,676,4,0,0,0,0
raw-bit,integer-ordered-variable,131072,route-5.index,2,672,15,113,81,0,32,8,16,32,0,32,1,16,0,544,8,113,3,0,0,0,0
raw-bit,integer-random-fixed,131072,native-0.kv,32768,562824,559148,4473182,1663080,2097152,712950,2736,568,144,0,0,0,0,0,224,4,2376030,2186,64,0,0,0
raw-bit,integer-random-fixed,131072,native-1.kv,32768,562816,559138,4473097,1662993,2097152,712952,2736,568,144,0,0,0,0,0,224,6,2375945,2186,64,0,0,0
raw-bit,integer-random-fixed,131072,native-2.kv,65536,1112936,1105840,8846719,3223337,4194304,1429078,5464,1120,288,0,0,0,0,0,224,0,4652415,4371,64,0,0,0
raw-bit,integer-random-fixed,131072,native-3.kv,0,248,0,0,0,0,0,0,8,16,0,0,0,0,0,224,0,0,1,64,0,0,0
raw-bit,integer-random-fixed,131072,route-0.index,0,75456,0,0,0,0,0,0,16,32,0,4944,0,69920,0,544,0,0,2,0,0,0,0
raw-bit,integer-random-fixed,131072,route-1.index,4370,85296,41276,330202,235240,0,94962,368,88,48,0,2800,547,39616,0,544,9,330202,294,0,0,0,0
raw-bit,integer-random-fixed,131072,route-2.index,4661,51560,44556,356438,255158,0,101280,400,88,32,0,368,584,4976,0,544,12,356438,314,0,0,0,0
raw-bit,integer-random-fixed,131072,route-3.index,311,4136,3085,24674,17926,0,6748,32,16,32,0,48,39,336,0,544,4,24674,23,0,0,0,0
raw-bit,integer-random-fixed,131072,route-4.index,21,896,219,1750,1290,0,460,8,16,32,0,32,3,32,0,544,10,1750,4,0,0,0,0
raw-bit,integer-random-fixed,131072,route-5.index,2,680,21,168,128,0,40,8,16,32,0,32,1,16,0,544,10,168,3,0,0,0,0
raw-bit,integer-random-variable,131072,native-0.kv,32768,8792720,8787698,70301578,1663080,67237080,1401418,3832,816,144,0,0,0,0,0,224,6,70301578,2186,0,0,0,0
raw-bit,integer-random-variable,131072,native-1.kv,32768,8749152,8744139,69953111,1662993,66888984,1401134,3832,808,144,0,0,0,0,0,224,5,69953111,2186,0,0,0,0
raw-bit,integer-random-variable,131072,native-2.kv,65536,17543704,17533905,140271237,3223337,134241544,2806356,7656,1624,288,0,0,0,0,0,224,7,140271237,4371,0,0,0,0
raw-bit,integer-random-variable,131072,native-3.kv,0,248,0,0,0,0,0,0,8,16,0,0,0,0,0,224,0,0,1,0,0,0,0
raw-bit,integer-random-variable,131072,route-0.index,0,75456,0,0,0,0,0,0,16,32,0,4944,0,69920,0,544,0,0,2,0,0,0,0
raw-bit,integer-random-variable,131072,route-1.index,4370,85296,41276,330202,235240,0,94962,368,88,48,0,2800,547,39616,0,544,9,330202,294,0,0,0,0
raw-bit,integer-random-variable,131072,route-2.index,4661,51560,44556,356438,255158,0,101280,400,88,32,0,368,584,4976,0,544,12,356438,314,0,0,0,0
raw-bit,integer-random-variable,131072,route-3.index,311,4136,3085,24674,17926,0,6748,32,16,32,0,48,39,336,0,544,4,24674,23,0,0,0,0
raw-bit,integer-random-variable,131072,route-4.index,21,896,219,1750,1290,0,460,8,16,32,0,32,3,32,0,544,10,1750,4,0,0,0,0
raw-bit,integer-random-variable,131072,route-5.index,2,680,21,168,128,0,40,8,16,32,0,32,1,16,0,544,10,168,3,0,0,0,0
raw-bit,string-structured-fixed,131072,native-0.kv,32768,842032,838344,6706749,1778449,4194304,733996,2736,584,144,0,0,0,0,0,224,0,2512445,2186,128,0,0,0
raw-bit,string-structured-fixed,131072,native-1.kv,32768,842032,838344,6706749,1778449,4194304,733996,2736,584,144,0,0,0,0,0,224,0,2512445,2186,128,0,0,0
raw-bit,string-structured-fixed,131072,native-2.kv,65536,1662208,1655087,13240696,3384086,8388608,1468002,5464,1144,288,0,0,0,0,0,224,1,4852088,4371,128,0,0,0
raw-bit,string-structured-fixed,131072,native-3.kv,0,248,0,0,0,0,0,0,8,16,0,0,0,0,0,224,0,0,1,128,0,0,0
raw-bit,string-structured-fixed,131072,route-0.index,0,75456,0,0,0,0,0,0,16,32,0,4944,0,69920,0,544,0,0,2,0,0,0,0
raw-bit,string-structured-fixed,131072,route-1.index,4370,90328,46297,370369,268119,0,102250,368,96,48,0,2800,547,39616,0,544,12,370369,294,0,0,0,0
raw-bit,string-structured-fixed,131072,route-2.index,4661,58296,51281,410243,296449,0,113794,400,96,32,0,368,584,4976,0,544,15,410243,314,0,0,0,0
raw-bit,string-structured-fixed,131072,route-3.index,311,4832,3782,30255,22137,0,8118,32,16,32,0,48,39,336,0,544,3,30255,23,0,0,0,0
raw-bit,string-structured-fixed,131072,route-4.index,21,984,306,2443,1903,0,540,8,16,32,0,32,3,32,0,544,11,2443,4,0,0,0,0
raw-bit,string-structured-fixed,131072,route-5.index,2,712,55,440,396,0,44,8,16,32,0,32,1,16,0,544,8,440,3,0,0,0,0
raw-bit,string-structured-variable,131072,native-0.kv,32768,8770792,8765775,70126195,1778449,66925664,1422082,3832,816,144,0,0,0,0,0,224,1,70126195,2186,0,0,0,0
raw-bit,string-structured-variable,131072,native-1.kv,32768,8794440,8789420,70315357,1778449,67114488,1422420,3832,816,144,0,0,0,0,0,224,4,70315357,2186,0,0,0,0
raw-bit,string-structured-variable,131072,native-2.kv,65536,17579416,17569621,140556962,3384086,134327456,2845420,7656,1624,288,0,0,0,0,0,224,3,140556962,4371,0,0,0,0
raw-bit,string-structured-variable,131072,native-3.kv,0,248,0,0,0,0,0,0,8,16,0,0,0,0,0,224,0,0,1,0,0,0,0
raw-bit,string-structured-variable,131072,route-0.index,0,75456,0,0,0,0,0,0,16,32,0,4944,0,69920,0,544,0,0,2,0,0,0,0
raw-bit,string-structured-variable,131072,route-1.index,4370,90328,46297,370369,268119,0,102250,368,96,48,0,2800,547,39616,0,544,12,370369,294,0,0,0,0
raw-bit,string-structured-variable,131072,route-2.index,4661,58296,51281,410243,296449,0,113794,400,96,32,0,368,584,4976,0,544,15,410243,314,0,0,0,0
raw-bit,string-structured-variable,131072,route-3.index,311,4832,3782,30255,22137,0,8118,32,16,32,0,48,39,336,0,544,3,30255,23,0,0,0,0
raw-bit,string-structured-variable,131072,route-4.index,21,984,306,2443,1903,0,540,8,16,32,0,32,3,32,0,544,11,2443,4,0,0,0,0
raw-bit,string-structured-variable,131072,route-5.index,2,712,55,440,396,0,44,8,16,32,0,32,1,16,0,544,8,440,3,0,0,0,0
raw-bit,string-binary-fixed,131072,native-0.kv,32768,1103216,1099274,8794188,3760232,4194304,839652,3008,560,144,0,0,0,0,0,224,6,4599884,2186,128,0,0,0
raw-bit,string-binary-fixed,131072,native-1.kv,32768,1103200,1099263,8794103,3760145,4194304,839654,3008,560,144,0,0,0,0,0,224,1,4599799,2186,128,0,0,0
raw-bit,string-binary-fixed,131072,native-2.kv,65536,2193728,2186092,17488735,7417641,8388608,1682486,6016,1104,288,0,0,0,0,0,224,4,9100127,4371,128,0,0,0
raw-bit,string-binary-fixed,131072,native-3.kv,0,248,0,0,0,0,0,0,8,16,0,0,0,0,0,224,0,0,1,128,0,0,0
raw-bit,string-binary-fixed,131072,route-0.index,0,75456,0,0,0,0,0,0,16,32,0,4944,0,69920,0,544,0,0,2,0,0,0,0
raw-bit,string-binary-fixed,131072,route-1.index,4370,122408,78348,626778,514920,0,111858,408,88,48,0,2800,547,39616,0,544,9,626778,294,0,0,0,0
raw-bit,string-binary-fixed,131072,route-2.index,4661,91144,84097,672762,553462,0,119300,440,88,32,0,368,584,4976,0,544,15,672762,314,0,0,0,0
raw-bit,string-binary-fixed,131072,route-3.index,311,6776,5723,45780,37830,0,7950,32,16,32,0,48,39,336,0,544,6,45780,23,0,0,0,0
raw-bit,string-binary-fixed,131072,route-4.index,21,1072,397,3174,2634,0,540,8,16,32,0,32,3,32,0,544,8,3174,4,0,0,0,0
raw-bit,string-binary-fixed,131072,route-5.index,2,696,38,302,256,0,46,8,16,32,0,32,1,16,0,544,9,302,3,0,0,0,0
raw-bit,string-binary-variable,131072,native-0.kv,32768,9070704,9065679,72525432,3760232,67237080,1528120,4104,552,144,0,0,0,0,0,224,1,72525432,2186,0,0,0,0
raw-bit,string-binary-variable,131072,native-1.kv,32768,9027152,9022121,72176965,3760145,66888984,1527836,4104,552,144,0,0,0,0,0,224,7,72176965,2186,0,0,0,0
raw-bit,string-binary-variable,131072,native-2.kv,65536,18099688,18089869,144718949,7417641,134241544,3059764,8200,1104,288,0,0,0,0,0,224,3,144718949,4371,0,0,0,0
raw-bit,string-binary-variable,131072,native-3.kv,0,248,0,0,0,0,0,0,8,16,0,0,0,0,0,224,0,0,1,0,0,0,0
raw-bit,string-binary-variable,131072,route-0.index,0,75456,0,0,0,0,0,0,16,32,0,4944,0,69920,0,544,0,0,2,0,0,0,0
raw-bit,string-binary-variable,131072,route-1.index,4370,122408,78348,626778,514920,0,111858,408,88,48,0,2800,547,39616,0,544,9,626778,294,0,0,0,0
raw-bit,string-binary-variable,131072,route-2.index,4661,91144,84097,672762,553462,0,119300,440,88,32,0,368,584,4976,0,544,15,672762,314,0,0,0,0
raw-bit,string-binary-variable,131072,route-3.index,311,6776,5723,45780,37830,0,7950,32,16,32,0,48,39,336,0,544,6,45780,23,0,0,0,0
raw-bit,string-binary-variable,131072,route-4.index,21,1072,397,3174,2634,0,540,8,16,32,0,32,3,32,0,544,8,3174,4,0,0,0,0
raw-bit,string-binary-variable,131072,route-5.index,2,696,38,302,256,0,46,8,16,32,0,32,1,16,0,544,9,302,3,0,0,0,0
raw-bit,string-prefix-fixed,131072,native-0.kv,32768,603376,600236,4801885,205585,4194304,401996,2192,576,144,0,0,0,0,0,224,4,607581,2186,128,0,0,0
raw-bit,string-prefix-fixed,131072,native-1.kv,32768,603376,600236,4801885,205585,4194304,401996,2192,576,144,0,0,0,0,0,224,4,607581,2186,128,0,0,0
raw-bit,string-prefix-fixed,131072,native-2.kv,65536,1162768,1157021,9256164,238358,8388608,629198,3832,1400,288,0,0,0,0,0,224,3,867556,4371,128,0,0,0
raw-bit,string-prefix-fixed,131072,native-3.kv,0,248,0,0,0,0,0,0,8,16,0,0,0,0,0,224,0,0,1,128,0,0,0
raw-bit,string-prefix-fixed,131072,route-0.index,0,75456,0,0,0,0,0,0,16,32,0,4944,0,69920,0,544,0,0,2,0,0,0,0
raw-bit,string-prefix-fixed,131072,route-1.index,4370,59832,15859,126871,58359,0,68512,296,112,48,0,2800,547,39616,0,544,10,126871,294,0,0,0,0
raw-bit,string-prefix-fixed,131072,route-2.index,4661,25784,18824,150583,72721,0,77862,320,120,32,0,368,584,4976,0,544,16,150583,314,0,0,0,0
raw-bit,string-prefix-fixed,131072,route-3.index,311,2672,1623,12977,7209,0,5768,32,16,32,0,48,39,336,0,544,2,12977,23,0,0,0,0
raw-bit,string-prefix-fixed,131072,route-4.index,21,840,166,1325,895,0,430,8,16,32,0,32,3,32,0,544,7,1325,4,0,0,0,0
raw-bit,string-prefix-fixed,131072,route-5.index,2,704,43,340,300,0,40,8,16,32,0,32,1,16,0,544,12,340,3,0,0,0,0
raw-bit,string-prefix-variable,131072,native-0.kv,32768,8532672,8527667,68221331,205585,66925664,1090082,3832,800,144,0,0,0,0,0,224,5,68221331,2186,0,0,0,0
raw-bit,string-prefix-variable,131072,native-1.kv,32768,8556312,8551312,68410493,205585,67114488,1090420,3832,800,144,0,0,0,0,0,224,0,68410493,2186,0,0,0,0
raw-bit,string-prefix-variable,131072,native-2.kv,65536,17081320,17071554,136572430,238358,134327456,2006616,7656,1592,288,0,0,0,0,0,224,6,136572430,4371,0,0,0,0
raw-bit,string-prefix-variable,131072,native-3.kv,0,248,0,0,0,0,0,0,8,16,0,0,0,0,0,224,0,0,1,0,0,0,0
raw-bit,string-prefix-variable,131072,route-0.index,0,75456,0,0,0,0,0,0,16,32,0,4944,0,69920,0,544,0,0,2,0,0,0,0
raw-bit,string-prefix-variable,131072,route-1.index,4370,59832,15859,126871,58359,0,68512,296,112,48,0,2800,547,39616,0,544,10,126871,294,0,0,0,0
raw-bit,string-prefix-variable,131072,route-2.index,4661,25784,18824,150583,72721,0,77862,320,120,32,0,368,584,4976,0,544,16,150583,314,0,0,0,0
raw-bit,string-prefix-variable,131072,route-3.index,311,2672,1623,12977,7209,0,5768,32,16,32,0,48,39,336,0,544,2,12977,23,0,0,0,0
raw-bit,string-prefix-variable,131072,route-4.index,21,840,166,1325,895,0,430,8,16,32,0,32,3,32,0,544,7,1325,4,0,0,0,0
raw-bit,string-prefix-variable,131072,route-5.index,2,704,43,340,300,0,40,8,16,32,0,32,1,16,0,544,12,340,3,0,0,0,0
typed-byte,integer-ordered-fixed,131072,native-0.kv,32768,363368,360968,2887744,266304,2097152,524288,1368,664,144,0,0,0,0,0,224,0,98824,2186,64,32768,521,99345
typed-byte,integer-ordered-fixed,131072,native-1.kv,32768,363368,360968,2887744,266304,2097152,524288,1368,664,144,0,0,0,0,0,224,0,98824,2186,64,32768,9,98833
typed-byte,integer-ordered-fixed,131072,native-2.kv,65536,725984,721416,5771328,528448,4194304,1048576,2736,1320,288,0,0,0,0,0,224,0,197128,4371,64,65536,9,197137
typed-byte,integer-ordered-fixed,131072,native-3.kv,0,248,0,0,0,0,0,0,8,16,0,0,0,0,0,224,0,0,1,64,0,0,0
typed-byte,integer-ordered-fixed,131072,route-0.index,0,75456,0,0,0,0,0,0,16,32,0,4944,0,69920,0,544,0,0,2,0,0,0,0
typed-byte,integer-ordered-fixed,131072,route-1.index,4370,57480,13630,109040,39120,0,69920,184,104,48,0,2800,547,39616,0,544,7,13630,294,0,4370,9,13639
typed-byte,integer-ordered-fixed,131072,route-2.index,4661,21856,15023,120184,45608,0,74576,208,104,32,0,368,584,4976,0,544,17,15023,314,0,4661,53,15076
typed-byte,integer-ordered-fixed,131072,route-3.index,311,2288,1252,10016,5040,0,4976,16,16,32,0,48,39,336,0,544,5,1252,23,0,311,11,1263
typed-byte,integer-ordered-fixed,131072,route-4.index,21,768,92,736,400,0,336,8,16,32,0,32,3,32,0,544,9,92,4,0,21,9,101
typed-byte,integer-ordered-fixed,131072,route-5.index,2,672,16,128,96,0,32,8,16,32,0,32,1,16,0,544,7,16,3,0,2,9,25
typed-byte,integer-ordered-variable,131072,native-0.kv,32768,8607112,8602931,68823448,266304,67573176,983968,3008,800,144,0,0,0,0,0,224,5,8602931,2186,0,32768,521,99345
typed-byte,integer-ordered-variable,131072,native-1.kv,32768,8630824,8626641,69013128,266304,67762680,984144,3008,800,144,0,0,0,0,0,224,7,8626641,2186,0,32768,9,98833
typed-byte,integer-ordered-variable,131072,native-2.kv,65536,17273560,17265417,138123336,528448,135625032,1969856,6016,1608,288,0,0,0,0,0,224,7,17265417,4371,0,65536,9,197137
typed-byte,integer-ordered-variable,131072,native-3.kv,0,248,0,0,0,0,0,0,8,16,0,0,0,0,0,224,0,0,1,0,0,0,0
typed-byte,integer-ordered-variable,131072,route-0.index,0,75456,0,0,0,0,0,0,16,32,0,4944,0,69920,0,544,0,0,2,0,0,0,0
typed-byte,integer-ordered-variable,131072,route-1.index,4370,57480,13630,109040,39120,0,69920,184,104,48,0,2800,547,39616,0,544,7,13630,294,0,4370,9,13639
typed-byte,integer-ordered-variable,131072,route-2.index,4661,21856,15023,120184,45608,0,74576,208,104,32,0,368,584,4976,0,544,17,15023,314,0,4661,53,15076
typed-byte,integer-ordered-variable,131072,route-3.index,311,2288,1252,10016,5040,0,4976,16,16,32,0,48,39,336,0,544,5,1252,23,0,311,11,1263
typed-byte,integer-ordered-variable,131072,route-4.index,21,768,92,736,400,0,336,8,16,32,0,32,3,32,0,544,9,92,4,0,21,9,101
typed-byte,integer-ordered-variable,131072,route-5.index,2,672,16,128,96,0,32,8,16,32,0,32,1,16,0,544,7,16,3,0,2,9,25
typed-byte,integer-random-fixed,131072,native-0.kv,32768,558944,556087,4448696,1827256,2097152,524288,1920,568,144,0,0,0,0,0,224,1,293943,2186,64,32768,952,294895
typed-byte,integer-random-fixed,131072,native-1.kv,32768,558904,556042,4448336,1826896,2097152,524288,1920,568,144,0,0,0,0,0,224,6,293898,2186,64,32768,878,294776
typed-byte,integer-random-fixed,131072,native-2.kv,65536,1097408,1091953,8735624,3492744,4194304,1048576,3832,1104,288,0,0,0,0,0,224,7,567665,4371,64,65536,1771,569436
typed-byte,integer-random-fixed,131072,native-3.kv,0,248,0,0,0,0,0,0,8,16,0,0,0,0,0,224,0,0,1,64,0,0,0
typed-byte,integer-random-fixed,131072,route-0.index,0,75456,0,0,0,0,0,0,16,32,0,4944,0,69920,0,544,0,0,2,0,0,0,0
typed-byte,integer-random-fixed,131072,route-1.index,4370,83504,39587,316696,246776,0,69920,264,88,48,0,2800,547,39616,0,544,10,39587,294,0,4370,109,39696
typed-byte,integer-random-fixed,131072,route-2.index,4661,49360,42463,339704,265128,0,74576,288,88,32,0,368,584,4976,0,544,17,42463,314,0,4661,155,42618
typed-byte,integer-random-fixed,131072,route-3.index,311,4096,3056,24448,19472,0,4976,24,16,32,0,48,39,336,0,544,1,3056,23,0,311,9,3065
typed-byte,integer-random-fixed,131072,route-4.index,21,888,211,1688,1352,0,336,8,16,32,0,32,3,32,0,544,10,211,4,0,21,3,214
typed-byte,integer-random-fixed,131072,route-5.index,2,680,21,168,136,0,32,8,16,32,0,32,1,16,0,544,10,21,3,0,2,3,24
typed-byte,integer-random-variable,131072,native-0.kv,32768,8841408,8837216,70697728,1827256,67885936,984536,3008,816,144,0,0,0,0,0,224,0,8837216,2186,0,32768,952,294895
typed-byte,integer-random-variable,131072,native-1.kv,32768,8797600,8793402,70347216,1826896,67536344,983976,3008,816,144,0,0,0,0,0,224,6,8793402,2186,0,32768,878,294776
typed-byte,integer-random-variable,131072,native-2.kv,65536,17633256,17625101,141000808,3492744,135538608,1969456,6016,1624,288,0,0,0,0,0,224,3,17625101,4371,0,65536,1771,569436
typed-byte,integer-random-variable,131072,native-3.kv,0,248,0,0,0,0,0,0,8,16,0,0,0,0,0,224,0,0,1,0,0,0,0
typed-byte,integer-random-variable,131072,route-0.index,0,75456,0,0,0,0,0,0,16,32,0,4944,0,69920,0,544,0,0,2,0,0,0,0
typed-byte,integer-random-variable,131072,route-1.index,4370,83504,39587,316696,246776,0,69920,264,88,48,0,2800,547,39616,0,544,10,39587,294,0,4370,109,39696
typed-byte,integer-random-variable,131072,route-2.index,4661,49360,42463,339704,265128,0,74576,288,88,32,0,368,584,4976,0,544,17,42463,314,0,4661,155,42618
typed-byte,integer-random-variable,131072,route-3.index,311,4096,3056,24448,19472,0,4976,24,16,32,0,48,39,336,0,544,1,3056,23,0,311,9,3065
typed-byte,integer-random-variable,131072,route-4.index,21,888,211,1688,1352,0,336,8,16,32,0,32,3,32,0,544,10,211,4,0,21,3,214
typed-byte,integer-random-variable,131072,route-5.index,2,680,21,168,136,0,32,8,16,32,0,32,1,16,0,544,10,21,3,0,2,3,24
typed-byte,string-structured-fixed,131072,native-0.kv,32768,902616,899330,7194640,1951760,4456448,786432,2192,720,144,0,0,0,0,0,224,6,899330,2186,0,32768,1,309507
typed-byte,string-structured-fixed,131072,native-1.kv,32768,902616,899330,7194640,1951760,4456448,786432,2192,720,144,0,0,0,0,0,224,6,899330,2186,0,32768,1,309507
typed-byte,string-structured-fixed,131072,native-2.kv,65536,1790384,1784067,14272536,3786776,8912896,1572864,4376,1424,288,0,0,0,0,0,224,5,1784067,4371,0,65536,1,604420
typed-byte,string-structured-fixed,131072,native-3.kv,0,248,0,0,0,0,0,0,8,16,0,0,0,0,0,224,0,0,1,0,0,0,0
typed-byte,string-structured-fixed,131072,route-0.index,0,75456,0,0,0,0,0,0,16,32,0,4944,0,69920,0,544,0,0,2,0,0,0,0
typed-byte,string-structured-fixed,131072,route-1.index,4370,89112,45187,361496,291576,0,69920,264,96,48,0,2800,547,39616,0,544,10,45187,294,0,4370,1,45188
typed-byte,string-structured-fixed,131072,route-2.index,4661,56488,49584,396672,322096,0,74576,288,96,32,0,368,584,4976,0,544,16,49584,314,0,4661,2,49586
typed-byte,string-structured-fixed,131072,route-3.index,311,4640,3596,28768,23792,0,4976,24,16,32,0,48,39,336,0,544,5,3596,23,0,311,1,3597
typed-byte,string-structured-fixed,131072,route-4.index,21,968,295,2360,2024,0,336,8,16,32,0,32,3,32,0,544,6,295,4,0,21,1,296
typed-byte,string-structured-fixed,131072,route-5.index,2,712,55,440,408,0,32,8,16,32,0,32,1,16,0,544,8,55,3,0,2,1,56
typed-byte,string-structured-variable,131072,native-0.kv,32768,8769568,8765369,70122952,1951760,67187808,983384,3008,816,144,0,0,0,0,0,224,7,8765369,2186,0,32768,1,309507
typed-byte,string-structured-variable,131072,native-1.kv,32768,8793200,8789003,70312024,1951760,67376632,983632,3008,816,144,0,0,0,0,0,224,5,8789003,2186,0,32768,1,309507
typed-byte,string-structured-variable,131072,native-2.kv,65536,17584104,17575950,140607600,3786776,134851744,1969080,6016,1624,288,0,0,0,0,0,224,2,17575950,4371,0,65536,1,604420
typed-byte,string-structured-variable,131072,native-3.kv,0,248,0,0,0,0,0,0,8,16,0,0,0,0,0,224,0,0,1,0,0,0,0
typed-byte,string-structured-variable,131072,route-0.index,0,75456,0,0,0,0,0,0,16,32,0,4944,0,69920,0,544,0,0,2,0,0,0,0
typed-byte,string-structured-variable,131072,route-1.index,4370,89112,45187,361496,291576,0,69920,264,96,48,0,2800,547,39616,0,544,10,45187,294,0,4370,1,45188
typed-byte,string-structured-variable,131072,route-2.index,4661,56488,49584,396672,322096,0,74576,288,96,32,0,368,584,4976,0,544,16,49584,314,0,4661,2,49586
typed-byte,string-structured-variable,131072,route-3.index,311,4640,3596,28768,23792,0,4976,24,16,32,0,48,39,336,0,544,5,3596,23,0,311,1,3597
typed-byte,string-structured-variable,131072,route-4.index,21,968,295,2360,2024,0,336,8,16,32,0,32,3,32,0,544,6,295,4,0,21,1,296
typed-byte,string-structured-variable,131072,route-5.index,2,712,55,440,408,0,32,8,16,32,0,32,1,16,0,544,8,55,3,0,2,1,56
typed-byte,string-binary-fixed,131072,native-0.kv,32768,1149304,1145911,9167288,3924408,4456448,786432,2464,560,144,0,0,0,0,0,224,1,1145911,2186,0,32768,1939,558026
typed-byte,string-binary-fixed,131072,native-1.kv,32768,1149264,1145866,9166928,3924048,4456448,786432,2464,560,144,0,0,0,0,0,224,6,1145866,2186,0,32768,1931,557973
typed-byte,string-binary-fixed,131072,native-2.kv,65536,2278144,2271601,18172808,7687048,8912896,1572864,4920,1104,288,0,0,0,0,0,224,7,2271601,4371,0,65536,3845,1095798
typed-byte,string-binary-fixed,131072,native-3.kv,0,248,0,0,0,0,0,0,8,16,0,0,0,0,0,224,0,0,1,0,0,0,0
typed-byte,string-binary-fixed,131072,route-0.index,0,75456,0,0,0,0,0,0,16,32,0,4944,0,69920,0,544,0,0,2,0,0,0,0
typed-byte,string-binary-fixed,131072,route-1.index,4370,118496,74547,596376,526456,0,69920,264,120,48,0,2800,547,39616,0,544,10,74547,294,0,4370,252,74799
typed-byte,string-binary-fixed,131072,route-2.index,4661,86680,79751,638008,563432,0,74576,288,120,32,0,368,584,4976,0,544,17,79751,314,0,4661,303,80054
typed-byte,string-binary-fixed,131072,route-3.index,311,6592,5544,44352,39376,0,4976,24,24,32,0,48,39,336,0,544,1,5544,23,0,311,16,5560
typed-byte,string-binary-fixed,131072,route-4.index,21,1056,379,3032,2696,0,336,8,16,32,0,32,3,32,0,544,10,379,4,0,21,3,382
typed-byte,string-binary-fixed,131072,route-5.index,2,696,37,296,264,0,32,8,16,32,0,32,1,16,0,544,10,37,3,0,2,3,40
typed-byte,string-binary-variable,131072,native-0.kv,32768,9055168,9050961,72407688,3924408,67499224,984056,3280,552,144,0,0,0,0,0,224,7,9050961,2186,0,32768,1939,558026
typed-byte,string-binary-variable,131072,native-1.kv,32768,9011552,9007347,72058776,3924048,67151128,983600,3280,552,144,0,0,0,0,0,224,5,9007347,2186,0,32768,1931,557973
typed-byte,string-binary-variable,131072,native-2.kv,65536,18060848,18052665,144421320,7687048,134765832,1968440,6560,1104,288,0,0,0,0,0,224,7,18052665,4371,0,65536,3845,1095798
typed-byte,string-binary-variable,131072,native-3.kv,0,248,0,0,0,0,0,0,8,16,0,0,0,0,0,224,0,0,1,0,0,0,0
typed-byte,string-binary-variable,131072,route-0.index,0,75456,0,0,0,0,0,0,16,32,0,4944,0,69920,0,544,0,0,2,0,0,0,0
typed-byte,string-binary-variable,131072,route-1.index,4370,118496,74547,596376,526456,0,69920,264,120,48,0,2800,547,39616,0,544,10,74547,294,0,4370,252,74799
typed-byte,string-binary-variable,131072,route-2.index,4661,86680,79751,638008,563432,0,74576,288,120,32,0,368,584,4976,0,544,17,79751,314,0,4661,303,80054
typed-byte,string-binary-variable,131072,route-3.index,311,6592,5544,44352,39376,0,4976,24,24,32,0,48,39,336,0,544,1,5544,23,0,311,16,5560
typed-byte,string-binary-variable,131072,route-4.index,21,1056,379,3032,2696,0,336,8,16,32,0,32,3,32,0,544,10,379,4,0,21,3,382
typed-byte,string-binary-variable,131072,route-5.index,2,696,37,296,264,0,32,8,16,32,0,32,1,16,0,544,10,37,3,0,2,3,40
typed-byte,string-prefix-fixed,131072,native-0.kv,32768,705912,702722,5621776,378896,4456448,786432,2192,624,144,0,0,0,0,0,224,6,702722,2186,0,32768,1,112899
typed-byte,string-prefix-fixed,131072,native-1.kv,32768,705912,702722,5621776,378896,4456448,786432,2192,624,144,0,0,0,0,0,224,6,702722,2186,0,32768,1,112899
typed-byte,string-prefix-fixed,131072,native-2.kv,65536,1396976,1390851,11126808,641048,8912896,1572864,4376,1232,288,0,0,0,0,0,224,5,1390851,4371,0,65536,1,211204
typed-byte,string-prefix-fixed,131072,native-3.kv,0,248,0,0,0,0,0,0,8,16,0,0,0,0,0,224,0,0,1,0,0,0,0
typed-byte,string-prefix-fixed,131072,route-0.index,0,75456,0,0,0,0,0,0,16,32,0,4944,0,69920,0,544,0,0,2,0,0,0,0
typed-byte,string-prefix-fixed,131072,route-1.index,4370,62840,18967,151736,81816,0,69920,224,88,48,0,2800,547,39616,0,544,6,18967,294,0,4370,1,18968
typed-byte,string-prefix-fixed,131072,route-2.index,4661,28464,21618,172944,98368,0,74576,240,88,32,0,368,584,4976,0,544,14,21618,314,0,4661,2,21620
typed-byte,string-prefix-fixed,131072,route-3.index,311,2776,1730,13840,8864,0,4976,24,16,32,0,48,39,336,0,544,7,1730,23,0,311,1,1731
typed-byte,string-prefix-fixed,131072,route-4.index,21,848,169,1352,1016,0,336,8,16,32,0,32,3,32,0,544,12,169,4,0,21,1,170
typed-byte,string-prefix-fixed,131072,route-5.index,2,704,43,344,312,0,32,8,16,32,0,32,1,16,0,544,12,43,3,0,2,1,44
typed-byte,string-prefix-variable,131072,native-0.kv,32768,8572944,8568761,68550088,378896,67187808,983384,3008,800,144,0,0,0,0,0,224,7,8568761,2186,0,32768,1,112899
typed-byte,string-prefix-variable,131072,native-1.kv,32768,8596576,8592395,68739160,378896,67376632,983632,3008,800,144,0,0,0,0,0,224,5,8592395,2186,0,32768,1,112899
typed-byte,string-prefix-variable,131072,native-2.kv,65536,17190864,17182734,137461872,641048,134851744,1969080,6016,1600,288,0,0,0,0,0,224,2,17182734,4371,0,65536,1,211204
typed-byte,string-prefix-variable,131072,native-3.kv,0,248,0,0,0,0,0,0,8,16,0,0,0,0,0,224,0,0,1,0,0,0,0
typed-byte,string-prefix-variable,131072,route-0.index,0,75456,0,0,0,0,0,0,16,32,0,4944,0,69920,0,544,0,0,2,0,0,0,0
typed-byte,string-prefix-variable,131072,route-1.index,4370,62840,18967,151736,81816,0,69920,224,88,48,0,2800,547,39616,0,544,6,18967,294,0,4370,1,18968
typed-byte,string-prefix-variable,131072,route-2.index,4661,28464,21618,172944,98368,0,74576,240,88,32,0,368,584,4976,0,544,14,21618,314,0,4661,2,21620
typed-byte,string-prefix-variable,131072,route-3.index,311,2776,1730,13840,8864,0,4976,24,16,32,0,48,39,336,0,544,7,1730,23,0,311,1,1731
typed-byte,string-prefix-variable,131072,route-4.index,21,848,169,1352,1016,0,336,8,16,32,0,32,3,32,0,544,12,169,4,0,21,1,170
typed-byte,string-prefix-variable,131072,route-5.index,2,704,43,344,312,0,32,8,16,32,0,32,1,16,0,544,12,43,3,0,2,1,44
typed-bit,integer-ordered-fixed,131072,native-0.kv,32768,532656,528931,4231442,2097152,2097152,37138,2464,800,144,0,0,0,0,17,288,12,2134290,2186,64,0,0,0
typed-bit,integer-ordered-fixed,131072,native-1.kv,32768,532656,528931,4231442,2097152,2097152,37138,2464,800,144,0,0,0,0,17,288,12,2134290,2186,64,0,0,0
typed-bit,integer-ordered-fixed,131072,native-2.kv,65536,1064976,1057861,8462884,4194304,4194304,74276,4920,1592,288,0,0,0,0,17,288,10,4268580,4371,64,0,0,0
typed-bit,integer-ordered-fixed,131072,native-3.kv,0,320,0,0,0,0,0,0,8,16,0,0,0,0,8,288,0,0,1,64,0,0,0
typed-bit,integer-ordered-fixed,131072,route-0.index,0,75456,0,0,0,0,0,0,16,32,0,4944,0,69920,0,544,0,0,2,0,0,0,0
typed-bit,integer-ordered-fixed,131072,route-1.index,4370,54384,10435,83478,30088,0,53390,296,88,48,0,2800,547,39616,0,544,10,83478,294,0,0,0,0
typed-bit,integer-ordered-fixed,131072,route-2.index,4661,19512,12578,100618,36250,0,64368,320,96,32,0,368,584,4976,0,544,14,100618,314,0,0,0,0
typed-bit,integer-ordered-fixed,131072,route-3.index,311,2024,978,7817,3357,0,4460,24,16,32,0,48,39,336,0,544,7,7817,23,0,0,0,0
typed-bit,integer-ordered-fixed,131072,route-4.index,21,760,85,677,351,0,326,8,16,32,0,32,3,32,0,544,8,677,4,0,0,0,0
typed-bit,integer-ordered-fixed,131072,route-5.index,2,672,15,114,82,0,32,8,16,32,0,32,1,16,0,544,8,114,3,0,0,0,0
typed-bit,integer-ordered-variable,131072,native-0.kv,32768,8699216,8694118,69552938,2097152,67418648,37138,3832,808,144,0,0,0,0,17,288,9,69552938,2186,0,0,0,0
typed-bit,integer-ordered-variable,131072,native-1.kv,32768,8722872,8717769,69742148,2097152,67607858,37138,3832,808,144,0,0,0,0,17,288,14,69742148,2186,0,0,0,0
typed-bit,integer-ordered-variable,131072,native-2.kv,65536,17457768,17447894,139583146,4194304,135314566,74276,7656,1616,288,0,0,0,0,17,288,9,139583146,4371,0,0,0,0
typed-bit,integer-ordered-variable,131072,native-3.kv,0,320,0,0,0,0,0,0,8,16,0,0,0,0,8,288,0,0,1,0,0,0,0
typed-bit,integer-ordered-variable,131072,route-0.index,0,75456,0,0,0,0,0,0,16,32,0,4944,0,69920,0,544,0,0,2,0,0,0,0
typed-bit,integer-ordered-variable,131072,route-1.index,4370,54384,10435,83478,30088,0,53390,296,88,48,0,2800,547,39616,0,544,10,83478,294,0,0,0,0
typed-bit,integer-ordered-variable,131072,route-2.index,4661,19512,12578,100618,36250,0,64368,320,96,32,0,368,584,4976,0,544,14,100618,314,0,0,0,0
typed-bit,integer-ordered-variable,131072,route-3.index,311,2024,978,7817,3357,0,4460,24,16,32,0,48,39,336,0,544,7,7817,23,0,0,0,0
typed-bit,integer-ordered-variable,131072,route-4.index,21,760,85,677,351,0,326,8,16,32,0,32,3,32,0,544,8,677,4,0,0,0,0
typed-bit,integer-ordered-variable,131072,route-5.index,2,672,15,114,82,0,32,8,16,32,0,32,1,16,0,544,8,114,3,0,0,0,0
typed-bit,integer-random-fixed,131072,native-0.kv,32768,532656,528931,4231442,2097152,2097152,37138,2464,800,144,0,0,0,0,17,288,12,2134290,2186,64,0,0,0
typed-bit,integer-random-fixed,131072,native-1.kv,32768,532656,528931,4231442,2097152,2097152,37138,2464,800,144,0,0,0,0,17,288,12,2134290,2186,64,0,0,0
typed-bit,integer-random-fixed,131072,native-2.kv,65536,1064976,1057861,8462884,4194304,4194304,74276,4920,1592,288,0,0,0,0,17,288,10,4268580,4371,64,0,0,0
typed-bit,integer-random-fixed,131072,native-3.kv,0,320,0,0,0,0,0,0,8,16,0,0,0,0,8,288,0,0,1,64,0,0,0
typed-bit,integer-random-fixed,131072,route-0.index,0,75456,0,0,0,0,0,0,16,32,0,4944,0,69920,0,544,0,0,2,0,0,0,0
typed-bit,integer-random-fixed,131072,route-1.index,4370,85296,41278,330219,235241,0,94978,368,88,48,0,2800,547,39616,0,544,7,330219,294,0,0,0,0
typed-bit,integer-random-fixed,131072,route-2.index,4661,51560,44558,356458,255160,0,101298,400,88,32,0,368,584,4976,0,544,10,356458,314,0,0,0,0
typed-bit,integer-random-fixed,131072,route-3.index,311,4136,3086,24683,17927,0,6756,32,16,32,0,48,39,336,0,544,3,24683,23,0,0,0,0
typed-bit,integer-random-fixed,131072,route-4.index,21,896,219,1751,1291,0,460,8,16,32,0,32,3,32,0,544,10,1751,4,0,0,0,0
typed-bit,integer-random-fixed,131072,route-5.index,2,680,22,169,129,0,40,8,16,32,0,32,1,16,0,544,9,169,3,0,0,0,0
typed-bit,integer-random-variable,131072,native-0.kv,32768,8738184,8733087,69864696,2097152,67730406,37138,3832,808,144,0,0,0,0,17,288,8,69864696,2186,0,0,0,0
typed-bit,integer-random-variable,131072,native-1.kv,32768,8694648,8689551,69516406,2097152,67382116,37138,3832,808,144,0,0,0,0,17,288,8,69516406,2186,0,0,0,0
typed-bit,integer-random-variable,131072,native-2.kv,65536,17447016,17437142,139497130,4194304,135228550,74276,7656,1616,288,0,0,0,0,17,288,9,139497130,4371,0,0,0,0
typed-bit,integer-random-variable,131072,native-3.kv,0,320,0,0,0,0,0,0,8,16,0,0,0,0,8,288,0,0,1,0,0,0,0
typed-bit,integer-random-variable,131072,route-0.index,0,75456,0,0,0,0,0,0,16,32,0,4944,0,69920,0,544,0,0,2,0,0,0,0
typed-bit,integer-random-variable,131072,route-1.index,4370,85296,41278,330219,235241,0,94978,368,88,48,0,2800,547,39616,0,544,7,330219,294,0,0,0,0
typed-bit,integer-random-variable,131072,route-2.index,4661,51560,44558,356458,255160,0,101298,400,88,32,0,368,584,4976,0,544,10,356458,314,0,0,0,0
typed-bit,integer-random-variable,131072,route-3.index,311,4136,3086,24683,17927,0,6756,32,16,32,0,48,39,336,0,544,3,24683,23,0,0,0,0
typed-bit,integer-random-variable,131072,route-4.index,21,896,219,1751,1291,0,460,8,16,32,0,32,3,32,0,544,10,1751,4,0,0,0,0
typed-bit,integer-random-variable,131072,route-5.index,2,680,22,169,129,0,40,8,16,32,0,32,1,16,0,544,9,169,3,0,0,0,0
typed-bit,string-structured-fixed,131072,native-0.kv,32768,883304,879523,7036179,1778449,4521984,735746,2736,584,144,0,0,0,0,17,288,12,2514195,2186,138,0,0,0
typed-bit,string-structured-fixed,131072,native-1.kv,32768,883304,879523,7036179,1778449,4521984,735746,2736,584,144,0,0,0,0,17,288,12,2514195,2186,138,0,0,0
typed-bit,string-structured-fixed,131072,native-2.kv,65536,1744440,1737226,13897806,3384086,9043968,1469752,5464,1144,288,0,0,0,0,17,288,13,4853838,4371,138,0,0,0
typed-bit,string-structured-fixed,131072,native-3.kv,0,320,0,0,0,0,0,0,8,16,0,0,0,0,8,288,0,0,1,0,0,0,0
typed-bit,string-structured-fixed,131072,route-0.index,0,75456,0,0,0,0,0,0,16,32,0,4944,0,69920,0,544,0,0,2,0,0,0,0
typed-bit,string-structured-fixed,131072,route-1.index,4370,90328,46297,370370,268120,0,102250,368,96,48,0,2800,547,39616,0,544,12,370370,294,0,0,0,0
typed-bit,string-structured-fixed,131072,route-2.index,4661,58296,51281,410245,296451,0,113794,400,96,32,0,368,584,4976,0,544,15,410245,314,0,0,0,0
typed-bit,string-structured-fixed,131072,route-3.index,311,4832,3782,30256,22138,0,8118,32,16,32,0,48,39,336,0,544,3,30256,23,0,0,0,0
typed-bit,string-structured-fixed,131072,route-4.index,21,984,306,2444,1904,0,540,8,16,32,0,32,3,32,0,544,11,2444,4,0,0,0,0
typed-bit,string-structured-fixed,131072,route-5.index,2,712,56,441,397,0,44,8,16,32,0,32,1,16,0,544,7,441,3,0,0,0,0
typed-bit,string-structured-variable,131072,native-0.kv,32768,8750800,8745702,69965611,1778449,67451416,735746,3832,808,144,0,0,0,0,17,288,9,69965611,2186,0,0,0,0
typed-bit,string-structured-variable,131072,native-1.kv,32768,8774464,8769353,70154821,1778449,67640626,735746,3832,816,144,0,0,0,0,17,288,14,70154821,2186,0,0,0,0
typed-bit,string-structured-variable,131072,native-2.kv,65536,17539128,17529243,140233940,3384086,135380102,1469752,7656,1624,288,0,0,0,0,17,288,12,140233940,4371,0,0,0,0
typed-bit,string-structured-variable,131072,native-3.kv,0,320,0,0,0,0,0,0,8,16,0,0,0,0,8,288,0,0,1,0,0,0,0
typed-bit,string-structured-variable,131072,route-0.index,0,75456,0,0,0,0,0,0,16,32,0,4944,0,69920,0,544,0,0,2,0,0,0,0
typed-bit,string-structured-variable,131072,route-1.index,4370,90328,46297,370370,268120,0,102250,368,96,48,0,2800,547,39616,0,544,12,370370,294,0,0,0,0
typed-bit,string-structured-variable,131072,route-2.index,4661,58296,51281,410245,296451,0,113794,400,96,32,0,368,584,4976,0,544,15,410245,314,0,0,0,0
typed-bit,string-structured-variable,131072,route-3.index,311,4832,3782,30256,22138,0,8118,32,16,32,0,48,39,336,0,544,3,30256,23,0,0,0,0
typed-bit,string-structured-variable,131072,route-4.index,21,984,306,2444,1904,0,540,8,16,32,0,32,3,32,0,544,11,2444,4,0,0,0,0
typed-bit,string-structured-variable,131072,route-5.index,2,712,56,441,397,0,44,8,16,32,0,32,1,16,0,544,7,441,3,0,0,0,0
typed-bit,string-binary-fixed,131072,native-0.kv,32768,1144424,1140396,9123162,3760232,4521984,840946,3008,560,144,0,0,0,0,17,288,11,4601178,2186,138,0,0,0
typed-bit,string-binary-fixed,131072,native-1.kv,32768,1144416,1140390,9123119,3760145,4521984,840990,3008,560,144,0,0,0,0,17,288,9,4601135,2186,138,0,0,0
typed-bit,string-binary-fixed,131072,native-2.kv,65536,2275976,2268249,18145985,7417641,9043968,1684376,6016,1104,288,0,0,0,0,17,288,14,9102017,4371,138,0,0,0
typed-bit,string-binary-fixed,131072,native-3.kv,0,320,0,0,0,0,0,0,8,16,0,0,0,0,8,288,0,0,1,0,0,0,0
typed-bit,string-binary-fixed,131072,route-0.index,0,75456,0,0,0,0,0,0,16,32,0,4944,0,69920,0,544,0,0,2,0,0,0,0
typed-bit,string-binary-fixed,131072,route-1.index,4370,122408,78350,626795,514921,0,111874,408,88,48,0,2800,547,39616,0,544,7,626795,294,0,0,0,0
typed-bit,string-binary-fixed,131072,route-2.index,4661,91144,84098,672782,553464,0,119318,440,88,32,0,368,584,4976,0,544,14,672782,314,0,0,0,0
typed-bit,string-binary-fixed,131072,route-3.index,311,6776,5724,45789,37831,0,7958,32,16,32,0,48,39,336,0,544,5,45789,23,0,0,0,0
typed-bit,string-binary-fixed,131072,route-4.index,21,1072,397,3175,2635,0,540,8,16,32,0,32,3,32,0,544,8,3175,4,0,0,0,0
typed-bit,string-binary-fixed,131072,route-5.index,2,696,38,303,257,0,46,8,16,32,0,32,1,16,0,544,9,303,3,0,0,0,0
typed-bit,string-binary-variable,131072,native-0.kv,32768,9050656,9045544,72364352,3760232,67763174,840946,4104,552,144,0,0,0,0,17,288,7,72364352,2186,0,0,0,0
typed-bit,string-binary-variable,131072,native-1.kv,32768,9007120,9002003,72016019,3760145,67414884,840990,4104,552,144,0,0,0,0,17,288,12,72016019,2186,0,0,0,0
typed-bit,string-binary-variable,131072,native-2.kv,65536,18059424,18049513,144396103,7417641,135294086,1684376,8200,1104,288,0,0,0,0,17,288,14,144396103,4371,0,0,0,0
typed-bit,string-binary-variable,131072,native-3.kv,0,320,0,0,0,0,0,0,8,16,0,0,0,0,8,288,0,0,1,0,0,0,0
typed-bit,string-binary-variable,131072,route-0.index,0,75456,0,0,0,0,0,0,16,32,0,4944,0,69920,0,544,0,0,2,0,0,0,0
typed-bit,string-binary-variable,131072,route-1.index,4370,122408,78350,626795,514921,0,111874,408,88,48,0,2800,547,39616,0,544,7,626795,294,0,0,0,0
typed-bit,string-binary-variable,131072,route-2.index,4661,91144,84098,672782,553464,0,119318,440,88,32,0,368,584,4976,0,544,14,672782,314,0,0,0,0
typed-bit,string-binary-variable,131072,route-3.index,311,6776,5724,45789,37831,0,7958,32,16,32,0,48,39,336,0,544,5,45789,23,0,0,0,0
typed-bit,string-binary-variable,131072,route-4.index,21,1072,397,3175,2635,0,540,8,16,32,0,32,3,32,0,544,8,3175,4,0,0,0,0
typed-bit,string-binary-variable,131072,route-5.index,2,696,38,303,257,0,46,8,16,32,0,32,1,16,0,544,9,303,3,0,0,0,0
typed-bit,string-prefix-fixed,131072,native-0.kv,32768,644640,641415,5131315,205585,4521984,403746,2192,576,144,0,0,0,0,17,288,8,609331,2186,138,0,0,0
typed-bit,string-prefix-fixed,131072,native-1.kv,32768,644640,641415,5131315,205585,4521984,403746,2192,576,144,0,0,0,0,17,288,8,609331,2186,138,0,0,0
typed-bit,string-prefix-fixed,131072,native-2.kv,65536,1244992,1239160,9913274,238358,9043968,630948,3832,1400,288,0,0,0,0,17,288,7,869306,4371,138,0,0,0
typed-bit,string-prefix-fixed,131072,native-3.kv,0,320,0,0,0,0,0,0,8,16,0,0,0,0,8,288,0,0,1,0,0,0,0
typed-bit,string-prefix-fixed,131072,route-0.index,0,75456,0,0,0,0,0,0,16,32,0,4944,0,69920,0,544,0,0,2,0,0,0,0
typed-bit,string-prefix-fixed,131072,route-1.index,4370,59832,15859,126872,58360,0,68512,296,112,48,0,2800,547,39616,0,544,10,126872,294,0,0,0,0
typed-bit,string-prefix-fixed,131072,route-2.index,4661,25784,18824,150585,72723,0,77862,320,120,32,0,368,584,4976,0,544,16,150585,314,0,0,0,0
typed-bit,string-prefix-fixed,131072,route-3.index,311,2672,1623,12978,7210,0,5768,32,16,32,0,48,39,336,0,544,2,12978,23,0,0,0,0
typed-bit,string-prefix-fixed,131072,route-4.index,21,840,166,1326,896,0,430,8,16,32,0,32,3,32,0,544,7,1326,4,0,0,0,0
typed-bit,string-prefix-fixed,131072,route-5.index,2,704,43,341,301,0,40,8,16,32,0,32,1,16,0,544,12,341,3,0,0,0,0
typed-bit,string-prefix-variable,131072,native-0.kv,32768,8512688,8507594,68060747,205585,67451416,403746,3832,800,144,0,0,0,0,17,288,13,68060747,2186,0,0,0,0
typed-bit,string-prefix-variable,131072,native-1.kv,32768,8536336,8531245,68249957,205585,67640626,403746,3832,800,144,0,0,0,0,17,288,10,68249957,2186,0,0,0,0
typed-bit,string-prefix-variable,131072,native-2.kv,65536,17041024,17031176,136249408,238358,135380102,630948,7656,1592,288,0,0,0,0,17,288,7,136249408,4371,0,0,0,0
typed-bit,string-prefix-variable,131072,native-3.kv,0,320,0,0,0,0,0,0,8,16,0,0,0,0,8,288,0,0,1,0,0,0,0
typed-bit,string-prefix-variable,131072,route-0.index,0,75456,0,0,0,0,0,0,16,32,0,4944,0,69920,0,544,0,0,2,0,0,0,0
typed-bit,string-prefix-variable,131072,route-1.index,4370,59832,15859,126872,58360,0,68512,296,112,48,0,2800,547,39616,0,544,10,126872,294,0,0,0,0
typed-bit,string-prefix-variable,131072,route-2.index,4661,25784,18824,150585,72723,0,77862,320,120,32,0,368,584,4976,0,544,16,150585,314,0,0,0,0
typed-bit,string-prefix-variable,131072,route-3.index,311,2672,1623,12978,7210,0,5768,32,16,32,0,48,39,336,0,544,2,12978,23,0,0,0,0
typed-bit,string-prefix-variable,131072,route-4.index,21,840,166,1326,896,0,430,8,16,32,0,32,3,32,0,544,7,1326,4,0,0,0,0
typed-bit,string-prefix-variable,131072,route-5.index,2,704,43,341,301,0,40,8,16,32,0,32,1,16,0,544,12,341,3,0,0,0,0
typed-byte-known,integer-ordered-fixed,131072,native-0.kv,32768,363368,360968,2887744,266304,2097152,524288,1368,664,144,0,0,0,0,0,224,0,98824,2186,64,32768,521,99345
typed-byte-known,integer-ordered-fixed,131072,native-1.kv,32768,363368,360968,2887744,266304,2097152,524288,1368,664,144,0,0,0,0,0,224,0,98824,2186,64,32768,9,98833
typed-byte-known,integer-ordered-fixed,131072,native-2.kv,65536,725984,721416,5771328,528448,4194304,1048576,2736,1320,288,0,0,0,0,0,224,0,197128,4371,64,65536,9,197137
typed-byte-known,integer-ordered-fixed,131072,native-3.kv,0,248,0,0,0,0,0,0,8,16,0,0,0,0,0,224,0,0,1,64,0,0,0
typed-byte-known,integer-ordered-fixed,131072,route-0.index,0,75456,0,0,0,0,0,0,16,32,0,4944,0,69920,0,544,0,0,2,0,0,0,0
typed-byte-known,integer-ordered-fixed,131072,route-1.index,4370,57480,13630,109040,39120,0,69920,184,104,48,0,2800,547,39616,0,544,7,13630,294,0,4370,9,13639
typed-byte-known,integer-ordered-fixed,131072,route-2.index,4661,21856,15023,120184,45608,0,74576,208,104,32,0,368,584,4976,0,544,17,15023,314,0,4661,53,15076
typed-byte-known,integer-ordered-fixed,131072,route-3.index,311,2288,1252,10016,5040,0,4976,16,16,32,0,48,39,336,0,544,5,1252,23,0,311,11,1263
typed-byte-known,integer-ordered-fixed,131072,route-4.index,21,768,92,736,400,0,336,8,16,32,0,32,3,32,0,544,9,92,4,0,21,9,101
typed-byte-known,integer-ordered-fixed,131072,route-5.index,2,672,16,128,96,0,32,8,16,32,0,32,1,16,0,544,7,16,3,0,2,9,25
typed-byte-known,integer-ordered-variable,131072,native-0.kv,32768,8607112,8602931,68823448,266304,67573176,983968,3008,800,144,0,0,0,0,0,224,5,8602931,2186,0,32768,521,99345
typed-byte-known,integer-ordered-variable,131072,native-1.kv,32768,8630824,8626641,69013128,266304,67762680,984144,3008,800,144,0,0,0,0,0,224,7,8626641,2186,0,32768,9,98833
typed-byte-known,integer-ordered-variable,131072,native-2.kv,65536,17273560,17265417,138123336,528448,135625032,1969856,6016,1608,288,0,0,0,0,0,224,7,17265417,4371,0,65536,9,197137
typed-byte-known,integer-ordered-variable,131072,native-3.kv,0,248,0,0,0,0,0,0,8,16,0,0,0,0,0,224,0,0,1,0,0,0,0
typed-byte-known,integer-ordered-variable,131072,route-0.index,0,75456,0,0,0,0,0,0,16,32,0,4944,0,69920,0,544,0,0,2,0,0,0,0
typed-byte-known,integer-ordered-variable,131072,route-1.index,4370,57480,13630,109040,39120,0,69920,184,104,48,0,2800,547,39616,0,544,7,13630,294,0,4370,9,13639
typed-byte-known,integer-ordered-variable,131072,route-2.index,4661,21856,15023,120184,45608,0,74576,208,104,32,0,368,584,4976,0,544,17,15023,314,0,4661,53,15076
typed-byte-known,integer-ordered-variable,131072,route-3.index,311,2288,1252,10016,5040,0,4976,16,16,32,0,48,39,336,0,544,5,1252,23,0,311,11,1263
typed-byte-known,integer-ordered-variable,131072,route-4.index,21,768,92,736,400,0,336,8,16,32,0,32,3,32,0,544,9,92,4,0,21,9,101
typed-byte-known,integer-ordered-variable,131072,route-5.index,2,672,16,128,96,0,32,8,16,32,0,32,1,16,0,544,7,16,3,0,2,9,25
typed-byte-known,integer-random-fixed,131072,native-0.kv,32768,558944,556087,4448696,1827256,2097152,524288,1920,568,144,0,0,0,0,0,224,1,293943,2186,64,32768,952,294895
typed-byte-known,integer-random-fixed,131072,native-1.kv,32768,558904,556042,4448336,1826896,2097152,524288,1920,568,144,0,0,0,0,0,224,6,293898,2186,64,32768,878,294776
typed-byte-known,integer-random-fixed,131072,native-2.kv,65536,1097408,1091953,8735624,3492744,4194304,1048576,3832,1104,288,0,0,0,0,0,224,7,567665,4371,64,65536,1771,569436
typed-byte-known,integer-random-fixed,131072,native-3.kv,0,248,0,0,0,0,0,0,8,16,0,0,0,0,0,224,0,0,1,64,0,0,0
typed-byte-known,integer-random-fixed,131072,route-0.index,0,75456,0,0,0,0,0,0,16,32,0,4944,0,69920,0,544,0,0,2,0,0,0,0
typed-byte-known,integer-random-fixed,131072,route-1.index,4370,83504,39587,316696,246776,0,69920,264,88,48,0,2800,547,39616,0,544,10,39587,294,0,4370,109,39696
typed-byte-known,integer-random-fixed,131072,route-2.index,4661,49360,42463,339704,265128,0,74576,288,88,32,0,368,584,4976,0,544,17,42463,314,0,4661,155,42618
typed-byte-known,integer-random-fixed,131072,route-3.index,311,4096,3056,24448,19472,0,4976,24,16,32,0,48,39,336,0,544,1,3056,23,0,311,9,3065
typed-byte-known,integer-random-fixed,131072,route-4.index,21,888,211,1688,1352,0,336,8,16,32,0,32,3,32,0,544,10,211,4,0,21,3,214
typed-byte-known,integer-random-fixed,131072,route-5.index,2,680,21,168,136,0,32,8,16,32,0,32,1,16,0,544,10,21,3,0,2,3,24
typed-byte-known,integer-random-variable,131072,native-0.kv,32768,8841408,8837216,70697728,1827256,67885936,984536,3008,816,144,0,0,0,0,0,224,0,8837216,2186,0,32768,952,294895
typed-byte-known,integer-random-variable,131072,native-1.kv,32768,8797600,8793402,70347216,1826896,67536344,983976,3008,816,144,0,0,0,0,0,224,6,8793402,2186,0,32768,878,294776
typed-byte-known,integer-random-variable,131072,native-2.kv,65536,17633256,17625101,141000808,3492744,135538608,1969456,6016,1624,288,0,0,0,0,0,224,3,17625101,4371,0,65536,1771,569436
typed-byte-known,integer-random-variable,131072,native-3.kv,0,248,0,0,0,0,0,0,8,16,0,0,0,0,0,224,0,0,1,0,0,0,0
typed-byte-known,integer-random-variable,131072,route-0.index,0,75456,0,0,0,0,0,0,16,32,0,4944,0,69920,0,544,0,0,2,0,0,0,0
typed-byte-known,integer-random-variable,131072,route-1.index,4370,83504,39587,316696,246776,0,69920,264,88,48,0,2800,547,39616,0,544,10,39587,294,0,4370,109,39696
typed-byte-known,integer-random-variable,131072,route-2.index,4661,49360,42463,339704,265128,0,74576,288,88,32,0,368,584,4976,0,544,17,42463,314,0,4661,155,42618
typed-byte-known,integer-random-variable,131072,route-3.index,311,4096,3056,24448,19472,0,4976,24,16,32,0,48,39,336,0,544,1,3056,23,0,311,9,3065
typed-byte-known,integer-random-variable,131072,route-4.index,21,888,211,1688,1352,0,336,8,16,32,0,32,3,32,0,544,10,211,4,0,21,3,214
typed-byte-known,integer-random-variable,131072,route-5.index,2,680,21,168,136,0,32,8,16,32,0,32,1,16,0,544,10,21,3,0,2,3,24
typed-byte-known,string-structured-fixed,131072,native-0.kv,32768,869432,866562,6932496,1951760,4456448,524288,1920,576,144,0,0,0,0,0,224,6,309506,2186,136,32768,1,309507
typed-byte-known,string-structured-fixed,131072,native-1.kv,32768,869432,866562,6932496,1951760,4456448,524288,1920,576,144,0,0,0,0,0,224,6,309506,2186,136,32768,1,309507
typed-byte-known,string-structured-fixed,131072,native-2.kv,65536,1724024,1718531,13748248,3786776,8912896,1048576,3832,1144,288,0,0,0,0,0,224,5,604419,4371,136,65536,1,604420
typed-byte-known,string-structured-fixed,131072,native-3.kv,0,248,0,0,0,0,0,0,8,16,0,0,0,0,0,224,0,0,1,136,0,0,0
typed-byte-known,string-structured-fixed,131072,route-0.index,0,75456,0,0,0,0,0,0,16,32,0,4944,0,69920,0,544,0,0,2,0,0,0,0
typed-byte-known,string-structured-fixed,131072,route-1.index,4370,89112,45187,361496,291576,0,69920,264,96,48,0,2800,547,39616,0,544,10,45187,294,0,4370,1,45188
typed-byte-known,string-structured-fixed,131072,route-2.index,4661,56488,49584,396672,322096,0,74576,288,96,32,0,368,584,4976,0,544,16,49584,314,0,4661,2,49586
typed-byte-known,string-structured-fixed,131072,route-3.index,311,4640,3596,28768,23792,0,4976,24,16,32,0,48,39,336,0,544,5,3596,23,0,311,1,3597
typed-byte-known,string-structured-fixed,131072,route-4.index,21,968,295,2360,2024,0,336,8,16,32,0,32,3,32,0,544,6,295,4,0,21,1,296
typed-byte-known,string-structured-fixed,131072,route-5.index,2,712,55,440,408,0,32,8,16,32,0,32,1,16,0,544,8,55,3,0,2,1,56
typed-byte-known,string-structured-variable,131072,native-0.kv,32768,8769568,8765369,70122952,1951760,67187808,983384,3008,816,144,0,0,0,0,0,224,7,8765369,2186,0,32768,1,309507
typed-byte-known,string-structured-variable,131072,native-1.kv,32768,8793200,8789003,70312024,1951760,67376632,983632,3008,816,144,0,0,0,0,0,224,5,8789003,2186,0,32768,1,309507
typed-byte-known,string-structured-variable,131072,native-2.kv,65536,17584104,17575950,140607600,3786776,134851744,1969080,6016,1624,288,0,0,0,0,0,224,2,17575950,4371,0,65536,1,604420
typed-byte-known,string-structured-variable,131072,native-3.kv,0,248,0,0,0,0,0,0,8,16,0,0,0,0,0,224,0,0,1,0,0,0,0
typed-byte-known,string-structured-variable,131072,route-0.index,0,75456,0,0,0,0,0,0,16,32,0,4944,0,69920,0,544,0,0,2,0,0,0,0
typed-byte-known,string-structured-variable,131072,route-1.index,4370,89112,45187,361496,291576,0,69920,264,96,48,0,2800,547,39616,0,544,10,45187,294,0,4370,1,45188
typed-byte-known,string-structured-variable,131072,route-2.index,4661,56488,49584,396672,322096,0,74576,288,96,32,0,368,584,4976,0,544,16,49584,314,0,4661,2,49586
typed-byte-known,string-structured-variable,131072,route-3.index,311,4640,3596,28768,23792,0,4976,24,16,32,0,48,39,336,0,544,5,3596,23,0,311,1,3597
typed-byte-known,string-structured-variable,131072,route-4.index,21,968,295,2360,2024,0,336,8,16,32,0,32,3,32,0,544,6,295,4,0,21,1,296
typed-byte-known,string-structured-variable,131072,route-5.index,2,712,55,440,408,0,32,8,16,32,0,32,1,16,0,544,8,55,3,0,2,1,56
typed-byte-known,string-binary-fixed,131072,native-0.kv,32768,1116256,1113143,8905144,3924408,4456448,524288,1920,824,144,0,0,0,0,0,224,1,556087,2186,136,32768,1939,558026
typed-byte-known,string-binary-fixed,131072,native-1.kv,32768,1116216,1113098,8904784,3924048,4456448,524288,1920,824,144,0,0,0,0,0,224,6,556042,2186,136,32768,1931,557973
typed-byte-known,string-binary-fixed,131072,native-2.kv,65536,2212032,2206065,17648520,7687048,8912896,1048576,3832,1616,288,0,0,0,0,0,224,7,1091953,4371,136,65536,3845,1095798
typed-byte-known,string-binary-fixed,131072,native-3.kv,0,248,0,0,0,0,0,0,8,16,0,0,0,0,0,224,0,0,1,136,0,0,0
typed-byte-known,string-binary-fixed,131072,route-0.index,0,75456,0,0,0,0,0,0,16,32,0,4944,0,69920,0,544,0,0,2,0,0,0,0
typed-byte-known,string-binary-fixed,131072,route-1.index,4370,118496,74547,596376,526456,0,69920,264,120,48,0,2800,547,39616,0,544,10,74547,294,0,4370,252,74799
typed-byte-known,string-binary-fixed,131072,route-2.index,4661,86680,79751,638008,563432,0,74576,288,120,32,0,368,584,4976,0,544,17,79751,314,0,4661,303,80054
typed-byte-known,string-binary-fixed,131072,route-3.index,311,6592,5544,44352,39376,0,4976,24,24,32,0,48,39,336,0,544,1,5544,23,0,311,16,5560
typed-byte-known,string-binary-fixed,131072,route-4.index,21,1056,379,3032,2696,0,336,8,16,32,0,32,3,32,0,544,10,379,4,0,21,3,382
typed-byte-known,string-binary-fixed,131072,route-5.index,2,696,37,296,264,0,32,8,16,32,0,32,1,16,0,544,10,37,3,0,2,3,40
typed-byte-known,string-binary-variable,131072,native-0.kv,32768,9055168,9050961,72407688,3924408,67499224,984056,3280,552,144,0,0,0,0,0,224,7,9050961,2186,0,32768,1939,558026
typed-byte-known,string-binary-variable,131072,native-1.kv,32768,9011552,9007347,72058776,3924048,67151128,983600,3280,552,144,0,0,0,0,0,224,5,9007347,2186,0,32768,1931,557973
typed-byte-known,string-binary-variable,131072,native-2.kv,65536,18060848,18052665,144421320,7687048,134765832,1968440,6560,1104,288,0,0,0,0,0,224,7,18052665,4371,0,65536,3845,1095798
typed-byte-known,string-binary-variable,131072,native-3.kv,0,248,0,0,0,0,0,0,8,16,0,0,0,0,0,224,0,0,1,0,0,0,0
typed-byte-known,string-binary-variable,131072,route-0.index,0,75456,0,0,0,0,0,0,16,32,0,4944,0,69920,0,544,0,0,2,0,0,0,0
typed-byte-known,string-binary-variable,131072,route-1.index,4370,118496,74547,596376,526456,0,69920,264,120,48,0,2800,547,39616,0,544,10,74547,294,0,4370,252,74799
typed-byte-known,string-binary-variable,131072,route-2.index,4661,86680,79751,638008,563432,0,74576,288,120,32,0,368,584,4976,0,544,17,79751,314,0,4661,303,80054
typed-byte-known,string-binary-variable,131072,route-3.index,311,6592,5544,44352,39376,0,4976,24,24,32,0,48,39,336,0,544,1,5544,23,0,311,16,5560
typed-byte-known,string-binary-variable,131072,route-4.index,21,1056,379,3032,2696,0,336,8,16,32,0,32,3,32,0,544,10,379,4,0,21,3,382
typed-byte-known,string-binary-variable,131072,route-5.index,2,696,37,296,264,0,32,8,16,32,0,32,1,16,0,544,10,37,3,0,2,3,40
typed-byte-known,string-prefix-fixed,131072,native-0.kv,32768,672416,669954,5359632,378896,4456448,524288,1368,720,144,0,0,0,0,0,224,6,112898,2186,136,32768,1,112899
typed-byte-known,string-prefix-fixed,131072,native-1.kv,32768,672416,669954,5359632,378896,4456448,524288,1368,720,144,0,0,0,0,0,224,6,112898,2186,136,32768,1,112899
typed-byte-known,string-prefix-fixed,131072,native-2.kv,65536,1329944,1325315,10602520,641048,8912896,1048576,2736,1376,288,0,0,0,0,0,224,5,211203,4371,136,65536,1,211204
typed-byte-known,string-prefix-fixed,131072,native-3.kv,0,248,0,0,0,0,0,0,8,16,0,0,0,0,0,224,0,0,1,136,0,0,0
typed-byte-known,string-prefix-fixed,131072,route-0.index,0,75456,0,0,0,0,0,0,16,32,0,4944,0,69920,0,544,0,0,2,0,0,0,0
typed-byte-known,string-prefix-fixed,131072,route-1.index,4370,62840,18967,151736,81816,0,69920,224,88,48,0,2800,547,39616,0,544,6,18967,294,0,4370,1,18968
typed-byte-known,string-prefix-fixed,131072,route-2.index,4661,28464,21618,172944,98368,0,74576,240,88,32,0,368,584,4976,0,544,14,21618,314,0,4661,2,21620
typed-byte-known,string-prefix-fixed,131072,route-3.index,311,2776,1730,13840,8864,0,4976,24,16,32,0,48,39,336,0,544,7,1730,23,0,311,1,1731
typed-byte-known,string-prefix-fixed,131072,route-4.index,21,848,169,1352,1016,0,336,8,16,32,0,32,3,32,0,544,12,169,4,0,21,1,170
typed-byte-known,string-prefix-fixed,131072,route-5.index,2,704,43,344,312,0,32,8,16,32,0,32,1,16,0,544,12,43,3,0,2,1,44
typed-byte-known,string-prefix-variable,131072,native-0.kv,32768,8572944,8568761,68550088,378896,67187808,983384,3008,800,144,0,0,0,0,0,224,7,8568761,2186,0,32768,1,112899
typed-byte-known,string-prefix-variable,131072,native-1.kv,32768,8596576,8592395,68739160,378896,67376632,983632,3008,800,144,0,0,0,0,0,224,5,8592395,2186,0,32768,1,112899
typed-byte-known,string-prefix-variable,131072,native-2.kv,65536,17190864,17182734,137461872,641048,134851744,1969080,6016,1600,288,0,0,0,0,0,224,2,17182734,4371,0,65536,1,211204
typed-byte-known,string-prefix-variable,131072,native-3.kv,0,248,0,0,0,0,0,0,8,16,0,0,0,0,0,224,0,0,1,0,0,0,0
typed-byte-known,string-prefix-variable,131072,route-0.index,0,75456,0,0,0,0,0,0,16,32,0,4944,0,69920,0,544,0,0,2,0,0,0,0
typed-byte-known,string-prefix-variable,131072,route-1.index,4370,62840,18967,151736,81816,0,69920,224,88,48,0,2800,547,39616,0,544,6,18967,294,0,4370,1,18968
typed-byte-known,string-prefix-variable,131072,route-2.index,4661,28464,21618,172944,98368,0,74576,240,88,32,0,368,584,4976,0,544,14,21618,314,0,4661,2,21620
typed-byte-known,string-prefix-variable,131072,route-3.index,311,2776,1730,13840,8864,0,4976,24,16,32,0,48,39,336,0,544,7,1730,23,0,311,1,1731
typed-byte-known,string-prefix-variable,131072,route-4.index,21,848,169,1352,1016,0,336,8,16,32,0,32,3,32,0,544,12,169,4,0,21,1,170
typed-byte-known,string-prefix-variable,131072,route-5.index,2,704,43,344,312,0,32,8,16,32,0,32,1,16,0,544,12,43,3,0,2,1,44
