case,mode,distribution,older,newer,cancelled,trial,input_a_bytes,input_b_bytes,output_bytes,output_records,value_bytes,complete_ms,merge_ms,output_ms,sequence,process,revision
0,raw-bit,structured,4096,4096,0,-1,72688,72688,142528,8192,131072,1.081458,0.725416,0.353,0,0,baseline
0,raw-bit,structured,4096,4096,0,0,72688,72688,142528,8192,131072,1.019625,0.740292,0.272916,0,0,baseline
0,raw-bit,structured,4096,4096,0,1,72688,72688,142528,8192,131072,1.077,0.730083,0.341334,0,0,baseline
0,raw-bit,structured,4096,4096,0,2,72688,72688,142528,8192,131072,1.121042,0.740333,0.377542,0,0,baseline
0,raw-bit,structured,4096,4096,0,-1,72688,72688,142528,8192,131072,1.117084,0.770584,0.344708,1,0,candidate
0,raw-bit,structured,4096,4096,0,0,72688,72688,142528,8192,131072,1.073834,0.77325,0.291333,1,0,candidate
0,raw-bit,structured,4096,4096,0,1,72688,72688,142528,8192,131072,0.967875,0.702709,0.263875,1,0,candidate
0,raw-bit,structured,4096,4096,0,2,72688,72688,142528,8192,131072,1.009083,0.711625,0.295958,1,0,candidate
0,raw-byte,structured,4096,4096,0,-1,78872,78872,156960,8192,131072,0.739375,0.390916,0.345875,2,0,candidate
0,raw-byte,structured,4096,4096,0,0,78872,78872,156960,8192,131072,0.669709,0.386584,0.278959,2,0,candidate
0,raw-byte,structured,4096,4096,0,1,78872,78872,156960,8192,131072,0.604542,0.371459,0.230458,2,0,candidate
0,raw-byte,structured,4096,4096,0,2,78872,78872,156960,8192,131072,0.634416,0.382959,0.249084,2,0,candidate
0,raw-byte,structured,4096,4096,0,-1,78872,78872,156960,8192,131072,0.780708,0.417958,0.360667,3,0,baseline
0,raw-byte,structured,4096,4096,0,0,78872,78872,156960,8192,131072,0.71225,0.422834,0.286375,3,0,baseline
0,raw-byte,structured,4096,4096,0,1,78872,78872,156960,8192,131072,0.661,0.402084,0.257917,3,0,baseline
0,raw-byte,structured,4096,4096,0,2,78872,78872,156960,8192,131072,0.637167,0.401875,0.234458,3,0,baseline
0,typed-bit,structured,4096,4096,0,-1,77928,77928,152888,8192,131072,2.6885,2.003792,0.680125,4,0,baseline
0,typed-bit,structured,4096,4096,0,0,77928,77928,152888,8192,131072,2.322375,1.708375,0.607667,4,0,baseline
0,typed-bit,structured,4096,4096,0,1,77928,77928,152888,8192,131072,2.048875,1.733041,0.313917,4,0,baseline
0,typed-bit,structured,4096,4096,0,2,77928,77928,152888,8192,131072,2.140375,1.706,0.431458,4,0,baseline
0,typed-bit,structured,4096,4096,0,-1,77928,77928,152888,8192,131072,2.169208,1.707167,0.459833,5,0,candidate
0,typed-bit,structured,4096,4096,0,0,77928,77928,152888,8192,131072,2.008334,1.658416,0.343167,5,0,candidate
0,typed-bit,structured,4096,4096,0,1,77928,77928,152888,8192,131072,2.019083,1.7165,0.299375,5,0,candidate
0,typed-bit,structured,4096,4096,0,2,77928,77928,152888,8192,131072,2.273416,1.712083,0.557333,5,0,candidate
0,typed-byte,structured,4096,4096,0,-1,87160,87160,173544,8192,131072,0.754583,0.408041,0.345125,6,0,candidate
0,typed-byte,structured,4096,4096,0,0,87160,87160,173544,8192,131072,0.707709,0.400917,0.299083,6,0,candidate
0,typed-byte,structured,4096,4096,0,1,87160,87160,173544,8192,131072,0.650417,0.414125,0.234958,6,0,candidate
0,typed-byte,structured,4096,4096,0,2,87160,87160,173544,8192,131072,0.755042,0.415667,0.33775,6,0,candidate
0,typed-byte,structured,4096,4096,0,-1,99984,99856,198656,8192,131072,0.86425,0.49675,0.366208,7,0,baseline
0,typed-byte,structured,4096,4096,0,0,99984,99856,198656,8192,131072,0.798583,0.473667,0.317209,7,0,baseline
0,typed-byte,structured,4096,4096,0,1,99984,99856,198656,8192,131072,0.872917,0.467375,0.404,7,0,baseline
0,typed-byte,structured,4096,4096,0,2,99984,99856,198656,8192,131072,0.722917,0.473292,0.248541,7,0,baseline
1,raw-byte,structured,65536,65536,0,-1,1258112,1258112,2507608,131072,2097152,7.56825,6.666,0.897208,8,0,baseline
1,raw-byte,structured,65536,65536,0,0,1258112,1258112,2507608,131072,2097152,7.314333,6.478167,0.817666,8,0,baseline
1,raw-byte,structured,65536,65536,0,1,1258112,1258112,2507608,131072,2097152,7.529292,6.644625,0.881708,8,0,baseline
1,raw-byte,structured,65536,65536,0,2,1258112,1258112,2507608,131072,2097152,7.149625,6.510333,0.636833,8,0,baseline
1,raw-byte,structured,65536,65536,0,-1,1258112,1258112,2507608,131072,2097152,6.784583,5.963666,0.816459,9,0,candidate
1,raw-byte,structured,65536,65536,0,0,1258112,1258112,2507608,131072,2097152,6.555125,5.743708,0.804042,9,0,candidate
1,raw-byte,structured,65536,65536,0,1,1258112,1258112,2507608,131072,2097152,6.587167,5.8925,0.692083,9,0,candidate
1,raw-byte,structured,65536,65536,0,2,1258112,1258112,2507608,131072,2097152,6.56225,5.743667,0.8145,9,0,candidate
1,typed-bit,structured,65536,65536,0,-1,1241632,1241632,2441152,131072,2097152,29.87975,28.777083,1.095917,10,0,candidate
1,typed-bit,structured,65536,65536,0,0,1241632,1241632,2441152,131072,2097152,29.650375,28.494542,1.146166,10,0,candidate
1,typed-bit,structured,65536,65536,0,1,1241632,1241632,2441152,131072,2097152,29.377708,28.603792,0.768125,10,0,candidate
1,typed-bit,structured,65536,65536,0,2,1241632,1241632,2441152,131072,2097152,29.874584,29.024083,0.845959,10,0,candidate
1,typed-bit,structured,65536,65536,0,-1,1241632,1241632,2441152,131072,2097152,30.133375,28.994584,1.132416,11,0,baseline
1,typed-bit,structured,65536,65536,0,0,1241632,1241632,2441152,131072,2097152,29.399209,28.711333,0.665208,11,0,baseline
1,typed-bit,structured,65536,65536,0,1,1241632,1241632,2441152,131072,2097152,29.250375,28.472208,0.773167,11,0,baseline
1,typed-bit,structured,65536,65536,0,2,1241632,1241632,2441152,131072,2097152,29.086875,28.373,0.710333,11,0,baseline
1,typed-byte,structured,65536,65536,0,-1,1595704,1593656,3174520,131072,2097152,8.309709,7.435708,0.870708,12,0,baseline
1,typed-byte,structured,65536,65536,0,0,1595704,1593656,3174520,131072,2097152,8.360375,7.493167,0.855916,12,0,baseline
1,typed-byte,structured,65536,65536,0,1,1595704,1593656,3174520,131072,2097152,8.332542,7.488709,0.840583,12,0,baseline
1,typed-byte,structured,65536,65536,0,2,1595704,1593656,3174520,131072,2097152,8.424667,7.566291,0.8565,12,0,baseline
1,typed-byte,structured,65536,65536,0,-1,1390696,1390696,2772816,131072,2097152,7.025209,6.254458,0.766958,13,0,candidate
1,typed-byte,structured,65536,65536,0,0,1390696,1390696,2772816,131072,2097152,7.15775,6.355917,0.786625,13,0,candidate
1,typed-byte,structured,65536,65536,0,1,1390696,1390696,2772816,131072,2097152,7.246167,6.423167,0.820292,13,0,candidate
1,typed-byte,structured,65536,65536,0,2,1390696,1390696,2772816,131072,2097152,6.899125,6.10375,0.789167,13,0,candidate
1,raw-bit,structured,65536,65536,0,-1,1159072,1159072,2276680,131072,2097152,12.33075,11.6785,0.649083,14,0,candidate
1,raw-bit,structured,65536,65536,0,0,1159072,1159072,2276680,131072,2097152,12.337917,11.600834,0.730083,14,0,candidate
1,raw-bit,structured,65536,65536,0,1,1159072,1159072,2276680,131072,2097152,12.234,11.499917,0.729958,14,0,candidate
1,raw-bit,structured,65536,65536,0,2,1159072,1159072,2276680,131072,2097152,12.289333,11.643958,0.642125,14,0,candidate
1,raw-bit,structured,65536,65536,0,-1,1159072,1159072,2276680,131072,2097152,12.360625,11.527166,0.830458,15,0,baseline
1,raw-bit,structured,65536,65536,0,0,1159072,1159072,2276680,131072,2097152,12.495458,11.746125,0.73425,15,0,baseline
1,raw-bit,structured,65536,65536,0,1,1159072,1159072,2276680,131072,2097152,11.844791,11.078208,0.759417,15,0,baseline
1,raw-bit,structured,65536,65536,0,2,1159072,1159072,2276680,131072,2097152,11.8425,11.181916,0.657209,15,0,baseline
2,typed-bit,structured,262144,262144,0,-1,4965464,4965464,9763608,524288,8388608,119.141083,116.803709,2.331041,16,0,baseline
2,typed-bit,structured,262144,262144,0,0,4965464,4965464,9763608,524288,8388608,122.142875,119.549084,2.580208,16,0,baseline
2,typed-bit,structured,262144,262144,0,1,4965464,4965464,9763608,524288,8388608,120.979458,118.718584,2.255667,16,0,baseline
2,typed-bit,structured,262144,262144,0,2,4965464,4965464,9763608,524288,8388608,121.006208,118.352208,2.649459,16,0,baseline
2,typed-bit,structured,262144,262144,0,-1,4965464,4965464,9763608,524288,8388608,123.11775,120.851125,2.260875,17,0,candidate
2,typed-bit,structured,262144,262144,0,0,4965464,4965464,9763608,524288,8388608,122.500042,119.946,2.544167,17,0,candidate
2,typed-bit,structured,262144,262144,0,1,4965464,4965464,9763608,524288,8388608,122.337917,119.968709,2.364541,17,0,candidate
2,typed-bit,structured,262144,262144,0,2,4965464,4965464,9763608,524288,8388608,122.653958,120.509042,2.140083,17,0,candidate
2,typed-byte,structured,262144,262144,0,-1,5562024,5562024,11090488,524288,8388608,30.002125,27.497,2.501167,18,0,candidate
2,typed-byte,structured,262144,262144,0,0,5562024,5562024,11090488,524288,8388608,28.154084,25.98325,2.162666,18,0,candidate
2,typed-byte,structured,262144,262144,0,1,5562024,5562024,11090488,524288,8388608,27.616459,25.598958,2.014167,18,0,candidate
2,typed-byte,structured,262144,262144,0,2,5562024,5562024,11090488,524288,8388608,28.442458,25.750667,2.68825,18,0,candidate
2,typed-byte,structured,262144,262144,0,-1,6382016,6373816,12697296,524288,8388608,35.339667,31.926042,3.407791,19,0,baseline
2,typed-byte,structured,262144,262144,0,0,6382016,6373816,12697296,524288,8388608,33.41275,29.9945,3.408417,19,0,baseline
2,typed-byte,structured,262144,262144,0,1,6382016,6373816,12697296,524288,8388608,32.854542,30.166917,2.683167,19,0,baseline
2,typed-byte,structured,262144,262144,0,2,6382016,6373816,12697296,524288,8388608,33.332583,30.531375,2.794791,19,0,baseline
2,raw-bit,structured,262144,262144,0,-1,4635496,4635496,9105952,524288,8388608,50.0155,47.660875,2.349542,20,0,baseline
2,raw-bit,structured,262144,262144,0,0,4635496,4635496,9105952,524288,8388608,48.775375,46.55,2.216708,20,0,baseline
2,raw-bit,structured,262144,262144,0,1,4635496,4635496,9105952,524288,8388608,48.92925,46.72175,2.203875,20,0,baseline
2,raw-bit,structured,262144,262144,0,2,4635496,4635496,9105952,524288,8388608,48.59,46.50675,2.079541,20,0,baseline
2,raw-bit,structured,262144,262144,0,-1,4635496,4635496,9105952,524288,8388608,50.56325,48.454167,2.104,21,0,candidate
2,raw-bit,structured,262144,262144,0,0,4635496,4635496,9105952,524288,8388608,49.904917,47.606,2.286167,21,0,candidate
2,raw-bit,structured,262144,262144,0,1,4635496,4635496,9105952,524288,8388608,48.317542,46.003042,2.310375,21,0,candidate
2,raw-bit,structured,262144,262144,0,2,4635496,4635496,9105952,524288,8388608,49.385041,47.272666,2.108625,21,0,candidate
2,raw-byte,structured,262144,262144,0,-1,5031680,5031680,10029680,524288,8388608,27.073875,25.127333,1.942416,22,0,candidate
2,raw-byte,structured,262144,262144,0,0,5031680,5031680,10029680,524288,8388608,27.11175,23.713708,3.383791,22,0,candidate
2,raw-byte,structured,262144,262144,0,1,5031680,5031680,10029680,524288,8388608,26.276334,23.318167,2.954583,22,0,candidate
2,raw-byte,structured,262144,262144,0,2,5031680,5031680,10029680,524288,8388608,26.235209,23.912917,2.319333,22,0,candidate
2,raw-byte,structured,262144,262144,0,-1,5031680,5031680,10029680,524288,8388608,31.059459,28.735209,2.319166,23,0,baseline
2,raw-byte,structured,262144,262144,0,0,5031680,5031680,10029680,524288,8388608,27.896416,25.55625,2.332417,23,0,baseline
2,raw-byte,structured,262144,262144,0,1,5031680,5031680,10029680,524288,8388608,29.12775,26.715208,2.409375,23,0,baseline
2,raw-byte,structured,262144,262144,0,2,5031680,5031680,10029680,524288,8388608,29.044708,26.921875,2.119458,23,0,baseline
3,typed-byte,structured,4096,4096,0,-1,1087760,1088000,2174584,8192,2096697,1.384125,0.725708,0.656958,24,0,baseline
3,typed-byte,structured,4096,4096,0,0,1087760,1088000,2174584,8192,2096697,1.392542,0.692958,0.692292,24,0,baseline
3,typed-byte,structured,4096,4096,0,1,1087760,1088000,2174584,8192,2096697,1.283042,0.66525,0.616417,24,0,baseline
3,typed-byte,structured,4096,4096,0,2,1087760,1088000,2174584,8192,2096697,1.197291,0.634542,0.560333,24,0,baseline
3,typed-byte,structured,4096,4096,0,-1,1073000,1073368,2145584,8192,2096697,1.277375,0.622708,0.653,25,0,candidate
3,typed-byte,structured,4096,4096,0,0,1073000,1073368,2145584,8192,2096697,1.245083,0.590625,0.649125,25,0,candidate
3,typed-byte,structured,4096,4096,0,1,1073000,1073368,2145584,8192,2096697,1.150667,0.569959,0.5775,25,0,candidate
3,typed-byte,structured,4096,4096,0,2,1073000,1073368,2145584,8192,2096697,1.236709,0.60375,0.6295,25,0,candidate
3,raw-bit,structured,4096,4096,0,-1,1066328,1066688,2130192,8192,2096697,2.045833,1.351375,0.691792,26,0,candidate
3,raw-bit,structured,4096,4096,0,0,1066328,1066688,2130192,8192,2096697,1.955291,1.336875,0.61125,26,0,candidate
3,raw-bit,structured,4096,4096,0,1,1066328,1066688,2130192,8192,2096697,1.906875,1.3575,0.546834,26,0,candidate
3,raw-bit,structured,4096,4096,0,2,1066328,1066688,2130192,8192,2096697,1.996666,1.336917,0.658417,26,0,candidate
3,raw-bit,structured,4096,4096,0,-1,1066328,1066688,2130192,8192,2096697,5.227667,1.470708,3.754208,27,0,baseline
3,raw-bit,structured,4096,4096,0,0,1066328,1066688,2130192,8192,2096697,7.498292,1.370292,6.123708,27,0,baseline
3,raw-bit,structured,4096,4096,0,1,1066328,1066688,2130192,8192,2096697,2.177833,1.365084,0.809833,27,0,baseline
3,raw-bit,structured,4096,4096,0,2,1066328,1066688,2130192,8192,2096697,1.985084,1.371,0.61175,27,0,baseline
3,raw-byte,structured,4096,4096,0,-1,1068896,1069264,2137376,8192,2096697,1.240333,0.676375,0.562458,28,0,baseline
3,raw-byte,structured,4096,4096,0,0,1068896,1069264,2137376,8192,2096697,1.374542,0.6595,0.707958,28,0,baseline
3,raw-byte,structured,4096,4096,0,1,1068896,1069264,2137376,8192,2096697,1.233542,0.6205,0.610666,28,0,baseline
3,raw-byte,structured,4096,4096,0,2,1068896,1069264,2137376,8192,2096697,1.201583,0.638042,0.560917,28,0,baseline
3,raw-byte,structured,4096,4096,0,-1,1068896,1069264,2137376,8192,2096697,1.418125,0.804417,0.612041,29,0,candidate
3,raw-byte,structured,4096,4096,0,0,1068896,1069264,2137376,8192,2096697,1.185291,0.600333,0.578542,29,0,candidate
3,raw-byte,structured,4096,4096,0,1,1068896,1069264,2137376,8192,2096697,1.178125,0.590209,0.584333,29,0,candidate
3,raw-byte,structured,4096,4096,0,2,1068896,1069264,2137376,8192,2096697,1.152958,0.564042,0.585958,29,0,candidate
3,typed-bit,structured,4096,4096,0,-1,1063912,1064280,2125240,8192,2096697,3.169375,2.520916,0.644417,30,0,candidate
3,typed-bit,structured,4096,4096,0,0,1063912,1064280,2125240,8192,2096697,3.014417,2.368917,0.640375,30,0,candidate
3,typed-bit,structured,4096,4096,0,1,1063912,1064280,2125240,8192,2096697,2.865667,2.300125,0.562209,30,0,candidate
3,typed-bit,structured,4096,4096,0,2,1063912,1064280,2125240,8192,2096697,2.905459,2.336,0.5665,30,0,candidate
3,typed-bit,structured,4096,4096,0,-1,1063912,1064280,2125240,8192,2096697,3.078583,2.476834,0.598542,31,0,baseline
3,typed-bit,structured,4096,4096,0,0,1063912,1064280,2125240,8192,2096697,2.876125,2.320041,0.551458,31,0,baseline
3,typed-bit,structured,4096,4096,0,1,1063912,1064280,2125240,8192,2096697,2.898292,2.340833,0.5535,31,0,baseline
3,typed-bit,structured,4096,4096,0,2,1063912,1064280,2125240,8192,2096697,2.989583,2.392375,0.592833,31,0,baseline
4,raw-bit,structured,65536,65536,0,-1,17063384,17064032,34086264,131072,33554202,32.839333,24.665042,8.169041,32,0,baseline
4,raw-bit,structured,65536,65536,0,0,17063384,17064032,34086264,131072,33554202,31.709833,21.384584,10.315291,32,0,baseline
4,raw-bit,structured,65536,65536,0,1,17063384,17064032,34086264,131072,33554202,32.589791,21.889084,10.691667,32,0,baseline
4,raw-bit,structured,65536,65536,0,2,17063384,17064032,34086264,131072,33554202,29.036041,21.376625,7.653667,32,0,baseline
4,raw-bit,structured,65536,65536,0,-1,17063384,17064032,34086264,131072,33554202,32.882042,25.630125,7.245667,33,0,candidate
4,raw-bit,structured,65536,65536,0,0,17063384,17064032,34086264,131072,33554202,28.951709,21.283917,7.647458,33,0,candidate
4,raw-bit,structured,65536,65536,0,1,17063384,17064032,34086264,131072,33554202,29.694209,22.072959,7.61575,33,0,candidate
4,raw-bit,structured,65536,65536,0,2,17063384,17064032,34086264,131072,33554202,28.883875,21.236666,7.640167,33,0,candidate
4,raw-byte,structured,65536,65536,0,-1,17104552,17105200,34201176,131072,33554202,19.664708,12.755584,6.903125,34,0,candidate
4,raw-byte,structured,65536,65536,0,0,17104552,17105200,34201176,131072,33554202,17.334958,9.3095,8.012625,34,0,candidate
4,raw-byte,structured,65536,65536,0,1,17104552,17105200,34201176,131072,33554202,16.86975,9.246958,7.617333,34,0,candidate
4,raw-byte,structured,65536,65536,0,2,17104552,17105200,34201176,131072,33554202,16.443459,9.003209,7.431875,34,0,candidate
4,raw-byte,structured,65536,65536,0,-1,17104552,17105200,34201176,131072,33554202,20.58225,13.919959,6.657583,35,0,baseline
4,raw-byte,structured,65536,65536,0,0,17104552,17105200,34201176,131072,33554202,18.731625,10.529833,8.179041,35,0,baseline
4,raw-byte,structured,65536,65536,0,1,17104552,17105200,34201176,131072,33554202,18.209167,10.283125,7.921667,35,0,baseline
4,raw-byte,structured,65536,65536,0,2,17104552,17105200,34201176,131072,33554202,41.717792,10.279791,31.4325,35,0,baseline
4,typed-bit,structured,65536,65536,0,-1,17023440,17024088,34005736,131072,33554202,50.730208,41.762042,8.962542,36,0,baseline
4,typed-bit,structured,65536,65536,0,0,17023440,17024088,34005736,131072,33554202,50.896208,42.283625,8.601291,36,0,baseline
4,typed-bit,structured,65536,65536,0,1,17023440,17024088,34005736,131072,33554202,47.334125,38.394417,8.932125,36,0,baseline
4,typed-bit,structured,65536,65536,0,2,17023440,17024088,34005736,131072,33554202,46.742917,38.139209,8.597625,36,0,baseline
4,typed-bit,structured,65536,65536,0,-1,17023440,17024088,34005736,131072,33554202,46.833916,39.559208,7.265667,37,0,candidate
4,typed-bit,structured,65536,65536,0,0,17023440,17024088,34005736,131072,33554202,48.236709,40.651166,7.570292,37,0,candidate
4,typed-bit,structured,65536,65536,0,1,17023440,17024088,34005736,131072,33554202,47.947125,40.578875,7.362125,37,0,candidate
4,typed-bit,structured,65536,65536,0,2,17023440,17024088,34005736,131072,33554202,48.115916,40.557834,7.55125,37,0,candidate
4,typed-byte,structured,65536,65536,0,-1,17170224,17170872,34332512,131072,33554202,24.859708,13.199917,11.654084,38,0,candidate
4,typed-byte,structured,65536,65536,0,0,17170224,17170872,34332512,131072,33554202,17.451458,9.252834,8.185541,38,0,candidate
4,typed-byte,structured,65536,65536,0,1,17170224,17170872,34332512,131072,33554202,18.940583,9.325167,9.611125,38,0,candidate
4,typed-byte,structured,65536,65536,0,2,17170224,17170872,34332512,131072,33554202,19.133875,9.623459,9.505416,38,0,candidate
4,typed-byte,structured,65536,65536,0,-1,17406320,17404920,34796392,131072,33554202,20.937416,13.589,7.341833,39,0,baseline
4,typed-byte,structured,65536,65536,0,0,17406320,17404920,34796392,131072,33554202,18.498084,10.229167,8.252416,39,0,baseline
4,typed-byte,structured,65536,65536,0,1,17406320,17404920,34796392,131072,33554202,18.534709,10.700917,7.828625,39,0,baseline
4,typed-byte,structured,65536,65536,0,2,17406320,17404920,34796392,131072,33554202,17.68275,10.239625,7.437458,39,0,baseline
5,raw-byte,structured,131072,131072,0,-1,34209024,34209288,68401400,262144,67107712,43.694959,27.900583,15.787625,40,0,baseline
5,raw-byte,structured,131072,131072,0,0,34209024,34209288,68401400,262144,67107712,37.189209,20.454125,16.689125,40,0,baseline
5,raw-byte,structured,131072,131072,0,1,34209024,34209288,68401400,262144,67107712,41.203041,20.597875,20.598625,40,0,baseline
5,raw-byte,structured,131072,131072,0,2,34209024,34209288,68401400,262144,67107712,43.210583,20.213542,22.99,40,0,baseline
5,raw-byte,structured,131072,131072,0,-1,34209024,34209288,68401400,262144,67107712,47.382417,27.393584,19.981417,41,0,candidate
5,raw-byte,structured,131072,131072,0,0,34209024,34209288,68401400,262144,67107712,38.578208,18.191333,20.366792,41,0,candidate
5,raw-byte,structured,131072,131072,0,1,34209024,34209288,68401400,262144,67107712,33.964459,18.104,15.854041,41,0,candidate
5,raw-byte,structured,131072,131072,0,2,34209024,34209288,68401400,262144,67107712,34.543916,18.587959,15.94975,41,0,candidate
5,typed-bit,structured,131072,131072,0,-1,34046688,34046952,68010440,262144,67107712,95.508291,79.714041,15.786375,42,0,candidate
5,typed-bit,structured,131072,131072,0,0,34046688,34046952,68010440,262144,67107712,95.787875,76.674875,19.087125,42,0,candidate
5,typed-bit,structured,131072,131072,0,1,34046688,34046952,68010440,262144,67107712,94.727833,78.881042,15.837625,42,0,candidate
5,typed-bit,structured,131072,131072,0,2,34046688,34046952,68010440,262144,67107712,93.306125,76.737625,16.559167,42,0,candidate
5,typed-bit,structured,131072,131072,0,-1,34046688,34046952,68010440,262144,67107712,97.509292,82.366375,15.135292,43,0,baseline
5,typed-bit,structured,131072,131072,0,0,34046688,34046952,68010440,262144,67107712,96.0315,79.172291,16.84275,43,0,baseline
5,typed-bit,structured,131072,131072,0,1,34046688,34046952,68010440,262144,67107712,94.841458,78.486084,16.344459,43,0,baseline
5,typed-bit,structured,131072,131072,0,2,34046688,34046952,68010440,262144,67107712,97.537667,81.202625,16.323625,43,0,baseline
5,typed-byte,structured,131072,131072,0,-1,34812528,34808688,69591824,262144,67107712,43.810042,28.055417,15.7475,44,0,baseline
5,typed-byte,structured,131072,131072,0,0,34812528,34808688,69591824,262144,67107712,36.959792,20.345167,16.594583,44,0,baseline
5,typed-byte,structured,131072,131072,0,1,34812528,34808688,69591824,262144,67107712,37.194375,20.654791,16.532375,44,0,baseline
5,typed-byte,structured,131072,131072,0,2,34812528,34808688,69591824,262144,67107712,37.0465,21.014416,16.026292,44,0,baseline
5,typed-byte,structured,131072,131072,0,-1,34340352,34340624,68664072,262144,67107712,43.590333,27.382208,16.201042,45,0,candidate
5,typed-byte,structured,131072,131072,0,0,34340352,34340624,68664072,262144,67107712,34.99025,18.674292,16.305458,45,0,candidate
5,typed-byte,structured,131072,131072,0,1,34340352,34340624,68664072,262144,67107712,34.347292,18.07525,16.260125,45,0,candidate
5,typed-byte,structured,131072,131072,0,2,34340352,34340624,68664072,262144,67107712,36.7445,17.812,18.925458,45,0,candidate
5,raw-bit,structured,131072,131072,0,-1,34126656,34126928,68171576,262144,67107712,64.61775,49.085084,15.525625,46,0,candidate
5,raw-bit,structured,131072,131072,0,0,34126656,34126928,68171576,262144,67107712,58.585875,42.284916,16.288125,46,0,candidate
5,raw-bit,structured,131072,131072,0,1,34126656,34126928,68171576,262144,67107712,60.4305,43.961583,16.462583,46,0,candidate
5,raw-bit,structured,131072,131072,0,2,34126656,34126928,68171576,262144,67107712,58.561708,42.124625,16.430291,46,0,candidate
5,raw-bit,structured,131072,131072,0,-1,34126656,34126928,68171576,262144,67107712,64.98475,49.155584,15.823041,47,0,baseline
5,raw-bit,structured,131072,131072,0,0,34126656,34126928,68171576,262144,67107712,58.791125,42.643917,16.134833,47,0,baseline
5,raw-bit,structured,131072,131072,0,1,34126656,34126928,68171576,262144,67107712,59.406584,42.78375,16.615292,47,0,baseline
5,raw-bit,structured,131072,131072,0,2,34126656,34126928,68171576,262144,67107712,59.506916,43.709917,15.790375,47,0,baseline
6,typed-bit,hash-like,4096,4096,0,-1,144544,144536,287712,8192,131072,2.609208,2.112209,0.494,48,0,baseline
6,typed-bit,hash-like,4096,4096,0,0,144544,144536,287712,8192,131072,2.222417,1.965333,0.253333,48,0,baseline
6,typed-bit,hash-like,4096,4096,0,1,144544,144536,287712,8192,131072,2.509625,2.261625,0.246375,48,0,baseline
6,typed-bit,hash-like,4096,4096,0,2,144544,144536,287712,8192,131072,2.132584,1.916125,0.215,48,0,baseline
6,typed-bit,hash-like,4096,4096,0,-1,144544,144536,287712,8192,131072,2.313625,1.975166,0.336084,49,0,candidate
6,typed-bit,hash-like,4096,4096,0,0,144544,144536,287712,8192,131072,2.280042,2.012083,0.263708,49,0,candidate
6,typed-bit,hash-like,4096,4096,0,1,144544,144536,287712,8192,131072,2.39225,2.139041,0.247792,49,0,candidate
6,typed-bit,hash-like,4096,4096,0,2,144544,144536,287712,8192,131072,2.222916,1.993125,0.228416,49,0,candidate
6,typed-byte,hash-like,4096,4096,0,-1,144136,144120,287512,8192,131072,1.069708,0.621292,0.447083,50,0,candidate
6,typed-byte,hash-like,4096,4096,0,0,144136,144120,287512,8192,131072,0.833208,0.525958,0.296125,50,0,candidate
6,typed-byte,hash-like,4096,4096,0,1,144136,144120,287512,8192,131072,0.781083,0.544916,0.235,50,0,candidate
6,typed-byte,hash-like,4096,4096,0,2,144136,144120,287512,8192,131072,0.8365,0.604583,0.231,50,0,candidate
6,typed-byte,hash-like,4096,4096,0,-1,156672,156672,312592,8192,131072,0.880209,0.563542,0.3155,51,0,baseline
6,typed-byte,hash-like,4096,4096,0,0,156672,156672,312592,8192,131072,0.954875,0.679375,0.268459,51,0,baseline
6,typed-byte,hash-like,4096,4096,0,1,156672,156672,312592,8192,131072,0.876625,0.603333,0.272292,51,0,baseline
6,typed-byte,hash-like,4096,4096,0,2,156672,156672,312592,8192,131072,0.853209,0.572875,0.279458,51,0,baseline
6,raw-bit,hash-like,4096,4096,0,-1,139328,139320,277376,8192,131072,1.605542,1.258166,0.344417,52,0,baseline
6,raw-bit,hash-like,4096,4096,0,0,139328,139320,277376,8192,131072,1.347292,1.06575,0.276584,52,0,baseline
6,raw-bit,hash-like,4096,4096,0,1,139328,139320,277376,8192,131072,1.31175,1.058792,0.251834,52,0,baseline
6,raw-bit,hash-like,4096,4096,0,2,139328,139320,277376,8192,131072,1.506166,1.182,0.319625,52,0,baseline
6,raw-bit,hash-like,4096,4096,0,-1,139328,139320,277376,8192,131072,1.463208,1.121458,0.339583,53,0,candidate
6,raw-bit,hash-like,4096,4096,0,0,139328,139320,277376,8192,131072,1.306583,1.067709,0.230959,53,0,candidate
6,raw-bit,hash-like,4096,4096,0,1,139328,139320,277376,8192,131072,1.366375,1.131542,0.233583,53,0,candidate
6,raw-bit,hash-like,4096,4096,0,2,139328,139320,277376,8192,131072,1.358375,1.094834,0.261833,53,0,candidate
6,raw-byte,hash-like,4096,4096,0,-1,135912,135896,271048,8192,131072,0.8015,0.498167,0.299791,54,0,candidate
6,raw-byte,hash-like,4096,4096,0,0,135912,135896,271048,8192,131072,0.728667,0.466875,0.257,54,0,candidate
6,raw-byte,hash-like,4096,4096,0,1,135912,135896,271048,8192,131072,0.759792,0.468792,0.289959,54,0,candidate
6,raw-byte,hash-like,4096,4096,0,2,135912,135896,271048,8192,131072,0.701875,0.466667,0.234291,54,0,candidate
6,raw-byte,hash-like,4096,4096,0,-1,135912,135896,271048,8192,131072,0.918709,0.594167,0.321083,55,0,baseline
6,raw-byte,hash-like,4096,4096,0,0,135912,135896,271048,8192,131072,0.86075,0.600166,0.256542,55,0,baseline
6,raw-byte,hash-like,4096,4096,0,1,135912,135896,271048,8192,131072,0.854625,0.574917,0.278458,55,0,baseline
6,raw-byte,hash-like,4096,4096,0,2,135912,135896,271048,8192,131072,0.7915,0.555667,0.235042,55,0,baseline
7,typed-byte,hash-like,65536,65536,0,-1,2476688,2476936,4926640,131072,2097152,10.848667,9.749125,1.096458,56,0,baseline
7,typed-byte,hash-like,65536,65536,0,0,2476688,2476936,4926640,131072,2097152,10.530041,9.443166,1.080834,56,0,baseline
7,typed-byte,hash-like,65536,65536,0,1,2476688,2476936,4926640,131072,2097152,10.559167,9.476375,1.08075,56,0,baseline
7,typed-byte,hash-like,65536,65536,0,2,2476688,2476936,4926640,131072,2097152,10.478875,9.405333,1.071833,56,0,baseline
7,typed-byte,hash-like,65536,65536,0,-1,2276240,2276472,4525832,131072,2097152,9.435125,8.358,1.074417,57,0,candidate
7,typed-byte,hash-like,65536,65536,0,0,2276240,2276472,4525832,131072,2097152,9.480375,8.470167,1.004166,57,0,candidate
7,typed-byte,hash-like,65536,65536,0,1,2276240,2276472,4525832,131072,2097152,9.172375,8.263125,0.9075,57,0,candidate
7,typed-byte,hash-like,65536,65536,0,2,2276240,2276472,4525832,131072,2097152,9.265,8.158458,1.104334,57,0,candidate
7,raw-bit,hash-like,65536,65536,0,-1,2193128,2193240,4370152,131072,2097152,18.2985,17.102,1.19275,58,0,candidate
7,raw-bit,hash-like,65536,65536,0,0,2193128,2193240,4370152,131072,2097152,18.414417,17.399875,1.007792,58,0,candidate
7,raw-bit,hash-like,65536,65536,0,1,2193128,2193240,4370152,131072,2097152,18.402292,17.474333,0.925708,58,0,candidate
7,raw-bit,hash-like,65536,65536,0,2,2193128,2193240,4370152,131072,2097152,18.47425,17.457833,1.013833,58,0,candidate
7,raw-bit,hash-like,65536,65536,0,-1,2193128,2193240,4370152,131072,2097152,18.304125,17.225291,1.074542,59,0,baseline
7,raw-bit,hash-like,65536,65536,0,0,2193128,2193240,4370152,131072,2097152,20.6465,17.779667,2.860041,59,0,baseline
7,raw-bit,hash-like,65536,65536,0,1,2193128,2193240,4370152,131072,2097152,18.30075,17.374375,0.9235,59,0,baseline
7,raw-bit,hash-like,65536,65536,0,2,2193128,2193240,4370152,131072,2097152,18.544792,17.517166,1.025625,59,0,baseline
7,raw-byte,hash-like,65536,65536,0,-1,2144592,2144824,4262496,131072,2097152,10.411,9.194416,1.211417,60,0,baseline
7,raw-byte,hash-like,65536,65536,0,0,2144592,2144824,4262496,131072,2097152,10.603375,9.345709,1.251209,60,0,baseline
7,raw-byte,hash-like,65536,65536,0,1,2144592,2144824,4262496,131072,2097152,10.251791,9.259583,0.990042,60,0,baseline
7,raw-byte,hash-like,65536,65536,0,2,2144592,2144824,4262496,131072,2097152,36.631583,9.193875,27.432833,60,0,baseline
7,raw-byte,hash-like,65536,65536,0,-1,2144592,2144824,4262496,131072,2097152,8.83825,7.78625,1.048666,61,0,candidate
7,raw-byte,hash-like,65536,65536,0,0,2144592,2144824,4262496,131072,2097152,9.020458,7.851708,1.154042,61,0,candidate
7,raw-byte,hash-like,65536,65536,0,1,2144592,2144824,4262496,131072,2097152,8.830083,7.834167,0.99275,61,0,candidate
7,raw-byte,hash-like,65536,65536,0,2,2144592,2144824,4262496,131072,2097152,8.660708,7.725583,0.931875,61,0,candidate
7,typed-bit,hash-like,65536,65536,0,-1,2275344,2275440,4534352,131072,2097152,35.207583,34.073833,1.129708,62,0,candidate
7,typed-bit,hash-like,65536,65536,0,0,2275344,2275440,4534352,131072,2097152,35.389958,33.829041,1.545917,62,0,candidate
7,typed-bit,hash-like,65536,65536,0,1,2275344,2275440,4534352,131072,2097152,35.4995,33.941792,1.554125,62,0,candidate
7,typed-bit,hash-like,65536,65536,0,2,2275344,2275440,4534352,131072,2097152,35.331209,33.69125,1.635542,62,0,candidate
7,typed-bit,hash-like,65536,65536,0,-1,2275344,2275440,4534352,131072,2097152,35.343958,33.997875,1.341583,63,0,baseline
7,typed-bit,hash-like,65536,65536,0,0,2275344,2275440,4534352,131072,2097152,35.329334,34.013625,1.308417,63,0,baseline
7,typed-bit,hash-like,65536,65536,0,1,2275344,2275440,4534352,131072,2097152,34.920292,33.668583,1.248291,63,0,baseline
7,typed-bit,hash-like,65536,65536,0,2,2275344,2275440,4534352,131072,2097152,35.217875,33.883875,1.330958,63,0,baseline
8,raw-bit,hash-like,262144,262144,0,-1,8707576,8707648,17350048,524288,8388608,73.541458,69.524417,4.011041,64,0,baseline
8,raw-bit,hash-like,262144,262144,0,0,8707576,8707648,17350048,524288,8388608,73.784,69.374625,4.396083,64,0,baseline
8,raw-bit,hash-like,262144,262144,0,1,8707576,8707648,17350048,524288,8388608,71.673625,67.804959,3.8635,64,0,baseline
8,raw-bit,hash-like,262144,262144,0,2,8707576,8707648,17350048,524288,8388608,73.567792,69.354583,4.200667,64,0,baseline
8,raw-bit,hash-like,262144,262144,0,-1,8707576,8707648,17350048,524288,8388608,75.680167,72.099583,3.575458,65,0,candidate
8,raw-bit,hash-like,262144,262144,0,0,8707576,8707648,17350048,524288,8388608,73.699708,69.378459,4.31225,65,0,candidate
8,raw-bit,hash-like,262144,262144,0,1,8707576,8707648,17350048,524288,8388608,72.382084,67.57175,4.799459,65,0,candidate
8,raw-bit,hash-like,262144,262144,0,2,8707576,8707648,17350048,524288,8388608,74.491583,69.770209,4.717166,65,0,candidate
8,raw-byte,hash-like,262144,262144,0,-1,8474104,8474104,16880552,524288,8388608,35.941417,31.966125,3.970833,66,0,candidate
8,raw-byte,hash-like,262144,262144,0,0,8474104,8474104,16880552,524288,8388608,35.767417,31.608042,4.13975,66,0,candidate
8,raw-byte,hash-like,262144,262144,0,1,8474104,8474104,16880552,524288,8388608,35.648792,31.877833,3.767084,66,0,candidate
8,raw-byte,hash-like,262144,262144,0,2,8474104,8474104,16880552,524288,8388608,35.379125,31.69675,3.67875,66,0,candidate
8,raw-byte,hash-like,262144,262144,0,-1,8474104,8474104,16880552,524288,8388608,43.767417,39.73725,4.02425,67,0,baseline
8,raw-byte,hash-like,262144,262144,0,0,8474104,8474104,16880552,524288,8388608,41.20225,37.576625,3.614,67,0,baseline
8,raw-byte,hash-like,262144,262144,0,1,8474104,8474104,16880552,524288,8388608,41.648041,38.137041,3.50725,67,0,baseline
8,raw-byte,hash-like,262144,262144,0,2,8474104,8474104,16880552,524288,8388608,40.630917,36.669542,3.956208,67,0,baseline
8,typed-bit,hash-like,262144,262144,0,-1,9035616,9035696,18005776,524288,8388608,143.319708,139.275833,4.0375,68,0,baseline
8,typed-bit,hash-like,262144,262144,0,0,9035616,9035696,18005776,524288,8388608,143.340833,138.345291,4.986542,68,0,baseline
8,typed-bit,hash-like,262144,262144,0,1,9035616,9035696,18005776,524288,8388608,143.682708,139.4795,4.198292,68,0,baseline
8,typed-bit,hash-like,262144,262144,0,2,9035616,9035696,18005776,524288,8388608,142.090625,137.845375,4.238459,68,0,baseline
8,typed-bit,hash-like,262144,262144,0,-1,9035616,9035696,18005776,524288,8388608,138.66775,134.747042,3.910792,69,0,candidate
8,typed-bit,hash-like,262144,262144,0,0,9035616,9035696,18005776,524288,8388608,142.635625,138.313375,4.308666,69,0,candidate
8,typed-bit,hash-like,262144,262144,0,1,9035616,9035696,18005776,524288,8388608,140.120208,135.576083,4.537417,69,0,candidate
8,typed-bit,hash-like,262144,262144,0,2,9035616,9035696,18005776,524288,8388608,140.462833,135.917833,4.538041,69,0,candidate
8,typed-byte,hash-like,262144,262144,0,-1,9000792,9000792,17933976,524288,8388608,38.602833,34.663916,3.933709,70,0,candidate
8,typed-byte,hash-like,262144,262144,0,0,9000792,9000792,17933976,524288,8388608,36.631292,32.036958,4.577917,70,0,candidate
8,typed-byte,hash-like,262144,262144,0,1,9000792,9000792,17933976,524288,8388608,37.840125,33.22025,4.615042,70,0,candidate
8,typed-byte,hash-like,262144,262144,0,2,9000792,9000792,17933976,524288,8388608,37.02775,32.443708,4.57875,70,0,candidate
8,typed-byte,hash-like,262144,262144,0,-1,9802032,9801960,19536120,524288,8388608,43.126416,38.439875,4.676417,71,0,baseline
8,typed-byte,hash-like,262144,262144,0,0,9802032,9801960,19536120,524288,8388608,42.331792,37.341875,4.981,71,0,baseline
8,typed-byte,hash-like,262144,262144,0,1,9802032,9801960,19536120,524288,8388608,43.092417,38.822209,4.263,71,0,baseline
8,typed-byte,hash-like,262144,262144,0,2,9802032,9801960,19536120,524288,8388608,42.42425,38.269792,4.150125,71,0,baseline
9,raw-byte,hash-like,4096,4096,0,-1,1125848,1126200,2251296,8192,2096697,1.417833,0.809792,0.606583,72,0,baseline
9,raw-byte,hash-like,4096,4096,0,0,1125848,1126200,2251296,8192,2096697,1.556541,0.875208,0.674,72,0,baseline
9,raw-byte,hash-like,4096,4096,0,1,1125848,1126200,2251296,8192,2096697,1.447083,0.7925,0.651792,72,0,baseline
9,raw-byte,hash-like,4096,4096,0,2,1125848,1126200,2251296,8192,2096697,1.37575,0.789042,0.584125,72,0,baseline
9,raw-byte,hash-like,4096,4096,0,-1,1125848,1126200,2251296,8192,2096697,1.411791,0.8035,0.605708,73,0,candidate
9,raw-byte,hash-like,4096,4096,0,0,1125848,1126200,2251296,8192,2096697,1.275375,0.725125,0.545417,73,0,candidate
9,raw-byte,hash-like,4096,4096,0,1,1125848,1126200,2251296,8192,2096697,1.274916,0.71825,0.551042,73,0,candidate
9,raw-byte,hash-like,4096,4096,0,2,1125848,1126200,2251296,8192,2096697,1.484042,0.944167,0.537458,73,0,candidate
9,typed-bit,hash-like,4096,4096,0,-1,1130408,1130760,2259808,8192,2096697,3.252916,2.648666,0.595458,74,0,candidate
9,typed-bit,hash-like,4096,4096,0,0,1130408,1130760,2259808,8192,2096697,3.533333,2.716167,0.807458,74,0,candidate
9,typed-bit,hash-like,4096,4096,0,1,1130408,1130760,2259808,8192,2096697,3.199375,2.591542,0.604416,74,0,candidate
9,typed-bit,hash-like,4096,4096,0,2,1130408,1130760,2259808,8192,2096697,3.148916,2.590833,0.555291,74,0,candidate
9,typed-bit,hash-like,4096,4096,0,-1,1130408,1130760,2259808,8192,2096697,3.242666,2.612458,0.62625,75,0,baseline
9,typed-bit,hash-like,4096,4096,0,0,1130408,1130760,2259808,8192,2096697,3.684708,2.849875,0.824542,75,0,baseline
9,typed-bit,hash-like,4096,4096,0,1,1130408,1130760,2259808,8192,2096697,3.224208,2.608459,0.611833,75,0,baseline
9,typed-bit,hash-like,4096,4096,0,2,1130408,1130760,2259808,8192,2096697,3.119833,2.591333,0.525542,75,0,baseline
9,typed-byte,hash-like,4096,4096,0,-1,1144424,1144792,2288464,8192,2096697,1.642833,0.77025,0.869792,76,0,baseline
9,typed-byte,hash-like,4096,4096,0,0,1144424,1144792,2288464,8192,2096697,1.503291,0.794084,0.704,76,0,baseline
9,typed-byte,hash-like,4096,4096,0,1,1144424,1144792,2288464,8192,2096697,1.30825,0.781375,0.524625,76,0,baseline
9,typed-byte,hash-like,4096,4096,0,2,1144424,1144792,2288464,8192,2096697,1.316708,0.77925,0.535125,76,0,baseline
9,typed-byte,hash-like,4096,4096,0,-1,1129952,1130304,2259504,8192,2096697,1.421792,0.720125,0.694042,77,0,candidate
9,typed-byte,hash-like,4096,4096,0,0,1129952,1130304,2259504,8192,2096697,1.464584,0.861958,0.596542,77,0,candidate
9,typed-byte,hash-like,4096,4096,0,1,1129952,1130304,2259504,8192,2096697,1.398417,0.774416,0.622542,77,0,candidate
9,typed-byte,hash-like,4096,4096,0,2,1129952,1130304,2259504,8192,2096697,1.294917,0.735542,0.556334,77,0,candidate
9,raw-bit,hash-like,4096,4096,0,-1,1132848,1133200,2264776,8192,2096697,2.483125,1.673166,0.806333,78,0,candidate
9,raw-bit,hash-like,4096,4096,0,0,1132848,1133200,2264776,8192,2096697,2.18225,1.586667,0.590709,78,0,candidate
9,raw-bit,hash-like,4096,4096,0,1,1132848,1133200,2264776,8192,2096697,2.366875,1.80175,0.562708,78,0,candidate
9,raw-bit,hash-like,4096,4096,0,2,1132848,1133200,2264776,8192,2096697,2.178666,1.586292,0.589333,78,0,candidate
9,raw-bit,hash-like,4096,4096,0,-1,1132848,1133200,2264776,8192,2096697,2.564291,1.717125,0.8435,79,0,baseline
9,raw-bit,hash-like,4096,4096,0,0,1132848,1133200,2264776,8192,2096697,2.215667,1.592,0.618209,79,0,baseline
9,raw-bit,hash-like,4096,4096,0,1,1132848,1133200,2264776,8192,2096697,2.157959,1.621375,0.534292,79,0,baseline
9,raw-bit,hash-like,4096,4096,0,2,1132848,1133200,2264776,8192,2096697,2.197125,1.624917,0.569458,79,0,baseline
10,typed-bit,hash-like,65536,65536,0,-1,18055296,18056040,36094904,131072,33554202,51.511042,43.425292,8.077709,80,0,baseline
10,typed-bit,hash-like,65536,65536,0,0,18055296,18056040,36094904,131072,33554202,51.582209,43.337083,8.233208,80,0,baseline
10,typed-bit,hash-like,65536,65536,0,1,18055296,18056040,36094904,131072,33554202,52.688958,43.526,9.151,80,0,baseline
10,typed-bit,hash-like,65536,65536,0,2,18055296,18056040,36094904,131072,33554202,52.062875,43.395334,8.660917,80,0,baseline
10,typed-bit,hash-like,65536,65536,0,-1,18055296,18056040,36094904,131072,33554202,51.20775,43.233125,7.968584,81,0,candidate
10,typed-bit,hash-like,65536,65536,0,0,18055296,18056040,36094904,131072,33554202,51.22225,42.431708,8.777,81,0,candidate
10,typed-bit,hash-like,65536,65536,0,1,18055296,18056040,36094904,131072,33554202,51.714458,43.513875,8.190959,81,0,candidate
10,typed-bit,hash-like,65536,65536,0,2,18055296,18056040,36094904,131072,33554202,51.780667,43.5035,8.263709,81,0,candidate
10,typed-byte,hash-like,65536,65536,0,-1,18055392,18056272,36084776,131072,33554202,23.073958,15.574958,7.48975,82,0,candidate
10,typed-byte,hash-like,65536,65536,0,0,18055392,18056272,36084776,131072,33554202,20.195042,11.934667,8.238042,82,0,candidate
10,typed-byte,hash-like,65536,65536,0,1,18055392,18056272,36084776,131072,33554202,20.884792,12.113625,8.765667,82,0,candidate
10,typed-byte,hash-like,65536,65536,0,2,18055392,18056272,36084776,131072,33554202,20.368084,12.042083,8.31975,82,0,candidate
10,typed-byte,hash-like,65536,65536,0,-1,18286976,18287864,36547840,131072,33554202,24.554959,16.135834,8.414041,83,0,baseline
10,typed-byte,hash-like,65536,65536,0,0,18286976,18287864,36547840,131072,33554202,21.304,12.730208,8.559625,83,0,baseline
10,typed-byte,hash-like,65536,65536,0,1,18286976,18287864,36547840,131072,33554202,21.104084,12.697709,8.400584,83,0,baseline
10,typed-byte,hash-like,65536,65536,0,2,18286976,18287864,36547840,131072,33554202,20.762,12.614041,8.14125,83,0,baseline
10,raw-bit,hash-like,65536,65536,0,-1,18095576,18096336,36175696,131072,33554202,36.668417,28.987834,7.675,84,0,baseline
10,raw-bit,hash-like,65536,65536,0,0,18095576,18096336,36175696,131072,33554202,33.58525,25.365708,8.194334,84,0,baseline
10,raw-bit,hash-like,65536,65536,0,1,18095576,18096336,36175696,131072,33554202,33.870125,25.164709,8.700375,84,0,baseline
10,raw-bit,hash-like,65536,65536,0,2,18095576,18096336,36175696,131072,33554202,33.345125,25.356917,7.98325,84,0,baseline
10,raw-bit,hash-like,65536,65536,0,-1,18095576,18096336,36175696,131072,33554202,36.381208,28.700917,7.673542,85,0,candidate
10,raw-bit,hash-like,65536,65536,0,0,18095576,18096336,36175696,131072,33554202,33.233292,25.132459,8.0875,85,0,candidate
10,raw-bit,hash-like,65536,65536,0,1,18095576,18096336,36175696,131072,33554202,32.410667,24.812209,7.591417,85,0,candidate
10,raw-bit,hash-like,65536,65536,0,2,18095576,18096336,36175696,131072,33554202,32.947083,25.181083,7.759583,85,0,candidate
10,raw-byte,hash-like,65536,65536,0,-1,17989720,17990600,35953440,131072,33554202,24.021792,16.169625,7.846583,86,0,candidate
10,raw-byte,hash-like,65536,65536,0,0,17989720,17990600,35953440,131072,33554202,21.205291,12.266916,8.93025,86,0,candidate
10,raw-byte,hash-like,65536,65536,0,1,17989720,17990600,35953440,131072,33554202,21.28575,12.189875,9.090333,86,0,candidate
10,raw-byte,hash-like,65536,65536,0,2,17989720,17990600,35953440,131072,33554202,20.778583,12.482833,8.2905,86,0,candidate
10,raw-byte,hash-like,65536,65536,0,-1,17989720,17990600,35953440,131072,33554202,24.357209,16.564083,7.786875,87,0,baseline
10,raw-byte,hash-like,65536,65536,0,0,17989720,17990600,35953440,131072,33554202,21.080792,12.965459,8.1035,87,0,baseline
10,raw-byte,hash-like,65536,65536,0,1,17989720,17990600,35953440,131072,33554202,21.113875,12.978791,8.128125,87,0,baseline
10,raw-byte,hash-like,65536,65536,0,2,17989720,17990600,35953440,131072,33554202,20.607584,12.77925,7.822292,87,0,baseline
11,typed-byte,hash-like,131072,131072,0,-1,36547264,36547504,73044048,262144,67107712,53.674708,33.933333,19.73525,88,0,baseline
11,typed-byte,hash-like,131072,131072,0,0,36547264,36547504,73044048,262144,67107712,43.218375,25.393917,17.80575,88,0,baseline
11,typed-byte,hash-like,131072,131072,0,1,36547264,36547504,73044048,262144,67107712,42.625917,25.51275,17.102292,88,0,baseline
11,typed-byte,hash-like,131072,131072,0,2,36547264,36547504,73044048,262144,67107712,42.368042,25.196375,17.159375,88,0,baseline
11,typed-byte,hash-like,131072,131072,0,-1,36084216,36084480,72118160,262144,67107712,47.55525,31.413584,16.134375,89,0,candidate
11,typed-byte,hash-like,131072,131072,0,0,36084216,36084480,72118160,262144,67107712,41.752542,24.185958,17.550625,89,0,candidate
11,typed-byte,hash-like,131072,131072,0,1,36084216,36084480,72118160,262144,67107712,59.60225,23.78825,35.809541,89,0,candidate
11,typed-byte,hash-like,131072,131072,0,2,36084216,36084480,72118160,262144,67107712,42.144417,24.186709,17.951541,89,0,candidate
11,raw-bit,hash-like,131072,131072,0,-1,36175152,36175440,72318160,262144,67107712,74.504084,57.796791,16.699125,90,0,candidate
11,raw-bit,hash-like,131072,131072,0,0,36175152,36175440,72318160,262144,67107712,68.450834,51.105708,17.322959,90,0,candidate
11,raw-bit,hash-like,131072,131072,0,1,36175152,36175440,72318160,262144,67107712,67.334125,50.157375,17.167125,90,0,candidate
11,raw-bit,hash-like,131072,131072,0,2,36175152,36175440,72318160,262144,67107712,67.944542,51.068792,16.868833,90,0,candidate
11,raw-bit,hash-like,131072,131072,0,-1,36175152,36175440,72318160,262144,67107712,74.273083,57.725584,16.540417,91,0,baseline
11,raw-bit,hash-like,131072,131072,0,0,36175152,36175440,72318160,262144,67107712,79.365583,50.354458,28.991333,91,0,baseline
11,raw-bit,hash-like,131072,131072,0,1,36175152,36175440,72318160,262144,67107712,83.670333,50.039625,33.619584,91,0,baseline
11,raw-bit,hash-like,131072,131072,0,2,36175152,36175440,72318160,262144,67107712,67.551375,50.367542,17.174875,91,0,baseline
11,raw-byte,hash-like,131072,131072,0,-1,35952880,35953144,71855496,262144,67107712,49.832333,33.5105,16.3155,92,0,baseline
11,raw-byte,hash-like,131072,131072,0,0,35952880,35953144,71855496,262144,67107712,42.897042,26.0705,16.809125,92,0,baseline
11,raw-byte,hash-like,131072,131072,0,1,35952880,35953144,71855496,262144,67107712,42.427875,25.774666,16.642083,92,0,baseline
11,raw-byte,hash-like,131072,131072,0,2,35952880,35953144,71855496,262144,67107712,42.731792,25.953833,16.766292,92,0,baseline
11,raw-byte,hash-like,131072,131072,0,-1,35952880,35953144,71855496,262144,67107712,70.531,31.150375,39.372792,93,0,candidate
11,raw-byte,hash-like,131072,131072,0,0,35952880,35953144,71855496,262144,67107712,41.291667,23.843208,17.427709,93,0,candidate
11,raw-byte,hash-like,131072,131072,0,1,35952880,35953144,71855496,262144,67107712,41.5765,24.183917,17.380958,93,0,candidate
11,raw-byte,hash-like,131072,131072,0,2,35952880,35953144,71855496,262144,67107712,41.150583,24.193542,16.950625,93,0,candidate
11,typed-bit,hash-like,131072,131072,0,-1,36094336,36094632,72156216,262144,67107712,104.405917,87.929625,16.467958,94,0,candidate
11,typed-bit,hash-like,131072,131072,0,0,36094336,36094632,72156216,262144,67107712,104.55825,87.527458,17.017583,94,0,candidate
11,typed-bit,hash-like,131072,131072,0,1,36094336,36094632,72156216,262144,67107712,104.563584,87.58825,16.966375,94,0,candidate
11,typed-bit,hash-like,131072,131072,0,2,36094336,36094632,72156216,262144,67107712,104.358625,87.505084,16.826583,94,0,candidate
11,typed-bit,hash-like,131072,131072,0,-1,36094336,36094632,72156216,262144,67107712,104.75575,87.816667,16.929167,95,0,baseline
11,typed-bit,hash-like,131072,131072,0,0,36094336,36094632,72156216,262144,67107712,105.515583,87.769083,17.725833,95,0,baseline
11,typed-bit,hash-like,131072,131072,0,1,36094336,36094632,72156216,262144,67107712,104.390292,86.66025,17.716542,95,0,baseline
11,typed-bit,hash-like,131072,131072,0,2,36094336,36094632,72156216,262144,67107712,104.688833,87.1605,17.518,95,0,baseline
4,raw-byte,structured,65536,65536,0,-1,17104552,17105200,34201176,131072,33554202,20.20475,13.344292,6.852292,96,1,baseline
4,raw-byte,structured,65536,65536,0,0,17104552,17105200,34201176,131072,33554202,17.787583,10.08425,7.682583,96,1,baseline
4,raw-byte,structured,65536,65536,0,1,17104552,17105200,34201176,131072,33554202,17.670209,10.31575,7.347583,96,1,baseline
4,raw-byte,structured,65536,65536,0,2,17104552,17105200,34201176,131072,33554202,17.027917,9.959625,7.063375,96,1,baseline
4,raw-byte,structured,65536,65536,0,-1,17104552,17105200,34201176,131072,33554202,19.459833,12.726792,6.7265,97,1,candidate
4,raw-byte,structured,65536,65536,0,0,17104552,17105200,34201176,131072,33554202,17.226291,8.958041,8.255125,97,1,candidate
4,raw-byte,structured,65536,65536,0,1,17104552,17105200,34201176,131072,33554202,16.038416,8.706083,7.326666,97,1,candidate
4,raw-byte,structured,65536,65536,0,2,17104552,17105200,34201176,131072,33554202,16.397458,8.711875,7.679458,97,1,candidate
4,typed-bit,structured,65536,65536,0,-1,17023440,17024088,34005736,131072,33554202,46.545875,39.042958,7.49575,98,1,candidate
4,typed-bit,structured,65536,65536,0,0,17023440,17024088,34005736,131072,33554202,45.520459,38.632791,6.869459,98,1,candidate
4,typed-bit,structured,65536,65536,0,1,17023440,17024088,34005736,131072,33554202,45.911208,38.502291,7.402,98,1,candidate
4,typed-bit,structured,65536,65536,0,2,17023440,17024088,34005736,131072,33554202,46.468875,39.044292,7.414917,98,1,candidate
4,typed-bit,structured,65536,65536,0,-1,17023440,17024088,34005736,131072,33554202,46.297958,39.0725,7.217417,99,1,baseline
4,typed-bit,structured,65536,65536,0,0,17023440,17024088,34005736,131072,33554202,53.56475,38.659708,14.888042,99,1,baseline
4,typed-bit,structured,65536,65536,0,1,17023440,17024088,34005736,131072,33554202,46.570167,38.677125,7.884375,99,1,baseline
4,typed-bit,structured,65536,65536,0,2,17023440,17024088,34005736,131072,33554202,47.165792,38.829625,8.327791,99,1,baseline
4,typed-byte,structured,65536,65536,0,-1,17406320,17404920,34796392,131072,33554202,20.771875,13.270708,7.495125,100,1,baseline
4,typed-byte,structured,65536,65536,0,0,17406320,17404920,34796392,131072,33554202,18.199,10.204459,7.971875,100,1,baseline
4,typed-byte,structured,65536,65536,0,1,17406320,17404920,34796392,131072,33554202,17.76675,10.181875,7.579166,100,1,baseline
4,typed-byte,structured,65536,65536,0,2,17406320,17404920,34796392,131072,33554202,19.812417,10.095875,9.711,100,1,baseline
4,typed-byte,structured,65536,65536,0,-1,17170224,17170872,34332512,131072,33554202,19.748209,12.751416,6.991292,101,1,candidate
4,typed-byte,structured,65536,65536,0,0,17170224,17170872,34332512,131072,33554202,16.730791,8.818167,7.894917,101,1,candidate
4,typed-byte,structured,65536,65536,0,1,17170224,17170872,34332512,131072,33554202,16.898666,8.960042,7.934125,101,1,candidate
4,typed-byte,structured,65536,65536,0,2,17170224,17170872,34332512,131072,33554202,16.442708,8.95875,7.478083,101,1,candidate
4,raw-bit,structured,65536,65536,0,-1,17063384,17064032,34086264,131072,33554202,31.991833,24.546834,7.438791,102,1,candidate
4,raw-bit,structured,65536,65536,0,0,17063384,17064032,34086264,131072,33554202,28.517833,21.0115,7.485917,102,1,candidate
4,raw-bit,structured,65536,65536,0,1,17063384,17064032,34086264,131072,33554202,28.613792,21.249834,7.35825,102,1,candidate
4,raw-bit,structured,65536,65536,0,2,17063384,17064032,34086264,131072,33554202,28.811667,21.255541,7.549292,102,1,candidate
4,raw-bit,structured,65536,65536,0,-1,17063384,17064032,34086264,131072,33554202,32.001583,24.774666,7.215625,103,1,baseline
4,raw-bit,structured,65536,65536,0,0,17063384,17064032,34086264,131072,33554202,29.244709,21.457667,7.774917,103,1,baseline
4,raw-bit,structured,65536,65536,0,1,17063384,17064032,34086264,131072,33554202,28.539584,21.301708,7.225667,103,1,baseline
4,raw-bit,structured,65536,65536,0,2,17063384,17064032,34086264,131072,33554202,28.359334,21.259,7.094541,103,1,baseline
5,typed-bit,structured,131072,131072,0,-1,34046688,34046952,68010440,262144,67107712,97.066583,77.224708,19.834042,104,1,baseline
5,typed-bit,structured,131072,131072,0,0,34046688,34046952,68010440,262144,67107712,96.583542,79.861542,16.702209,104,1,baseline
5,typed-bit,structured,131072,131072,0,1,34046688,34046952,68010440,262144,67107712,95.715708,78.909458,16.796834,104,1,baseline
5,typed-bit,structured,131072,131072,0,2,34046688,34046952,68010440,262144,67107712,95.337083,78.802292,16.526834,104,1,baseline
5,typed-bit,structured,131072,131072,0,-1,34046688,34046952,68010440,262144,67107712,94.109125,78.776041,15.324292,105,1,candidate
5,typed-bit,structured,131072,131072,0,0,34046688,34046952,68010440,262144,67107712,94.51025,78.048584,16.432834,105,1,candidate
5,typed-bit,structured,131072,131072,0,1,34046688,34046952,68010440,262144,67107712,94.816958,78.53125,16.276083,105,1,candidate
5,typed-bit,structured,131072,131072,0,2,34046688,34046952,68010440,262144,67107712,94.312334,78.345666,15.957333,105,1,candidate
5,typed-byte,structured,131072,131072,0,-1,34340352,34340624,68664072,262144,67107712,41.066584,25.898709,15.161708,106,1,candidate
5,typed-byte,structured,131072,131072,0,0,34340352,34340624,68664072,262144,67107712,33.781166,17.821958,15.947291,106,1,candidate
5,typed-byte,structured,131072,131072,0,1,34340352,34340624,68664072,262144,67107712,33.519125,17.778125,15.734167,106,1,candidate
5,typed-byte,structured,131072,131072,0,2,34340352,34340624,68664072,262144,67107712,33.589625,17.677958,15.9045,106,1,candidate
5,typed-byte,structured,131072,131072,0,-1,34812528,34808688,69591824,262144,67107712,41.696209,26.339458,15.349625,107,1,baseline
5,typed-byte,structured,131072,131072,0,0,34812528,34808688,69591824,262144,67107712,36.911458,20.500958,16.393167,107,1,baseline
5,typed-byte,structured,131072,131072,0,1,34812528,34808688,69591824,262144,67107712,41.872625,20.133583,21.731,107,1,baseline
5,typed-byte,structured,131072,131072,0,2,34812528,34808688,69591824,262144,67107712,42.105208,20.506583,21.593667,107,1,baseline
5,raw-bit,structured,131072,131072,0,-1,34126656,34126928,68171576,262144,67107712,67.010791,50.918666,16.087625,108,1,baseline
5,raw-bit,structured,131072,131072,0,0,34126656,34126928,68171576,262144,67107712,58.99025,42.684666,16.288417,108,1,baseline
5,raw-bit,structured,131072,131072,0,1,34126656,34126928,68171576,262144,67107712,58.502167,42.580084,15.914416,108,1,baseline
5,raw-bit,structured,131072,131072,0,2,34126656,34126928,68171576,262144,67107712,57.241583,41.499792,15.73425,108,1,baseline
5,raw-bit,structured,131072,131072,0,-1,34126656,34126928,68171576,262144,67107712,73.46125,47.604208,25.848167,109,1,candidate
5,raw-bit,structured,131072,131072,0,0,34126656,34126928,68171576,262144,67107712,58.637333,41.852333,16.772208,109,1,candidate
5,raw-bit,structured,131072,131072,0,1,34126656,34126928,68171576,262144,67107712,58.17375,42.261458,15.906,109,1,candidate
5,raw-bit,structured,131072,131072,0,2,34126656,34126928,68171576,262144,67107712,58.117291,42.029583,16.079667,109,1,candidate
5,raw-byte,structured,131072,131072,0,-1,34209024,34209288,68401400,262144,67107712,43.401291,27.389,16.001333,110,1,candidate
5,raw-byte,structured,131072,131072,0,0,34209024,34209288,68401400,262144,67107712,34.135792,17.822333,16.3015,110,1,candidate
5,raw-byte,structured,131072,131072,0,1,34209024,34209288,68401400,262144,67107712,34.161084,17.857083,16.297042,110,1,candidate
5,raw-byte,structured,131072,131072,0,2,34209024,34209288,68401400,262144,67107712,33.576917,17.738959,15.831541,110,1,candidate
5,raw-byte,structured,131072,131072,0,-1,34209024,34209288,68401400,262144,67107712,42.508375,26.51775,15.984166,111,1,baseline
5,raw-byte,structured,131072,131072,0,0,34209024,34209288,68401400,262144,67107712,36.824459,20.228708,16.576166,111,1,baseline
5,raw-byte,structured,131072,131072,0,1,34209024,34209288,68401400,262144,67107712,36.225792,20.048416,16.170084,111,1,baseline
5,raw-byte,structured,131072,131072,0,2,34209024,34209288,68401400,262144,67107712,36.626875,20.133292,16.486041,111,1,baseline
6,typed-byte,hash-like,4096,4096,0,-1,156672,156672,312592,8192,131072,1.020583,0.578083,0.440125,112,1,baseline
6,typed-byte,hash-like,4096,4096,0,0,156672,156672,312592,8192,131072,0.814875,0.553542,0.253666,112,1,baseline
6,typed-byte,hash-like,4096,4096,0,1,156672,156672,312592,8192,131072,0.797125,0.56575,0.230334,112,1,baseline
6,typed-byte,hash-like,4096,4096,0,2,156672,156672,312592,8192,131072,0.915625,0.562542,0.351458,112,1,baseline
6,typed-byte,hash-like,4096,4096,0,-1,144136,144120,287512,8192,131072,0.811334,0.496709,0.312166,113,1,candidate
6,typed-byte,hash-like,4096,4096,0,0,144136,144120,287512,8192,131072,0.864834,0.565792,0.29575,113,1,candidate
6,typed-byte,hash-like,4096,4096,0,1,144136,144120,287512,8192,131072,0.790375,0.506083,0.281417,113,1,candidate
6,typed-byte,hash-like,4096,4096,0,2,144136,144120,287512,8192,131072,0.787291,0.495125,0.289333,113,1,candidate
6,raw-bit,hash-like,4096,4096,0,-1,139328,139320,277376,8192,131072,1.570375,1.164583,0.403583,114,1,candidate
6,raw-bit,hash-like,4096,4096,0,0,139328,139320,277376,8192,131072,1.315875,1.049542,0.261791,114,1,candidate
6,raw-bit,hash-like,4096,4096,0,1,139328,139320,277376,8192,131072,1.431167,1.089708,0.339584,114,1,candidate
6,raw-bit,hash-like,4096,4096,0,2,139328,139320,277376,8192,131072,1.317875,1.068208,0.247209,114,1,candidate
6,raw-bit,hash-like,4096,4096,0,-1,139328,139320,277376,8192,131072,1.34775,1.053792,0.291125,115,1,baseline
6,raw-bit,hash-like,4096,4096,0,0,139328,139320,277376,8192,131072,1.304666,1.048458,0.248042,115,1,baseline
6,raw-bit,hash-like,4096,4096,0,1,139328,139320,277376,8192,131072,1.385625,1.112708,0.27175,115,1,baseline
6,raw-bit,hash-like,4096,4096,0,2,139328,139320,277376,8192,131072,1.288209,1.069458,0.217792,115,1,baseline
6,raw-byte,hash-like,4096,4096,0,-1,135912,135896,271048,8192,131072,0.851875,0.545417,0.302708,116,1,baseline
6,raw-byte,hash-like,4096,4096,0,0,135912,135896,271048,8192,131072,0.943125,0.611875,0.325333,116,1,baseline
6,raw-byte,hash-like,4096,4096,0,1,135912,135896,271048,8192,131072,0.830458,0.572208,0.257041,116,1,baseline
6,raw-byte,hash-like,4096,4096,0,2,135912,135896,271048,8192,131072,0.79075,0.550125,0.239875,116,1,baseline
6,raw-byte,hash-like,4096,4096,0,-1,135912,135896,271048,8192,131072,0.748,0.463917,0.281667,117,1,candidate
6,raw-byte,hash-like,4096,4096,0,0,135912,135896,271048,8192,131072,0.758208,0.494416,0.260542,117,1,candidate
6,raw-byte,hash-like,4096,4096,0,1,135912,135896,271048,8192,131072,0.811417,0.542042,0.268125,117,1,candidate
6,raw-byte,hash-like,4096,4096,0,2,135912,135896,271048,8192,131072,0.712667,0.470083,0.239625,117,1,candidate
6,typed-bit,hash-like,4096,4096,0,-1,144544,144536,287712,8192,131072,2.314292,1.931,0.379208,118,1,candidate
6,typed-bit,hash-like,4096,4096,0,0,144544,144536,287712,8192,131072,2.328042,2.013417,0.3085,118,1,candidate
6,typed-bit,hash-like,4096,4096,0,1,144544,144536,287712,8192,131072,2.25375,1.96225,0.289916,118,1,candidate
6,typed-bit,hash-like,4096,4096,0,2,144544,144536,287712,8192,131072,2.304125,2.025708,0.27425,118,1,candidate
6,typed-bit,hash-like,4096,4096,0,-1,144544,144536,287712,8192,131072,2.258708,1.935875,0.319708,119,1,baseline
6,typed-bit,hash-like,4096,4096,0,0,144544,144536,287712,8192,131072,2.276542,1.985208,0.286292,119,1,baseline
6,typed-bit,hash-like,4096,4096,0,1,144544,144536,287712,8192,131072,2.276834,1.982458,0.28925,119,1,baseline
6,typed-bit,hash-like,4096,4096,0,2,144544,144536,287712,8192,131072,2.392958,2.062708,0.325375,119,1,baseline
7,raw-bit,hash-like,65536,65536,0,-1,2193128,2193240,4370152,131072,2097152,18.354209,17.340625,1.00875,120,1,baseline
7,raw-bit,hash-like,65536,65536,0,0,2193128,2193240,4370152,131072,2097152,18.024625,16.863791,1.147959,120,1,baseline
7,raw-bit,hash-like,65536,65536,0,1,2193128,2193240,4370152,131072,2097152,18.487375,17.185792,1.297667,120,1,baseline
7,raw-bit,hash-like,65536,65536,0,2,2193128,2193240,4370152,131072,2097152,18.206208,16.945666,1.256375,120,1,baseline
7,raw-bit,hash-like,65536,65536,0,-1,2193128,2193240,4370152,131072,2097152,18.300542,17.154458,1.143417,121,1,candidate
7,raw-bit,hash-like,65536,65536,0,0,2193128,2193240,4370152,131072,2097152,18.32075,17.16025,1.153125,121,1,candidate
7,raw-bit,hash-like,65536,65536,0,1,2193128,2193240,4370152,131072,2097152,17.882958,16.897209,0.981625,121,1,candidate
7,raw-bit,hash-like,65536,65536,0,2,2193128,2193240,4370152,131072,2097152,18.307459,17.22175,1.082667,121,1,candidate
7,raw-byte,hash-like,65536,65536,0,-1,2144592,2144824,4262496,131072,2097152,8.760542,7.744584,1.010875,122,1,candidate
7,raw-byte,hash-like,65536,65536,0,0,2144592,2144824,4262496,131072,2097152,8.97925,7.918708,1.053709,122,1,candidate
7,raw-byte,hash-like,65536,65536,0,1,2144592,2144824,4262496,131072,2097152,8.818791,7.779167,1.036042,122,1,candidate
7,raw-byte,hash-like,65536,65536,0,2,2144592,2144824,4262496,131072,2097152,8.61275,7.601708,1.007833,122,1,candidate
7,raw-byte,hash-like,65536,65536,0,-1,2144592,2144824,4262496,131072,2097152,10.442166,9.2285,1.210459,123,1,baseline
7,raw-byte,hash-like,65536,65536,0,0,2144592,2144824,4262496,131072,2097152,10.119833,8.939417,1.17075,123,1,baseline
7,raw-byte,hash-like,65536,65536,0,1,2144592,2144824,4262496,131072,2097152,10.387292,9.272666,1.103417,123,1,baseline
7,raw-byte,hash-like,65536,65536,0,2,2144592,2144824,4262496,131072,2097152,10.402583,9.356917,1.042917,123,1,baseline
7,typed-bit,hash-like,65536,65536,0,-1,2275344,2275440,4534352,131072,2097152,33.944667,32.494333,1.44525,124,1,baseline
7,typed-bit,hash-like,65536,65536,0,0,2275344,2275440,4534352,131072,2097152,34.895917,33.233667,1.642584,124,1,baseline
7,typed-bit,hash-like,65536,65536,0,1,2275344,2275440,4534352,131072,2097152,34.418834,33.00175,1.405458,124,1,baseline
7,typed-bit,hash-like,65536,65536,0,2,2275344,2275440,4534352,131072,2097152,34.120833,32.704958,1.411708,124,1,baseline
7,typed-bit,hash-like,65536,65536,0,-1,2275344,2275440,4534352,131072,2097152,34.544042,33.01625,1.52175,125,1,candidate
7,typed-bit,hash-like,65536,65536,0,0,2275344,2275440,4534352,131072,2097152,34.490875,33.027,1.444542,125,1,candidate
7,typed-bit,hash-like,65536,65536,0,1,2275344,2275440,4534352,131072,2097152,34.225417,32.763042,1.457833,125,1,candidate
7,typed-bit,hash-like,65536,65536,0,2,2275344,2275440,4534352,131072,2097152,34.23075,32.727625,1.499125,125,1,candidate
7,typed-byte,hash-like,65536,65536,0,-1,2276240,2276472,4525832,131072,2097152,9.244167,8.109416,1.13125,126,1,candidate
7,typed-byte,hash-like,65536,65536,0,0,2276240,2276472,4525832,131072,2097152,9.172083,7.937334,1.227958,126,1,candidate
7,typed-byte,hash-like,65536,65536,0,1,2276240,2276472,4525832,131072,2097152,9.184291,8.183708,0.996917,126,1,candidate
7,typed-byte,hash-like,65536,65536,0,2,2276240,2276472,4525832,131072,2097152,8.955083,7.988541,0.9615,126,1,candidate
7,typed-byte,hash-like,65536,65536,0,-1,2476688,2476936,4926640,131072,2097152,10.705584,9.448791,1.254,127,1,baseline
7,typed-byte,hash-like,65536,65536,0,0,2476688,2476936,4926640,131072,2097152,10.456292,9.331667,1.116833,127,1,baseline
7,typed-byte,hash-like,65536,65536,0,1,2476688,2476936,4926640,131072,2097152,10.163292,9.0825,1.076625,127,1,baseline
7,typed-byte,hash-like,65536,65536,0,2,2476688,2476936,4926640,131072,2097152,10.603417,9.442541,1.154208,127,1,baseline
8,raw-byte,hash-like,262144,262144,0,-1,8474104,8474104,16880552,524288,8388608,47.233291,39.532167,7.68575,128,1,baseline
8,raw-byte,hash-like,262144,262144,0,0,8474104,8474104,16880552,524288,8388608,41.062709,36.719334,4.331166,128,1,baseline
8,raw-byte,hash-like,262144,262144,0,1,8474104,8474104,16880552,524288,8388608,40.554083,36.789084,3.760125,128,1,baseline
8,raw-byte,hash-like,262144,262144,0,2,8474104,8474104,16880552,524288,8388608,40.480042,36.999792,3.474667,128,1,baseline
8,raw-byte,hash-like,262144,262144,0,-1,8474104,8474104,16880552,524288,8388608,37.594708,33.114458,4.474667,129,1,candidate
8,raw-byte,hash-like,262144,262144,0,0,8474104,8474104,16880552,524288,8388608,34.837042,30.684834,4.129166,129,1,candidate
8,raw-byte,hash-like,262144,262144,0,1,8474104,8474104,16880552,524288,8388608,35.170292,30.594959,4.563041,129,1,candidate
8,raw-byte,hash-like,262144,262144,0,2,8474104,8474104,16880552,524288,8388608,34.617833,30.652625,3.959417,129,1,candidate
8,typed-bit,hash-like,262144,262144,0,-1,9035616,9035696,18005776,524288,8388608,138.382584,134.667541,3.707125,130,1,candidate
8,typed-bit,hash-like,262144,262144,0,0,9035616,9035696,18005776,524288,8388608,139.848167,135.552333,4.28475,130,1,candidate
8,typed-bit,hash-like,262144,262144,0,1,9035616,9035696,18005776,524288,8388608,139.917875,135.606875,4.303458,130,1,candidate
8,typed-bit,hash-like,262144,262144,0,2,9035616,9035696,18005776,524288,8388608,139.574917,135.336167,4.231833,130,1,candidate
8,typed-bit,hash-like,262144,262144,0,-1,9035616,9035696,18005776,524288,8388608,140.92625,137.004875,3.910875,131,1,baseline
8,typed-bit,hash-like,262144,262144,0,0,9035616,9035696,18005776,524288,8388608,140.998208,135.807458,5.170209,131,1,baseline
8,typed-bit,hash-like,262144,262144,0,1,9035616,9035696,18005776,524288,8388608,140.661333,135.919083,4.735833,131,1,baseline
8,typed-bit,hash-like,262144,262144,0,2,9035616,9035696,18005776,524288,8388608,140.401459,135.481209,4.91475,131,1,baseline
8,typed-byte,hash-like,262144,262144,0,-1,9802032,9801960,19536120,524288,8388608,42.195542,38.108958,4.080958,132,1,baseline
8,typed-byte,hash-like,262144,262144,0,0,9802032,9801960,19536120,524288,8388608,41.654125,36.883833,4.749083,132,1,baseline
8,typed-byte,hash-like,262144,262144,0,1,9802032,9801960,19536120,524288,8388608,41.03825,36.69975,4.332209,132,1,baseline
8,typed-byte,hash-like,262144,262144,0,2,9802032,9801960,19536120,524288,8388608,40.989583,36.697,4.286292,132,1,baseline
8,typed-byte,hash-like,262144,262144,0,-1,9000792,9000792,17933976,524288,8388608,39.314125,34.902833,4.406834,133,1,candidate
8,typed-byte,hash-like,262144,262144,0,0,9000792,9000792,17933976,524288,8388608,36.851167,32.596375,4.244458,133,1,candidate
8,typed-byte,hash-like,262144,262144,0,1,9000792,9000792,17933976,524288,8388608,37.161,32.830208,4.326209,133,1,candidate
8,typed-byte,hash-like,262144,262144,0,2,9000792,9000792,17933976,524288,8388608,36.783833,32.499125,4.280042,133,1,candidate
8,raw-bit,hash-like,262144,262144,0,-1,8707576,8707648,17350048,524288,8388608,75.015583,71.107334,3.902958,134,1,candidate
8,raw-bit,hash-like,262144,262144,0,0,8707576,8707648,17350048,524288,8388608,72.359166,68.26725,4.076959,134,1,candidate
8,raw-bit,hash-like,262144,262144,0,1,8707576,8707648,17350048,524288,8388608,71.773083,67.535333,4.2335,134,1,candidate
8,raw-bit,hash-like,262144,262144,0,2,8707576,8707648,17350048,524288,8388608,72.123334,68.016458,4.101,134,1,candidate
8,raw-bit,hash-like,262144,262144,0,-1,8707576,8707648,17350048,524288,8388608,75.206583,71.000916,4.199375,135,1,baseline
8,raw-bit,hash-like,262144,262144,0,0,8707576,8707648,17350048,524288,8388608,73.195916,68.754375,4.427709,135,1,baseline
8,raw-bit,hash-like,262144,262144,0,1,8707576,8707648,17350048,524288,8388608,73.153583,68.531584,4.614791,135,1,baseline
8,raw-bit,hash-like,262144,262144,0,2,8707576,8707648,17350048,524288,8388608,72.424208,68.511541,3.907292,135,1,baseline
9,typed-bit,hash-like,4096,4096,0,-1,1130408,1130760,2259808,8192,2096697,3.339291,2.636625,0.699041,136,1,baseline
9,typed-bit,hash-like,4096,4096,0,0,1130408,1130760,2259808,8192,2096697,3.361458,2.771125,0.58175,136,1,baseline
9,typed-bit,hash-like,4096,4096,0,1,1130408,1130760,2259808,8192,2096697,3.163417,2.598625,0.562042,136,1,baseline
9,typed-bit,hash-like,4096,4096,0,2,1130408,1130760,2259808,8192,2096697,3.125375,2.586416,0.536167,136,1,baseline
9,typed-bit,hash-like,4096,4096,0,-1,1130408,1130760,2259808,8192,2096697,3.661167,2.8235,0.834541,137,1,candidate
9,typed-bit,hash-like,4096,4096,0,0,1130408,1130760,2259808,8192,2096697,3.45775,2.779833,0.669917,137,1,candidate
9,typed-bit,hash-like,4096,4096,0,1,1130408,1130760,2259808,8192,2096697,3.210125,2.602959,0.603334,137,1,candidate
9,typed-bit,hash-like,4096,4096,0,2,1130408,1130760,2259808,8192,2096697,3.327375,2.698292,0.624333,137,1,candidate
9,typed-byte,hash-like,4096,4096,0,-1,1129952,1130304,2259504,8192,2096697,1.665667,0.9495,0.714459,138,1,candidate
9,typed-byte,hash-like,4096,4096,0,0,1129952,1130304,2259504,8192,2096697,1.414416,0.788708,0.620084,138,1,candidate
9,typed-byte,hash-like,4096,4096,0,1,1129952,1130304,2259504,8192,2096697,1.336417,0.766666,0.567458,138,1,candidate
9,typed-byte,hash-like,4096,4096,0,2,1129952,1130304,2259504,8192,2096697,1.39275,0.773083,0.618625,138,1,candidate
9,typed-byte,hash-like,4096,4096,0,-1,1144424,1144792,2288464,8192,2096697,1.422125,0.787542,0.631625,139,1,baseline
9,typed-byte,hash-like,4096,4096,0,0,1144424,1144792,2288464,8192,2096697,1.366958,0.779542,0.58075,139,1,baseline
9,typed-byte,hash-like,4096,4096,0,1,1144424,1144792,2288464,8192,2096697,1.395834,0.791708,0.60125,139,1,baseline
9,typed-byte,hash-like,4096,4096,0,2,1144424,1144792,2288464,8192,2096697,1.387208,0.791416,0.59325,139,1,baseline
9,raw-bit,hash-like,4096,4096,0,-1,1132848,1133200,2264776,8192,2096697,11.87025,1.614375,10.252292,140,1,baseline
9,raw-bit,hash-like,4096,4096,0,0,1132848,1133200,2264776,8192,2096697,2.277792,1.588625,0.68325,140,1,baseline
9,raw-bit,hash-like,4096,4096,0,1,1132848,1133200,2264776,8192,2096697,2.182333,1.58825,0.591125,140,1,baseline
9,raw-bit,hash-like,4096,4096,0,2,1132848,1133200,2264776,8192,2096697,2.104708,1.574,0.528042,140,1,baseline
9,raw-bit,hash-like,4096,4096,0,-1,1132848,1133200,2264776,8192,2096697,2.410541,1.805333,0.602542,141,1,candidate
9,raw-bit,hash-like,4096,4096,0,0,1132848,1133200,2264776,8192,2096697,2.271334,1.685917,0.57775,141,1,candidate
9,raw-bit,hash-like,4096,4096,0,1,1132848,1133200,2264776,8192,2096697,2.139916,1.575375,0.561917,141,1,candidate
9,raw-bit,hash-like,4096,4096,0,2,1132848,1133200,2264776,8192,2096697,2.157958,1.594584,0.560584,141,1,candidate
9,raw-byte,hash-like,4096,4096,0,-1,1125848,1126200,2251296,8192,2096697,1.439541,0.874542,0.562834,142,1,candidate
9,raw-byte,hash-like,4096,4096,0,0,1125848,1126200,2251296,8192,2096697,1.252209,0.718417,0.528333,142,1,candidate
9,raw-byte,hash-like,4096,4096,0,1,1125848,1126200,2251296,8192,2096697,1.273458,0.721625,0.549584,142,1,candidate
9,raw-byte,hash-like,4096,4096,0,2,1125848,1126200,2251296,8192,2096697,1.280542,0.735875,0.542334,142,1,candidate
9,raw-byte,hash-like,4096,4096,0,-1,1125848,1126200,2251296,8192,2096697,1.507125,0.944333,0.560583,143,1,baseline
9,raw-byte,hash-like,4096,4096,0,0,1125848,1126200,2251296,8192,2096697,1.38,0.805333,0.570125,143,1,baseline
9,raw-byte,hash-like,4096,4096,0,1,1125848,1126200,2251296,8192,2096697,1.357583,0.807292,0.547625,143,1,baseline
9,raw-byte,hash-like,4096,4096,0,2,1125848,1126200,2251296,8192,2096697,1.498958,0.926542,0.570125,143,1,baseline
10,typed-byte,hash-like,65536,65536,0,-1,18286976,18287864,36547840,131072,33554202,24.124166,16.456416,7.662,144,1,baseline
10,typed-byte,hash-like,65536,65536,0,0,18286976,18287864,36547840,131072,33554202,21.428917,12.764458,8.647083,144,1,baseline
10,typed-byte,hash-like,65536,65536,0,1,18286976,18287864,36547840,131072,33554202,21.439916,12.861958,8.572792,144,1,baseline
10,typed-byte,hash-like,65536,65536,0,2,18286976,18287864,36547840,131072,33554202,21.212875,12.718375,8.489209,144,1,baseline
10,typed-byte,hash-like,65536,65536,0,-1,18055392,18056272,36084776,131072,33554202,24.563167,15.526,9.033375,145,1,candidate
10,typed-byte,hash-like,65536,65536,0,0,18055392,18056272,36084776,131072,33554202,20.86525,12.217916,8.6355,145,1,candidate
10,typed-byte,hash-like,65536,65536,0,1,18055392,18056272,36084776,131072,33554202,19.914875,11.999667,7.908666,145,1,candidate
10,typed-byte,hash-like,65536,65536,0,2,18055392,18056272,36084776,131072,33554202,20.150708,12.229959,7.914417,145,1,candidate
10,raw-bit,hash-like,65536,65536,0,-1,18095576,18096336,36175696,131072,33554202,36.879042,29.182417,7.690625,146,1,candidate
10,raw-bit,hash-like,65536,65536,0,0,18095576,18096336,36175696,131072,33554202,33.338084,25.286166,8.034917,146,1,candidate
10,raw-bit,hash-like,65536,65536,0,1,18095576,18096336,36175696,131072,33554202,33.299209,25.364417,7.929209,146,1,candidate
10,raw-bit,hash-like,65536,65536,0,2,18095576,18096336,36175696,131072,33554202,33.467042,25.508667,7.9525,146,1,candidate
10,raw-bit,hash-like,65536,65536,0,-1,18095576,18096336,36175696,131072,33554202,37.64025,29.8925,7.742125,147,1,baseline
10,raw-bit,hash-like,65536,65536,0,0,18095576,18096336,36175696,131072,33554202,34.535167,26.302042,8.218208,147,1,baseline
10,raw-bit,hash-like,65536,65536,0,1,18095576,18096336,36175696,131072,33554202,33.938958,25.602416,8.33,147,1,baseline
10,raw-bit,hash-like,65536,65536,0,2,18095576,18096336,36175696,131072,33554202,33.595625,25.473667,8.115291,147,1,baseline
10,raw-byte,hash-like,65536,65536,0,-1,17989720,17990600,35953440,131072,33554202,24.771833,16.833625,7.933,148,1,baseline
10,raw-byte,hash-like,65536,65536,0,0,17989720,17990600,35953440,131072,33554202,21.839334,13.179334,8.641167,148,1,baseline
10,raw-byte,hash-like,65536,65536,0,1,17989720,17990600,35953440,131072,33554202,20.908208,13.104375,7.798792,148,1,baseline
10,raw-byte,hash-like,65536,65536,0,2,17989720,17990600,35953440,131072,33554202,20.8185,13.046875,7.766459,148,1,baseline
10,raw-byte,hash-like,65536,65536,0,-1,17989720,17990600,35953440,131072,33554202,24.319791,16.611459,7.697708,149,1,candidate
10,raw-byte,hash-like,65536,65536,0,0,17989720,17990600,35953440,131072,33554202,20.610417,12.490458,8.107125,149,1,candidate
10,raw-byte,hash-like,65536,65536,0,1,17989720,17990600,35953440,131072,33554202,20.993792,12.183417,8.804042,149,1,candidate
10,raw-byte,hash-like,65536,65536,0,2,17989720,17990600,35953440,131072,33554202,23.343292,12.468375,10.870417,149,1,candidate
10,typed-bit,hash-like,65536,65536,0,-1,18055296,18056040,36094904,131072,33554202,53.006833,45.336667,7.664166,150,1,candidate
10,typed-bit,hash-like,65536,65536,0,0,18055296,18056040,36094904,131072,33554202,52.199,43.698166,8.487292,150,1,candidate
10,typed-bit,hash-like,65536,65536,0,1,18055296,18056040,36094904,131072,33554202,53.371125,45.207833,8.155458,150,1,candidate
10,typed-bit,hash-like,65536,65536,0,2,18055296,18056040,36094904,131072,33554202,53.106542,44.890125,8.20325,150,1,candidate
10,typed-bit,hash-like,65536,65536,0,-1,18055296,18056040,36094904,131072,33554202,51.456625,43.71925,7.730542,151,1,baseline
10,typed-bit,hash-like,65536,65536,0,0,18055296,18056040,36094904,131072,33554202,52.134375,43.752083,8.360209,151,1,baseline
10,typed-bit,hash-like,65536,65536,0,1,18055296,18056040,36094904,131072,33554202,52.634041,44.260875,8.367042,151,1,baseline
10,typed-bit,hash-like,65536,65536,0,2,18055296,18056040,36094904,131072,33554202,52.228333,43.787333,8.433667,151,1,baseline
11,raw-bit,hash-like,131072,131072,0,-1,36175152,36175440,72318160,262144,67107712,74.841625,58.225417,16.609166,152,1,baseline
11,raw-bit,hash-like,131072,131072,0,0,36175152,36175440,72318160,262144,67107712,68.475416,51.002833,17.453792,152,1,baseline
11,raw-bit,hash-like,131072,131072,0,1,36175152,36175440,72318160,262144,67107712,68.313166,51.025083,17.280458,152,1,baseline
11,raw-bit,hash-like,131072,131072,0,2,36175152,36175440,72318160,262144,67107712,68.938833,51.729958,17.201875,152,1,baseline
11,raw-bit,hash-like,131072,131072,0,-1,36175152,36175440,72318160,262144,67107712,74.546417,58.060542,16.477958,153,1,candidate
11,raw-bit,hash-like,131072,131072,0,0,36175152,36175440,72318160,262144,67107712,68.511,50.494917,18.0035,153,1,candidate
11,raw-bit,hash-like,131072,131072,0,1,36175152,36175440,72318160,262144,67107712,66.950541,49.426958,17.515583,153,1,candidate
11,raw-bit,hash-like,131072,131072,0,2,36175152,36175440,72318160,262144,67107712,69.466834,51.846291,17.610417,153,1,candidate
11,raw-byte,hash-like,131072,131072,0,-1,35952880,35953144,71855496,262144,67107712,49.024333,31.627709,17.390417,154,1,candidate
11,raw-byte,hash-like,131072,131072,0,0,35952880,35953144,71855496,262144,67107712,41.227375,24.314375,16.897,154,1,candidate
11,raw-byte,hash-like,131072,131072,0,1,35952880,35953144,71855496,262144,67107712,41.371625,24.245208,17.119625,154,1,candidate
11,raw-byte,hash-like,131072,131072,0,2,35952880,35953144,71855496,262144,67107712,41.748292,24.282958,17.458458,154,1,candidate
11,raw-byte,hash-like,131072,131072,0,-1,35952880,35953144,71855496,262144,67107712,50.682709,33.933083,16.742334,155,1,baseline
11,raw-byte,hash-like,131072,131072,0,0,35952880,35953144,71855496,262144,67107712,43.103833,26.274083,16.817917,155,1,baseline
11,raw-byte,hash-like,131072,131072,0,1,35952880,35953144,71855496,262144,67107712,45.104875,26.246042,18.852167,155,1,baseline
11,raw-byte,hash-like,131072,131072,0,2,35952880,35953144,71855496,262144,67107712,44.345833,26.3965,17.943541,155,1,baseline
11,typed-bit,hash-like,131072,131072,0,-1,36094336,36094632,72156216,262144,67107712,104.618375,88.431041,16.179209,156,1,baseline
11,typed-bit,hash-like,131072,131072,0,0,36094336,36094632,72156216,262144,67107712,106.20075,88.084083,18.091792,156,1,baseline
11,typed-bit,hash-like,131072,131072,0,1,36094336,36094632,72156216,262144,67107712,104.90625,87.757792,17.137041,156,1,baseline
11,typed-bit,hash-like,131072,131072,0,2,36094336,36094632,72156216,262144,67107712,105.415333,87.99625,17.409625,156,1,baseline
11,typed-bit,hash-like,131072,131072,0,-1,36094336,36094632,72156216,262144,67107712,105.271792,88.561875,16.700209,157,1,candidate
11,typed-bit,hash-like,131072,131072,0,0,36094336,36094632,72156216,262144,67107712,104.830917,87.689959,17.125541,157,1,candidate
11,typed-bit,hash-like,131072,131072,0,1,36094336,36094632,72156216,262144,67107712,106.31175,87.66575,18.627375,157,1,candidate
11,typed-bit,hash-like,131072,131072,0,2,36094336,36094632,72156216,262144,67107712,107.576834,90.297417,17.270958,157,1,candidate
11,typed-byte,hash-like,131072,131072,0,-1,36084216,36084480,72118160,262144,67107712,48.702334,31.768708,16.916042,158,1,candidate
11,typed-byte,hash-like,131072,131072,0,0,36084216,36084480,72118160,262144,67107712,42.21375,24.326583,17.869042,158,1,candidate
11,typed-byte,hash-like,131072,131072,0,1,36084216,36084480,72118160,262144,67107712,40.876542,23.671125,17.19975,158,1,candidate
11,typed-byte,hash-like,131072,131072,0,2,36084216,36084480,72118160,262144,67107712,40.951083,24.17125,16.773292,158,1,candidate
11,typed-byte,hash-like,131072,131072,0,-1,36547264,36547504,73044048,262144,67107712,50.564792,34.16,16.39825,159,1,baseline
11,typed-byte,hash-like,131072,131072,0,0,36547264,36547504,73044048,262144,67107712,43.718334,26.300334,17.403958,159,1,baseline
11,typed-byte,hash-like,131072,131072,0,1,36547264,36547504,73044048,262144,67107712,43.40925,25.565791,17.836417,159,1,baseline
11,typed-byte,hash-like,131072,131072,0,2,36547264,36547504,73044048,262144,67107712,44.11,26.574917,17.527625,159,1,baseline
0,raw-byte,structured,4096,4096,0,-1,78872,78872,156960,8192,131072,0.691291,0.409,0.280791,160,1,baseline
0,raw-byte,structured,4096,4096,0,0,78872,78872,156960,8192,131072,0.959334,0.539291,0.414333,160,1,baseline
0,raw-byte,structured,4096,4096,0,1,78872,78872,156960,8192,131072,0.669208,0.417417,0.250458,160,1,baseline
0,raw-byte,structured,4096,4096,0,2,78872,78872,156960,8192,131072,0.631042,0.415916,0.214292,160,1,baseline
0,raw-byte,structured,4096,4096,0,-1,78872,78872,156960,8192,131072,0.657792,0.354916,0.299917,161,1,candidate
0,raw-byte,structured,4096,4096,0,0,78872,78872,156960,8192,131072,0.74875,0.412125,0.328167,161,1,candidate
0,raw-byte,structured,4096,4096,0,1,78872,78872,156960,8192,131072,0.610458,0.364209,0.243416,161,1,candidate
0,raw-byte,structured,4096,4096,0,2,78872,78872,156960,8192,131072,0.635584,0.379625,0.254625,161,1,candidate
0,typed-bit,structured,4096,4096,0,-1,77928,77928,152888,8192,131072,2.162958,1.758167,0.402667,162,1,candidate
0,typed-bit,structured,4096,4096,0,0,77928,77928,152888,8192,131072,2.043041,1.742416,0.289792,162,1,candidate
0,typed-bit,structured,4096,4096,0,1,77928,77928,152888,8192,131072,2.097208,1.82825,0.267209,162,1,candidate
0,typed-bit,structured,4096,4096,0,2,77928,77928,152888,8192,131072,1.938541,1.654125,0.280834,162,1,candidate
0,typed-bit,structured,4096,4096,0,-1,77928,77928,152888,8192,131072,2.08025,1.7275,0.349834,163,1,baseline
0,typed-bit,structured,4096,4096,0,0,77928,77928,152888,8192,131072,1.958542,1.677166,0.27625,163,1,baseline
0,typed-bit,structured,4096,4096,0,1,77928,77928,152888,8192,131072,1.974917,1.721917,0.251292,163,1,baseline
0,typed-bit,structured,4096,4096,0,2,77928,77928,152888,8192,131072,1.942375,1.700167,0.239333,163,1,baseline
0,typed-byte,structured,4096,4096,0,-1,99984,99856,198656,8192,131072,0.748041,0.457709,0.286916,164,1,baseline
0,typed-byte,structured,4096,4096,0,0,99984,99856,198656,8192,131072,0.767917,0.490083,0.267666,164,1,baseline
0,typed-byte,structured,4096,4096,0,1,99984,99856,198656,8192,131072,0.688708,0.474542,0.213041,164,1,baseline
0,typed-byte,structured,4096,4096,0,2,99984,99856,198656,8192,131072,0.728333,0.516167,0.209625,164,1,baseline
0,typed-byte,structured,4096,4096,0,-1,87160,87160,173544,8192,131072,0.658041,0.385625,0.271,165,1,candidate
0,typed-byte,structured,4096,4096,0,0,87160,87160,173544,8192,131072,0.620083,0.40825,0.209292,165,1,candidate
0,typed-byte,structured,4096,4096,0,1,87160,87160,173544,8192,131072,0.597916,0.394167,0.202833,165,1,candidate
0,typed-byte,structured,4096,4096,0,2,87160,87160,173544,8192,131072,0.586334,0.381292,0.204208,165,1,candidate
0,raw-bit,structured,4096,4096,0,-1,72688,72688,142528,8192,131072,0.983084,0.71525,0.265042,166,1,candidate
0,raw-bit,structured,4096,4096,0,0,72688,72688,142528,8192,131072,1.048917,0.779292,0.258875,166,1,candidate
0,raw-bit,structured,4096,4096,0,1,72688,72688,142528,8192,131072,1.026125,0.75875,0.26475,166,1,candidate
0,raw-bit,structured,4096,4096,0,2,72688,72688,142528,8192,131072,0.97875,0.696958,0.278917,166,1,candidate
0,raw-bit,structured,4096,4096,0,-1,72688,72688,142528,8192,131072,1.010417,0.711958,0.295875,167,1,baseline
0,raw-bit,structured,4096,4096,0,0,72688,72688,142528,8192,131072,1.013792,0.755,0.249333,167,1,baseline
0,raw-bit,structured,4096,4096,0,1,72688,72688,142528,8192,131072,0.997167,0.743792,0.252042,167,1,baseline
0,raw-bit,structured,4096,4096,0,2,72688,72688,142528,8192,131072,0.918792,0.706958,0.209416,167,1,baseline
1,typed-bit,structured,65536,65536,0,-1,1241632,1241632,2441152,131072,2097152,30.453959,29.392958,1.057084,168,1,baseline
1,typed-bit,structured,65536,65536,0,0,1241632,1241632,2441152,131072,2097152,30.502334,29.414125,1.081583,168,1,baseline
1,typed-bit,structured,65536,65536,0,1,1241632,1241632,2441152,131072,2097152,30.238209,29.476875,0.758208,168,1,baseline
1,typed-bit,structured,65536,65536,0,2,1241632,1241632,2441152,131072,2097152,29.897709,29.211625,0.682667,168,1,baseline
1,typed-bit,structured,65536,65536,0,-1,1241632,1241632,2441152,131072,2097152,30.463458,29.352625,1.099917,169,1,candidate
1,typed-bit,structured,65536,65536,0,0,1241632,1241632,2441152,131072,2097152,30.682042,29.5925,1.083584,169,1,candidate
1,typed-bit,structured,65536,65536,0,1,1241632,1241632,2441152,131072,2097152,35.171792,28.805125,6.362834,169,1,candidate
1,typed-bit,structured,65536,65536,0,2,1241632,1241632,2441152,131072,2097152,30.140584,29.3575,0.779584,169,1,candidate
1,typed-byte,structured,65536,65536,0,-1,1390696,1390696,2772816,131072,2097152,7.360958,6.595917,0.76225,170,1,candidate
1,typed-byte,structured,65536,65536,0,0,1390696,1390696,2772816,131072,2097152,7.234583,6.489625,0.739166,170,1,candidate
1,typed-byte,structured,65536,65536,0,1,1390696,1390696,2772816,131072,2097152,7.30625,6.615,0.689417,170,1,candidate
1,typed-byte,structured,65536,65536,0,2,1390696,1390696,2772816,131072,2097152,6.960042,6.242708,0.715875,170,1,candidate
1,typed-byte,structured,65536,65536,0,-1,1595704,1593656,3174520,131072,2097152,8.403167,7.554625,0.845792,171,1,baseline
1,typed-byte,structured,65536,65536,0,0,1595704,1593656,3174520,131072,2097152,8.619084,7.754084,0.859541,171,1,baseline
1,typed-byte,structured,65536,65536,0,1,1595704,1593656,3174520,131072,2097152,8.598875,7.578208,1.018292,171,1,baseline
1,typed-byte,structured,65536,65536,0,2,1595704,1593656,3174520,131072,2097152,8.452334,7.645291,0.805292,171,1,baseline
1,raw-bit,structured,65536,65536,0,-1,1159072,1159072,2276680,131072,2097152,12.408667,11.591,0.815292,172,1,baseline
1,raw-bit,structured,65536,65536,0,0,1159072,1159072,2276680,131072,2097152,12.216541,11.426375,0.775125,172,1,baseline
1,raw-bit,structured,65536,65536,0,1,1159072,1159072,2276680,131072,2097152,12.247459,11.501833,0.742125,172,1,baseline
1,raw-bit,structured,65536,65536,0,2,1159072,1159072,2276680,131072,2097152,12.187,11.425459,0.751042,172,1,baseline
1,raw-bit,structured,65536,65536,0,-1,1159072,1159072,2276680,131072,2097152,12.561709,11.724291,0.833584,173,1,candidate
1,raw-bit,structured,65536,65536,0,0,1159072,1159072,2276680,131072,2097152,12.462833,11.753291,0.703334,173,1,candidate
1,raw-bit,structured,65536,65536,0,1,1159072,1159072,2276680,131072,2097152,12.148042,11.398208,0.747917,173,1,candidate
1,raw-bit,structured,65536,65536,0,2,1159072,1159072,2276680,131072,2097152,12.618458,11.961709,0.654708,173,1,candidate
1,raw-byte,structured,65536,65536,0,-1,1258112,1258112,2507608,131072,2097152,6.945459,6.139708,0.799208,174,1,candidate
1,raw-byte,structured,65536,65536,0,0,1258112,1258112,2507608,131072,2097152,6.809333,6.109292,0.694125,174,1,candidate
1,raw-byte,structured,65536,65536,0,1,1258112,1258112,2507608,131072,2097152,6.682208,5.942083,0.73875,174,1,candidate
1,raw-byte,structured,65536,65536,0,2,1258112,1258112,2507608,131072,2097152,6.471542,5.816084,0.652959,174,1,candidate
1,raw-byte,structured,65536,65536,0,-1,1258112,1258112,2507608,131072,2097152,7.464416,6.490042,0.971625,175,1,baseline
1,raw-byte,structured,65536,65536,0,0,1258112,1258112,2507608,131072,2097152,7.430625,6.626125,0.797875,175,1,baseline
1,raw-byte,structured,65536,65536,0,1,1258112,1258112,2507608,131072,2097152,7.2965,6.506917,0.786417,175,1,baseline
1,raw-byte,structured,65536,65536,0,2,1258112,1258112,2507608,131072,2097152,7.02025,6.339625,0.677167,175,1,baseline
2,typed-byte,structured,262144,262144,0,-1,6382016,6373816,12697296,524288,8388608,35.667,32.353375,3.30725,176,1,baseline
2,typed-byte,structured,262144,262144,0,0,6382016,6373816,12697296,524288,8388608,34.149625,30.953291,3.188084,176,1,baseline
2,typed-byte,structured,262144,262144,0,1,6382016,6373816,12697296,524288,8388608,33.342333,30.527084,2.811625,176,1,baseline
2,typed-byte,structured,262144,262144,0,2,6382016,6373816,12697296,524288,8388608,33.348417,30.565709,2.77925,176,1,baseline
2,typed-byte,structured,262144,262144,0,-1,5562024,5562024,11090488,524288,8388608,30.1455,27.68325,2.457625,177,1,candidate
2,typed-byte,structured,262144,262144,0,0,5562024,5562024,11090488,524288,8388608,28.68375,25.988959,2.683541,177,1,candidate
2,typed-byte,structured,262144,262144,0,1,5562024,5562024,11090488,524288,8388608,28.226417,25.742584,2.480291,177,1,candidate
2,typed-byte,structured,262144,262144,0,2,5562024,5562024,11090488,524288,8388608,28.4325,25.707667,2.7215,177,1,candidate
2,raw-bit,structured,262144,262144,0,-1,4635496,4635496,9105952,524288,8388608,50.135708,48.041791,2.088625,178,1,candidate
2,raw-bit,structured,262144,262144,0,0,4635496,4635496,9105952,524288,8388608,48.933458,46.836584,2.083334,178,1,candidate
2,raw-bit,structured,262144,262144,0,1,4635496,4635496,9105952,524288,8388608,49.268167,47.0895,2.170791,178,1,candidate
2,raw-bit,structured,262144,262144,0,2,4635496,4635496,9105952,524288,8388608,48.500375,46.375667,2.12025,178,1,candidate
2,raw-bit,structured,262144,262144,0,-1,4635496,4635496,9105952,524288,8388608,50.436792,48.416041,2.015167,179,1,baseline
2,raw-bit,structured,262144,262144,0,0,4635496,4635496,9105952,524288,8388608,47.731333,45.749583,1.97025,179,1,baseline
2,raw-bit,structured,262144,262144,0,1,4635496,4635496,9105952,524288,8388608,47.856125,45.698666,2.152542,179,1,baseline
2,raw-bit,structured,262144,262144,0,2,4635496,4635496,9105952,524288,8388608,48.491292,46.274542,2.210166,179,1,baseline
2,raw-byte,structured,262144,262144,0,-1,5031680,5031680,10029680,524288,8388608,30.611083,28.401,2.20525,180,1,baseline
2,raw-byte,structured,262144,262144,0,0,5031680,5031680,10029680,524288,8388608,28.537292,26.064375,2.453458,180,1,baseline
2,raw-byte,structured,262144,262144,0,1,5031680,5031680,10029680,524288,8388608,29.114375,26.7485,2.36225,180,1,baseline
2,raw-byte,structured,262144,262144,0,2,5031680,5031680,10029680,524288,8388608,29.631417,27.051416,2.577042,180,1,baseline
2,raw-byte,structured,262144,262144,0,-1,5031680,5031680,10029680,524288,8388608,28.147208,25.774083,2.36825,181,1,candidate
2,raw-byte,structured,262144,262144,0,0,5031680,5031680,10029680,524288,8388608,26.614334,24.115167,2.491208,181,1,candidate
2,raw-byte,structured,262144,262144,0,1,5031680,5031680,10029680,524288,8388608,26.382833,23.946042,2.432291,181,1,candidate
2,raw-byte,structured,262144,262144,0,2,5031680,5031680,10029680,524288,8388608,27.984459,22.8275,5.152834,181,1,candidate
2,typed-bit,structured,262144,262144,0,-1,4965464,4965464,9763608,524288,8388608,122.3765,120.106916,2.263875,182,1,candidate
2,typed-bit,structured,262144,262144,0,0,4965464,4965464,9763608,524288,8388608,121.723458,119.480959,2.233458,182,1,candidate
2,typed-bit,structured,262144,262144,0,1,4965464,4965464,9763608,524288,8388608,121.783042,119.512083,2.265708,182,1,candidate
2,typed-bit,structured,262144,262144,0,2,4965464,4965464,9763608,524288,8388608,121.08075,118.341084,2.733375,182,1,candidate
2,typed-bit,structured,262144,262144,0,-1,4965464,4965464,9763608,524288,8388608,123.216167,121.02225,2.187709,183,1,baseline
2,typed-bit,structured,262144,262144,0,0,4965464,4965464,9763608,524288,8388608,121.156583,118.712208,2.434709,183,1,baseline
2,typed-bit,structured,262144,262144,0,1,4965464,4965464,9763608,524288,8388608,121.3465,118.95325,2.386541,183,1,baseline
2,typed-bit,structured,262144,262144,0,2,4965464,4965464,9763608,524288,8388608,122.746125,120.192375,2.548542,183,1,baseline
3,raw-bit,structured,4096,4096,0,-1,1066328,1066688,2130192,8192,2096697,1.935416,1.372,0.562084,184,1,baseline
3,raw-bit,structured,4096,4096,0,0,1066328,1066688,2130192,8192,2096697,2.099,1.401375,0.688917,184,1,baseline
3,raw-bit,structured,4096,4096,0,1,1066328,1066688,2130192,8192,2096697,1.925291,1.322625,0.6,184,1,baseline
3,raw-bit,structured,4096,4096,0,2,1066328,1066688,2130192,8192,2096697,2.293541,1.39375,0.896875,184,1,baseline
3,raw-bit,structured,4096,4096,0,-1,1066328,1066688,2130192,8192,2096697,2.169583,1.375958,0.791541,185,1,candidate
3,raw-bit,structured,4096,4096,0,0,1066328,1066688,2130192,8192,2096697,2.01025,1.319959,0.684792,185,1,candidate
3,raw-bit,structured,4096,4096,0,1,1066328,1066688,2130192,8192,2096697,1.922584,1.301334,0.618791,185,1,candidate
3,raw-bit,structured,4096,4096,0,2,1066328,1066688,2130192,8192,2096697,1.805375,1.294292,0.508459,185,1,candidate
3,raw-byte,structured,4096,4096,0,-1,1068896,1069264,2137376,8192,2096697,1.476166,0.854125,0.620292,186,1,candidate
3,raw-byte,structured,4096,4096,0,0,1068896,1069264,2137376,8192,2096697,1.163792,0.578084,0.581709,186,1,candidate
3,raw-byte,structured,4096,4096,0,1,1068896,1069264,2137376,8192,2096697,1.145333,0.567791,0.574125,186,1,candidate
3,raw-byte,structured,4096,4096,0,2,1068896,1069264,2137376,8192,2096697,1.068917,0.548833,0.51725,186,1,candidate
3,raw-byte,structured,4096,4096,0,-1,1068896,1069264,2137376,8192,2096697,1.194709,0.623459,0.569917,187,1,baseline
3,raw-byte,structured,4096,4096,0,0,1068896,1069264,2137376,8192,2096697,1.549083,0.813833,0.728875,187,1,baseline
3,raw-byte,structured,4096,4096,0,1,1068896,1069264,2137376,8192,2096697,1.257292,0.654041,0.601584,187,1,baseline
3,raw-byte,structured,4096,4096,0,2,1068896,1069264,2137376,8192,2096697,1.155458,0.630417,0.522542,187,1,baseline
3,typed-bit,structured,4096,4096,0,-1,1063912,1064280,2125240,8192,2096697,2.979292,2.388625,0.587625,188,1,baseline
3,typed-bit,structured,4096,4096,0,0,1063912,1064280,2125240,8192,2096697,3.163167,2.407792,0.745916,188,1,baseline
3,typed-bit,structured,4096,4096,0,1,1063912,1064280,2125240,8192,2096697,3.277791,2.602125,0.670334,188,1,baseline
3,typed-bit,structured,4096,4096,0,2,1063912,1064280,2125240,8192,2096697,3.032916,2.432791,0.595667,188,1,baseline
3,typed-bit,structured,4096,4096,0,-1,1063912,1064280,2125240,8192,2096697,3.221625,2.579917,0.637708,189,1,candidate
3,typed-bit,structured,4096,4096,0,0,1063912,1064280,2125240,8192,2096697,2.970542,2.352166,0.612,189,1,candidate
3,typed-bit,structured,4096,4096,0,1,1063912,1064280,2125240,8192,2096697,2.962458,2.371208,0.586375,189,1,candidate
3,typed-bit,structured,4096,4096,0,2,1063912,1064280,2125240,8192,2096697,2.907208,2.326959,0.576083,189,1,candidate
3,typed-byte,structured,4096,4096,0,-1,1073000,1073368,2145584,8192,2096697,1.397541,0.8235,0.571916,190,1,candidate
3,typed-byte,structured,4096,4096,0,0,1073000,1073368,2145584,8192,2096697,1.196166,0.577625,0.613833,190,1,candidate
3,typed-byte,structured,4096,4096,0,1,1073000,1073368,2145584,8192,2096697,1.157459,0.577625,0.577209,190,1,candidate
3,typed-byte,structured,4096,4096,0,2,1073000,1073368,2145584,8192,2096697,1.07625,0.558834,0.514958,190,1,candidate
3,typed-byte,structured,4096,4096,0,-1,1087760,1088000,2174584,8192,2096697,1.325166,0.654584,0.667334,191,1,baseline
3,typed-byte,structured,4096,4096,0,0,1087760,1088000,2174584,8192,2096697,1.36675,0.705875,0.651542,191,1,baseline
3,typed-byte,structured,4096,4096,0,1,1087760,1088000,2174584,8192,2096697,1.2225,0.627875,0.591833,191,1,baseline
3,typed-byte,structured,4096,4096,0,2,1087760,1088000,2174584,8192,2096697,1.293208,0.728292,0.562458,191,1,baseline
8,typed-bit,hash-like,262144,262144,0,-1,9035616,9035696,18005776,524288,8388608,141.91925,137.849666,4.062167,192,2,baseline
8,typed-bit,hash-like,262144,262144,0,0,9035616,9035696,18005776,524288,8388608,147.276584,142.550792,4.7145,192,2,baseline
8,typed-bit,hash-like,262144,262144,0,1,9035616,9035696,18005776,524288,8388608,145.896833,141.337542,4.552375,192,2,baseline
8,typed-bit,hash-like,262144,262144,0,2,9035616,9035696,18005776,524288,8388608,146.615666,142.469666,4.139542,192,2,baseline
8,typed-bit,hash-like,262144,262144,0,-1,9035616,9035696,18005776,524288,8388608,141.457792,136.812625,4.63725,193,2,candidate
8,typed-bit,hash-like,262144,262144,0,0,9035616,9035696,18005776,524288,8388608,142.466,138.16475,4.286916,193,2,candidate
8,typed-bit,hash-like,262144,262144,0,1,9035616,9035696,18005776,524288,8388608,142.461375,138.212834,4.242916,193,2,candidate
8,typed-bit,hash-like,262144,262144,0,2,9035616,9035696,18005776,524288,8388608,142.48025,138.412125,4.062041,193,2,candidate
8,typed-byte,hash-like,262144,262144,0,-1,9000792,9000792,17933976,524288,8388608,39.403959,35.06675,4.328084,194,2,candidate
8,typed-byte,hash-like,262144,262144,0,0,9000792,9000792,17933976,524288,8388608,36.9905,32.799958,4.1825,194,2,candidate
8,typed-byte,hash-like,262144,262144,0,1,9000792,9000792,17933976,524288,8388608,37.138833,32.941917,4.191625,194,2,candidate
8,typed-byte,hash-like,262144,262144,0,2,9000792,9000792,17933976,524288,8388608,37.050875,32.695875,4.349167,194,2,candidate
8,typed-byte,hash-like,262144,262144,0,-1,9802032,9801960,19536120,524288,8388608,44.718792,39.84375,4.869458,195,2,baseline
8,typed-byte,hash-like,262144,262144,0,0,9802032,9801960,19536120,524288,8388608,42.457,37.458041,4.985875,195,2,baseline
8,typed-byte,hash-like,262144,262144,0,1,9802032,9801960,19536120,524288,8388608,42.164959,37.636,4.52375,195,2,baseline
8,typed-byte,hash-like,262144,262144,0,2,9802032,9801960,19536120,524288,8388608,41.936458,37.750958,4.177333,195,2,baseline
8,raw-bit,hash-like,262144,262144,0,-1,8707576,8707648,17350048,524288,8388608,75.168667,71.4385,3.724125,196,2,baseline
8,raw-bit,hash-like,262144,262144,0,0,8707576,8707648,17350048,524288,8388608,74.984209,70.48125,4.489167,196,2,baseline
8,raw-bit,hash-like,262144,262144,0,1,8707576,8707648,17350048,524288,8388608,74.881083,70.985667,3.890833,196,2,baseline
8,raw-bit,hash-like,262144,262144,0,2,8707576,8707648,17350048,524288,8388608,74.244916,70.219667,4.02,196,2,baseline
8,raw-bit,hash-like,262144,262144,0,-1,8707576,8707648,17350048,524288,8388608,76.187417,72.087542,4.094125,197,2,candidate
8,raw-bit,hash-like,262144,262144,0,0,8707576,8707648,17350048,524288,8388608,74.730917,70.270333,4.438875,197,2,candidate
8,raw-bit,hash-like,262144,262144,0,1,8707576,8707648,17350048,524288,8388608,74.440417,70.0755,4.358916,197,2,candidate
8,raw-bit,hash-like,262144,262144,0,2,8707576,8707648,17350048,524288,8388608,73.775084,69.83125,3.9385,197,2,candidate
8,raw-byte,hash-like,262144,262144,0,-1,8474104,8474104,16880552,524288,8388608,37.138208,33.582792,3.55075,198,2,candidate
8,raw-byte,hash-like,262144,262144,0,0,8474104,8474104,16880552,524288,8388608,35.781209,31.891834,3.88,198,2,candidate
8,raw-byte,hash-like,262144,262144,0,1,8474104,8474104,16880552,524288,8388608,35.47475,31.736084,3.734833,198,2,candidate
8,raw-byte,hash-like,262144,262144,0,2,8474104,8474104,16880552,524288,8388608,34.884125,31.274083,3.605834,198,2,candidate
8,raw-byte,hash-like,262144,262144,0,-1,8474104,8474104,16880552,524288,8388608,43.631792,39.595125,4.032,199,2,baseline
8,raw-byte,hash-like,262144,262144,0,0,8474104,8474104,16880552,524288,8388608,41.456291,37.342583,4.095583,199,2,baseline
8,raw-byte,hash-like,262144,262144,0,1,8474104,8474104,16880552,524288,8388608,45.491167,37.814584,7.67175,199,2,baseline
8,raw-byte,hash-like,262144,262144,0,2,8474104,8474104,16880552,524288,8388608,41.639083,37.572875,4.062292,199,2,baseline
9,typed-byte,hash-like,4096,4096,0,-1,1144424,1144792,2288464,8192,2096697,1.660334,1.008583,0.650042,200,2,baseline
9,typed-byte,hash-like,4096,4096,0,0,1144424,1144792,2288464,8192,2096697,1.589167,0.818458,0.766,200,2,baseline
9,typed-byte,hash-like,4096,4096,0,1,1144424,1144792,2288464,8192,2096697,1.805709,0.875,0.928125,200,2,baseline
9,typed-byte,hash-like,4096,4096,0,2,1144424,1144792,2288464,8192,2096697,1.474167,0.798542,0.67275,200,2,baseline
9,typed-byte,hash-like,4096,4096,0,-1,1129952,1130304,2259504,8192,2096697,1.353,0.737625,0.612875,201,2,candidate
9,typed-byte,hash-like,4096,4096,0,0,1129952,1130304,2259504,8192,2096697,1.361417,0.724875,0.628791,201,2,candidate
9,typed-byte,hash-like,4096,4096,0,1,1129952,1130304,2259504,8192,2096697,1.417958,0.804708,0.610583,201,2,candidate
9,typed-byte,hash-like,4096,4096,0,2,1129952,1130304,2259504,8192,2096697,1.374667,0.803625,0.569042,201,2,candidate
9,raw-bit,hash-like,4096,4096,0,-1,1132848,1133200,2264776,8192,2096697,2.326375,1.637041,0.685459,202,2,candidate
9,raw-bit,hash-like,4096,4096,0,0,1132848,1133200,2264776,8192,2096697,2.262083,1.588625,0.668209,202,2,candidate
9,raw-bit,hash-like,4096,4096,0,1,1132848,1133200,2264776,8192,2096697,2.17475,1.586375,0.585666,202,2,candidate
9,raw-bit,hash-like,4096,4096,0,2,1132848,1133200,2264776,8192,2096697,2.129666,1.572583,0.554709,202,2,candidate
9,raw-bit,hash-like,4096,4096,0,-1,1132848,1133200,2264776,8192,2096697,2.448541,1.655792,0.790083,203,2,baseline
9,raw-bit,hash-like,4096,4096,0,0,1132848,1133200,2264776,8192,2096697,2.242167,1.676625,0.56025,203,2,baseline
9,raw-bit,hash-like,4096,4096,0,1,1132848,1133200,2264776,8192,2096697,2.173625,1.595375,0.575583,203,2,baseline
9,raw-bit,hash-like,4096,4096,0,2,1132848,1133200,2264776,8192,2096697,2.239959,1.643084,0.594166,203,2,baseline
9,raw-byte,hash-like,4096,4096,0,-1,1125848,1126200,2251296,8192,2096697,1.423375,0.811084,0.609791,204,2,baseline
9,raw-byte,hash-like,4096,4096,0,0,1125848,1126200,2251296,8192,2096697,1.592334,0.793917,0.793083,204,2,baseline
9,raw-byte,hash-like,4096,4096,0,1,1125848,1126200,2251296,8192,2096697,1.484042,0.870458,0.611209,204,2,baseline
9,raw-byte,hash-like,4096,4096,0,2,1125848,1126200,2251296,8192,2096697,1.488667,0.903416,0.582834,204,2,baseline
9,raw-byte,hash-like,4096,4096,0,-1,1125848,1126200,2251296,8192,2096697,1.5055,0.7725,0.729917,205,2,candidate
9,raw-byte,hash-like,4096,4096,0,0,1125848,1126200,2251296,8192,2096697,1.364,0.739584,0.619416,205,2,candidate
9,raw-byte,hash-like,4096,4096,0,1,1125848,1126200,2251296,8192,2096697,1.424292,0.78425,0.637375,205,2,candidate
9,raw-byte,hash-like,4096,4096,0,2,1125848,1126200,2251296,8192,2096697,1.42525,0.794417,0.628584,205,2,candidate
9,typed-bit,hash-like,4096,4096,0,-1,1130408,1130760,2259808,8192,2096697,3.400125,2.726,0.670583,206,2,candidate
9,typed-bit,hash-like,4096,4096,0,0,1130408,1130760,2259808,8192,2096697,3.328792,2.659625,0.661083,206,2,candidate
9,typed-bit,hash-like,4096,4096,0,1,1130408,1130760,2259808,8192,2096697,3.398791,2.765333,0.629625,206,2,candidate
9,typed-bit,hash-like,4096,4096,0,2,1130408,1130760,2259808,8192,2096697,3.515291,2.811792,0.698916,206,2,candidate
9,typed-bit,hash-like,4096,4096,0,-1,1130408,1130760,2259808,8192,2096697,3.197333,2.613125,0.581208,207,2,baseline
9,typed-bit,hash-like,4096,4096,0,0,1130408,1130760,2259808,8192,2096697,3.328709,2.647625,0.676375,207,2,baseline
9,typed-bit,hash-like,4096,4096,0,1,1130408,1130760,2259808,8192,2096697,3.316833,2.6125,0.700792,207,2,baseline
9,typed-bit,hash-like,4096,4096,0,2,1130408,1130760,2259808,8192,2096697,3.292334,2.694417,0.594792,207,2,baseline
10,raw-bit,hash-like,65536,65536,0,-1,18095576,18096336,36175696,131072,33554202,37.462417,29.006042,8.450583,208,2,baseline
10,raw-bit,hash-like,65536,65536,0,0,18095576,18096336,36175696,131072,33554202,35.093542,26.371625,8.70175,208,2,baseline
10,raw-bit,hash-like,65536,65536,0,1,18095576,18096336,36175696,131072,33554202,34.314583,26.065333,8.244333,208,2,baseline
10,raw-bit,hash-like,65536,65536,0,2,18095576,18096336,36175696,131072,33554202,34.992583,26.649042,8.330167,208,2,baseline
10,raw-bit,hash-like,65536,65536,0,-1,18095576,18096336,36175696,131072,33554202,36.879625,29.217042,7.657791,209,2,candidate
10,raw-bit,hash-like,65536,65536,0,0,18095576,18096336,36175696,131072,33554202,33.761667,25.478541,8.269125,209,2,candidate
10,raw-bit,hash-like,65536,65536,0,1,18095576,18096336,36175696,131072,33554202,33.823458,26.2005,7.618333,209,2,candidate
10,raw-bit,hash-like,65536,65536,0,2,18095576,18096336,36175696,131072,33554202,33.748125,26.316792,7.425583,209,2,candidate
10,raw-byte,hash-like,65536,65536,0,-1,17989720,17990600,35953440,131072,33554202,23.250542,15.3165,7.928208,210,2,candidate
10,raw-byte,hash-like,65536,65536,0,0,17989720,17990600,35953440,131072,33554202,20.413042,12.152583,8.250667,210,2,candidate
10,raw-byte,hash-like,65536,65536,0,1,17989720,17990600,35953440,131072,33554202,19.57675,11.76925,7.798708,210,2,candidate
10,raw-byte,hash-like,65536,65536,0,2,17989720,17990600,35953440,131072,33554202,20.086292,12.054208,8.027917,210,2,candidate
10,raw-byte,hash-like,65536,65536,0,-1,17989720,17990600,35953440,131072,33554202,23.772084,16.349125,7.418208,211,2,baseline
10,raw-byte,hash-like,65536,65536,0,0,17989720,17990600,35953440,131072,33554202,20.551958,12.745292,7.790292,211,2,baseline
10,raw-byte,hash-like,65536,65536,0,1,17989720,17990600,35953440,131072,33554202,20.403958,12.730667,7.667166,211,2,baseline
10,raw-byte,hash-like,65536,65536,0,2,17989720,17990600,35953440,131072,33554202,20.874625,13.206916,7.661625,211,2,baseline
10,typed-bit,hash-like,65536,65536,0,-1,18055296,18056040,36094904,131072,33554202,55.269459,44.11375,11.148917,212,2,baseline
10,typed-bit,hash-like,65536,65536,0,0,18055296,18056040,36094904,131072,33554202,50.535042,42.469625,8.04225,212,2,baseline
10,typed-bit,hash-like,65536,65536,0,1,18055296,18056040,36094904,131072,33554202,51.043125,42.438625,8.596875,212,2,baseline
10,typed-bit,hash-like,65536,65536,0,2,18055296,18056040,36094904,131072,33554202,50.956333,42.825209,8.123875,212,2,baseline
10,typed-bit,hash-like,65536,65536,0,-1,18055296,18056040,36094904,131072,33554202,54.716709,46.494291,8.215209,213,2,candidate
10,typed-bit,hash-like,65536,65536,0,0,18055296,18056040,36094904,131072,33554202,52.11725,44.011583,8.091791,213,2,candidate
10,typed-bit,hash-like,65536,65536,0,1,18055296,18056040,36094904,131072,33554202,53.25525,45.025959,8.221875,213,2,candidate
10,typed-bit,hash-like,65536,65536,0,2,18055296,18056040,36094904,131072,33554202,53.570625,45.518291,8.045417,213,2,candidate
10,typed-byte,hash-like,65536,65536,0,-1,18055392,18056272,36084776,131072,33554202,22.507083,15.120208,7.379959,214,2,candidate
10,typed-byte,hash-like,65536,65536,0,0,18055392,18056272,36084776,131072,33554202,21.320959,12.902,8.401,214,2,candidate
10,typed-byte,hash-like,65536,65536,0,1,18055392,18056272,36084776,131072,33554202,19.978042,12.104542,7.865625,214,2,candidate
10,typed-byte,hash-like,65536,65536,0,2,18055392,18056272,36084776,131072,33554202,20.934416,12.937959,7.983875,214,2,candidate
10,typed-byte,hash-like,65536,65536,0,-1,18286976,18287864,36547840,131072,33554202,24.641917,16.889083,7.747917,215,2,baseline
10,typed-byte,hash-like,65536,65536,0,0,18286976,18287864,36547840,131072,33554202,21.93125,13.349625,8.568708,215,2,baseline
10,typed-byte,hash-like,65536,65536,0,1,18286976,18287864,36547840,131072,33554202,43.558292,12.908167,30.644583,215,2,baseline
10,typed-byte,hash-like,65536,65536,0,2,18286976,18287864,36547840,131072,33554202,21.958291,13.394417,8.5595,215,2,baseline
11,raw-byte,hash-like,131072,131072,0,-1,35952880,35953144,71855496,262144,67107712,49.846125,32.938833,16.899542,216,2,baseline
11,raw-byte,hash-like,131072,131072,0,0,35952880,35953144,71855496,262144,67107712,43.429583,25.536667,17.878,216,2,baseline
11,raw-byte,hash-like,131072,131072,0,1,35952880,35953144,71855496,262144,67107712,73.896959,28.076166,45.815208,216,2,baseline
11,raw-byte,hash-like,131072,131072,0,2,35952880,35953144,71855496,262144,67107712,48.233958,28.5375,19.690916,216,2,baseline
11,raw-byte,hash-like,131072,131072,0,-1,35952880,35953144,71855496,262144,67107712,46.622875,30.448583,16.167666,217,2,candidate
11,raw-byte,hash-like,131072,131072,0,0,35952880,35953144,71855496,262144,67107712,42.345625,24.674875,17.655291,217,2,candidate
11,raw-byte,hash-like,131072,131072,0,1,35952880,35953144,71855496,262144,67107712,41.986375,25.094959,16.883333,217,2,candidate
11,raw-byte,hash-like,131072,131072,0,2,35952880,35953144,71855496,262144,67107712,42.466542,25.183083,17.2765,217,2,candidate
11,typed-bit,hash-like,131072,131072,0,-1,36094336,36094632,72156216,262144,67107712,105.022959,88.6165,16.397458,218,2,candidate
11,typed-bit,hash-like,131072,131072,0,0,36094336,36094632,72156216,262144,67107712,106.462541,88.23325,18.199459,218,2,candidate
11,typed-bit,hash-like,131072,131072,0,1,36094336,36094632,72156216,262144,67107712,105.089292,87.654,17.412958,218,2,candidate
11,typed-bit,hash-like,131072,131072,0,2,36094336,36094632,72156216,262144,67107712,104.738083,87.568917,17.160541,218,2,candidate
11,typed-bit,hash-like,131072,131072,0,-1,36094336,36094632,72156216,262144,67107712,104.534958,88.068125,16.457667,219,2,baseline
11,typed-bit,hash-like,131072,131072,0,0,36094336,36094632,72156216,262144,67107712,105.946,88.129666,17.794541,219,2,baseline
11,typed-bit,hash-like,131072,131072,0,1,36094336,36094632,72156216,262144,67107712,115.008,88.504042,26.497709,219,2,baseline
11,typed-bit,hash-like,131072,131072,0,2,36094336,36094632,72156216,262144,67107712,103.625292,86.634334,16.982833,219,2,baseline
11,typed-byte,hash-like,131072,131072,0,-1,36547264,36547504,73044048,262144,67107712,49.2985,33.244,16.047333,220,2,baseline
11,typed-byte,hash-like,131072,131072,0,0,36547264,36547504,73044048,262144,67107712,43.182875,25.1155,18.050584,220,2,baseline
11,typed-byte,hash-like,131072,131072,0,1,36547264,36547504,73044048,262144,67107712,44.693042,25.882042,18.801375,220,2,baseline
11,typed-byte,hash-like,131072,131072,0,2,36547264,36547504,73044048,262144,67107712,43.6595,25.917208,17.734416,220,2,baseline
11,typed-byte,hash-like,131072,131072,0,-1,36084216,36084480,72118160,262144,67107712,48.086542,31.681792,16.399,221,2,candidate
11,typed-byte,hash-like,131072,131072,0,0,36084216,36084480,72118160,262144,67107712,41.376916,24.292625,17.05775,221,2,candidate
11,typed-byte,hash-like,131072,131072,0,1,36084216,36084480,72118160,262144,67107712,41.485208,24.321708,17.156292,221,2,candidate
11,typed-byte,hash-like,131072,131072,0,2,36084216,36084480,72118160,262144,67107712,42.517375,24.353041,18.156917,221,2,candidate
11,raw-bit,hash-like,131072,131072,0,-1,36175152,36175440,72318160,262144,67107712,75.113292,58.401708,16.7035,222,2,candidate
11,raw-bit,hash-like,131072,131072,0,0,36175152,36175440,72318160,262144,67107712,68.483875,50.941208,17.520417,222,2,candidate
11,raw-bit,hash-like,131072,131072,0,1,36175152,36175440,72318160,262144,67107712,67.650459,50.891375,16.751875,222,2,candidate
11,raw-bit,hash-like,131072,131072,0,2,36175152,36175440,72318160,262144,67107712,67.982417,51.052875,16.922792,222,2,candidate
11,raw-bit,hash-like,131072,131072,0,-1,36175152,36175440,72318160,262144,67107712,73.899667,57.678208,16.212459,223,2,baseline
11,raw-bit,hash-like,131072,131072,0,0,36175152,36175440,72318160,262144,67107712,68.506875,50.993833,17.490333,223,2,baseline
11,raw-bit,hash-like,131072,131072,0,1,36175152,36175440,72318160,262144,67107712,68.143584,50.793708,17.343209,223,2,baseline
11,raw-bit,hash-like,131072,131072,0,2,36175152,36175440,72318160,262144,67107712,67.560667,50.880083,16.673792,223,2,baseline
0,typed-bit,structured,4096,4096,0,-1,77928,77928,152888,8192,131072,1.993084,1.635042,0.354375,224,2,baseline
0,typed-bit,structured,4096,4096,0,0,77928,77928,152888,8192,131072,2.071666,1.731042,0.331375,224,2,baseline
0,typed-bit,structured,4096,4096,0,1,77928,77928,152888,8192,131072,2.051875,1.700208,0.349833,224,2,baseline
0,typed-bit,structured,4096,4096,0,2,77928,77928,152888,8192,131072,2.027958,1.745125,0.2805,224,2,baseline
0,typed-bit,structured,4096,4096,0,-1,77928,77928,152888,8192,131072,2.085792,1.683208,0.400042,225,2,candidate
0,typed-bit,structured,4096,4096,0,0,77928,77928,152888,8192,131072,2.1115,1.78975,0.315375,225,2,candidate
0,typed-bit,structured,4096,4096,0,1,77928,77928,152888,8192,131072,2.011041,1.7375,0.271875,225,2,candidate
0,typed-bit,structured,4096,4096,0,2,77928,77928,152888,8192,131072,1.956584,1.70075,0.253917,225,2,candidate
0,typed-byte,structured,4096,4096,0,-1,87160,87160,173544,8192,131072,0.751084,0.425708,0.324042,226,2,candidate
0,typed-byte,structured,4096,4096,0,0,87160,87160,173544,8192,131072,0.620334,0.400292,0.217166,226,2,candidate
0,typed-byte,structured,4096,4096,0,1,87160,87160,173544,8192,131072,0.6085,0.38575,0.221958,226,2,candidate
0,typed-byte,structured,4096,4096,0,2,87160,87160,173544,8192,131072,0.7475,0.41025,0.334583,226,2,candidate
0,typed-byte,structured,4096,4096,0,-1,99984,99856,198656,8192,131072,0.783709,0.456583,0.324375,227,2,baseline
0,typed-byte,structured,4096,4096,0,0,99984,99856,198656,8192,131072,0.730958,0.477959,0.249916,227,2,baseline
0,typed-byte,structured,4096,4096,0,1,99984,99856,198656,8192,131072,0.683541,0.4675,0.2145,227,2,baseline
0,typed-byte,structured,4096,4096,0,2,99984,99856,198656,8192,131072,0.770625,0.47525,0.292292,227,2,baseline
0,raw-bit,structured,4096,4096,0,-1,72688,72688,142528,8192,131072,1.037209,0.724416,0.310875,228,2,baseline
0,raw-bit,structured,4096,4096,0,0,72688,72688,142528,8192,131072,1.075417,0.776959,0.293583,228,2,baseline
0,raw-bit,structured,4096,4096,0,1,72688,72688,142528,8192,131072,0.972125,0.725459,0.245458,228,2,baseline
0,raw-bit,structured,4096,4096,0,2,72688,72688,142528,8192,131072,0.999166,0.757875,0.239583,228,2,baseline
0,raw-bit,structured,4096,4096,0,-1,72688,72688,142528,8192,131072,1.064708,0.740834,0.317791,229,2,candidate
0,raw-bit,structured,4096,4096,0,0,72688,72688,142528,8192,131072,0.941834,0.706125,0.230834,229,2,candidate
0,raw-bit,structured,4096,4096,0,1,72688,72688,142528,8192,131072,1.026834,0.768417,0.256542,229,2,candidate
0,raw-bit,structured,4096,4096,0,2,72688,72688,142528,8192,131072,0.972292,0.749417,0.221541,229,2,candidate
0,raw-byte,structured,4096,4096,0,-1,78872,78872,156960,8192,131072,0.642708,0.354666,0.282125,230,2,candidate
0,raw-byte,structured,4096,4096,0,0,78872,78872,156960,8192,131072,0.606625,0.351916,0.249875,230,2,candidate
0,raw-byte,structured,4096,4096,0,1,78872,78872,156960,8192,131072,0.687417,0.402708,0.283292,230,2,candidate
0,raw-byte,structured,4096,4096,0,2,78872,78872,156960,8192,131072,0.606209,0.364541,0.24,230,2,candidate
0,raw-byte,structured,4096,4096,0,-1,78872,78872,156960,8192,131072,0.715959,0.398709,0.314708,231,2,baseline
0,raw-byte,structured,4096,4096,0,0,78872,78872,156960,8192,131072,0.711167,0.408125,0.297375,231,2,baseline
0,raw-byte,structured,4096,4096,0,1,78872,78872,156960,8192,131072,0.729708,0.474625,0.253875,231,2,baseline
0,raw-byte,structured,4096,4096,0,2,78872,78872,156960,8192,131072,0.627208,0.4175,0.20675,231,2,baseline
1,typed-byte,structured,65536,65536,0,-1,1595704,1593656,3174520,131072,2097152,8.588666,7.643375,0.941958,232,2,baseline
1,typed-byte,structured,65536,65536,0,0,1595704,1593656,3174520,131072,2097152,8.422708,7.469459,0.945584,232,2,baseline
1,typed-byte,structured,65536,65536,0,1,1595704,1593656,3174520,131072,2097152,8.471292,7.620875,0.8485,232,2,baseline
1,typed-byte,structured,65536,65536,0,2,1595704,1593656,3174520,131072,2097152,8.5015,7.719917,0.779875,232,2,baseline
1,typed-byte,structured,65536,65536,0,-1,1390696,1390696,2772816,131072,2097152,7.277958,6.227791,1.047584,233,2,candidate
1,typed-byte,structured,65536,65536,0,0,1390696,1390696,2772816,131072,2097152,7.360583,6.548125,0.806791,233,2,candidate
1,typed-byte,structured,65536,65536,0,1,1390696,1390696,2772816,131072,2097152,7.396416,6.36,1.0335,233,2,candidate
1,typed-byte,structured,65536,65536,0,2,1390696,1390696,2772816,131072,2097152,7.074375,6.327917,0.744791,233,2,candidate
1,raw-bit,structured,65536,65536,0,-1,1159072,1159072,2276680,131072,2097152,12.151208,11.369583,0.776792,234,2,candidate
1,raw-bit,structured,65536,65536,0,0,1159072,1159072,2276680,131072,2097152,12.593708,11.769625,0.815584,234,2,candidate
1,raw-bit,structured,65536,65536,0,1,1159072,1159072,2276680,131072,2097152,12.388916,11.619083,0.767583,234,2,candidate
1,raw-bit,structured,65536,65536,0,2,1159072,1159072,2276680,131072,2097152,12.273083,11.504958,0.764167,234,2,candidate
1,raw-bit,structured,65536,65536,0,-1,1159072,1159072,2276680,131072,2097152,12.443041,11.629083,0.809958,235,2,baseline
1,raw-bit,structured,65536,65536,0,0,1159072,1159072,2276680,131072,2097152,12.245625,11.46675,0.767667,235,2,baseline
1,raw-bit,structured,65536,65536,0,1,1159072,1159072,2276680,131072,2097152,12.099791,11.455792,0.640583,235,2,baseline
1,raw-bit,structured,65536,65536,0,2,1159072,1159072,2276680,131072,2097152,12.09525,11.251459,0.83725,235,2,baseline
1,raw-byte,structured,65536,65536,0,-1,1258112,1258112,2507608,131072,2097152,7.408458,6.455125,0.948875,236,2,baseline
1,raw-byte,structured,65536,65536,0,0,1258112,1258112,2507608,131072,2097152,7.345584,6.523542,0.812209,236,2,baseline
1,raw-byte,structured,65536,65536,0,1,1258112,1258112,2507608,131072,2097152,7.4255,6.651083,0.772583,236,2,baseline
1,raw-byte,structured,65536,65536,0,2,1258112,1258112,2507608,131072,2097152,7.29875,6.422916,0.872542,236,2,baseline
1,raw-byte,structured,65536,65536,0,-1,1258112,1258112,2507608,131072,2097152,6.57325,5.686958,0.876541,237,2,candidate
1,raw-byte,structured,65536,65536,0,0,1258112,1258112,2507608,131072,2097152,6.819792,6.106208,0.707958,237,2,candidate
1,raw-byte,structured,65536,65536,0,1,1258112,1258112,2507608,131072,2097152,6.600584,5.954583,0.644584,237,2,candidate
1,raw-byte,structured,65536,65536,0,2,1258112,1258112,2507608,131072,2097152,6.168209,5.587792,0.579042,237,2,candidate
1,typed-bit,structured,65536,65536,0,-1,1241632,1241632,2441152,131072,2097152,30.135208,29.052167,1.07875,238,2,candidate
1,typed-bit,structured,65536,65536,0,0,1241632,1241632,2441152,131072,2097152,30.421167,29.007084,1.396125,238,2,candidate
1,typed-bit,structured,65536,65536,0,1,1241632,1241632,2441152,131072,2097152,29.7545,29.061125,0.689916,238,2,candidate
1,typed-bit,structured,65536,65536,0,2,1241632,1241632,2441152,131072,2097152,29.844166,29.041167,0.799791,238,2,candidate
1,typed-bit,structured,65536,65536,0,-1,1241632,1241632,2441152,131072,2097152,30.66675,29.144958,1.517167,239,2,baseline
1,typed-bit,structured,65536,65536,0,0,1241632,1241632,2441152,131072,2097152,30.254917,29.173209,1.075375,239,2,baseline
1,typed-bit,structured,65536,65536,0,1,1241632,1241632,2441152,131072,2097152,29.925834,29.117458,0.804958,239,2,baseline
1,typed-bit,structured,65536,65536,0,2,1241632,1241632,2441152,131072,2097152,30.282,29.448459,0.826,239,2,baseline
2,raw-bit,structured,262144,262144,0,-1,4635496,4635496,9105952,524288,8388608,50.056291,47.944583,2.107834,240,2,baseline
2,raw-bit,structured,262144,262144,0,0,4635496,4635496,9105952,524288,8388608,49.114417,46.761333,2.345667,240,2,baseline
2,raw-bit,structured,262144,262144,0,1,4635496,4635496,9105952,524288,8388608,48.955291,46.569167,2.382875,240,2,baseline
2,raw-bit,structured,262144,262144,0,2,4635496,4635496,9105952,524288,8388608,49.083625,46.832292,2.24825,240,2,baseline
2,raw-bit,structured,262144,262144,0,-1,4635496,4635496,9105952,524288,8388608,50.887875,48.72575,2.157542,241,2,candidate
2,raw-bit,structured,262144,262144,0,0,4635496,4635496,9105952,524288,8388608,47.4905,45.304333,2.177167,241,2,candidate
2,raw-bit,structured,262144,262144,0,1,4635496,4635496,9105952,524288,8388608,48.905167,46.754666,2.146375,241,2,candidate
2,raw-bit,structured,262144,262144,0,2,4635496,4635496,9105952,524288,8388608,49.069875,46.814375,2.250625,241,2,candidate
2,raw-byte,structured,262144,262144,0,-1,5031680,5031680,10029680,524288,8388608,27.715167,25.26225,2.448959,242,2,candidate
2,raw-byte,structured,262144,262144,0,0,5031680,5031680,10029680,524288,8388608,26.229292,23.913291,2.302875,242,2,candidate
2,raw-byte,structured,262144,262144,0,1,5031680,5031680,10029680,524288,8388608,25.948083,23.42075,2.520541,242,2,candidate
2,raw-byte,structured,262144,262144,0,2,5031680,5031680,10029680,524288,8388608,26.070125,23.499958,2.565708,242,2,candidate
2,raw-byte,structured,262144,262144,0,-1,5031680,5031680,10029680,524288,8388608,31.814958,29.587,2.223334,243,2,baseline
2,raw-byte,structured,262144,262144,0,0,5031680,5031680,10029680,524288,8388608,30.303916,27.912834,2.379375,243,2,baseline
2,raw-byte,structured,262144,262144,0,1,5031680,5031680,10029680,524288,8388608,29.304042,27.055667,2.24525,243,2,baseline
2,raw-byte,structured,262144,262144,0,2,5031680,5031680,10029680,524288,8388608,29.578709,26.994583,2.580167,243,2,baseline
2,typed-bit,structured,262144,262144,0,-1,4965464,4965464,9763608,524288,8388608,121.705667,119.337834,2.360916,244,2,baseline
2,typed-bit,structured,262144,262144,0,0,4965464,4965464,9763608,524288,8388608,121.421,119.099583,2.307875,244,2,baseline
2,typed-bit,structured,262144,262144,0,1,4965464,4965464,9763608,524288,8388608,119.826208,117.67725,2.143125,244,2,baseline
2,typed-bit,structured,262144,262144,0,2,4965464,4965464,9763608,524288,8388608,121.5495,119.141958,2.402709,244,2,baseline
2,typed-bit,structured,262144,262144,0,-1,4965464,4965464,9763608,524288,8388608,121.612083,119.181917,2.422958,245,2,candidate
2,typed-bit,structured,262144,262144,0,0,4965464,4965464,9763608,524288,8388608,122.255541,120.013959,2.226375,245,2,candidate
2,typed-bit,structured,262144,262144,0,1,4965464,4965464,9763608,524288,8388608,122.1445,119.895209,2.240125,245,2,candidate
2,typed-bit,structured,262144,262144,0,2,4965464,4965464,9763608,524288,8388608,120.87025,118.734417,2.131125,245,2,candidate
2,typed-byte,structured,262144,262144,0,-1,5562024,5562024,11090488,524288,8388608,28.4515,26.091667,2.354209,246,2,candidate
2,typed-byte,structured,262144,262144,0,0,5562024,5562024,11090488,524288,8388608,27.169583,24.903167,2.257458,246,2,candidate
2,typed-byte,structured,262144,262144,0,1,5562024,5562024,11090488,524288,8388608,27.925541,25.136209,2.785,246,2,candidate
2,typed-byte,structured,262144,262144,0,2,5562024,5562024,11090488,524288,8388608,28.290709,25.901709,2.385292,246,2,candidate
2,typed-byte,structured,262144,262144,0,-1,6382016,6373816,12697296,524288,8388608,35.856916,32.76425,3.087375,247,2,baseline
2,typed-byte,structured,262144,262144,0,0,6382016,6373816,12697296,524288,8388608,33.521166,30.524583,2.988375,247,2,baseline
2,typed-byte,structured,262144,262144,0,1,6382016,6373816,12697296,524288,8388608,33.356042,30.16825,3.183584,247,2,baseline
2,typed-byte,structured,262144,262144,0,2,6382016,6373816,12697296,524288,8388608,33.412083,30.609833,2.79875,247,2,baseline
3,raw-byte,structured,4096,4096,0,-1,1068896,1069264,2137376,8192,2096697,1.252125,0.652708,0.596875,248,2,baseline
3,raw-byte,structured,4096,4096,0,0,1068896,1069264,2137376,8192,2096697,1.204833,0.63975,0.560417,248,2,baseline
3,raw-byte,structured,4096,4096,0,1,1068896,1069264,2137376,8192,2096697,1.200416,0.631375,0.566042,248,2,baseline
3,raw-byte,structured,4096,4096,0,2,1068896,1069264,2137376,8192,2096697,1.165083,0.626,0.53675,248,2,baseline
3,raw-byte,structured,4096,4096,0,-1,1068896,1069264,2137376,8192,2096697,1.178333,0.60625,0.569625,249,2,candidate
3,raw-byte,structured,4096,4096,0,0,1068896,1069264,2137376,8192,2096697,1.09725,0.55725,0.535334,249,2,candidate
3,raw-byte,structured,4096,4096,0,1,1068896,1069264,2137376,8192,2096697,1.21675,0.677042,0.537958,249,2,candidate
3,raw-byte,structured,4096,4096,0,2,1068896,1069264,2137376,8192,2096697,1.1085,0.596875,0.509208,249,2,candidate
3,typed-bit,structured,4096,4096,0,-1,1063912,1064280,2125240,8192,2096697,3.15975,2.431667,0.725583,250,2,candidate
3,typed-bit,structured,4096,4096,0,0,1063912,1064280,2125240,8192,2096697,3.194042,2.503458,0.679375,250,2,candidate
3,typed-bit,structured,4096,4096,0,1,1063912,1064280,2125240,8192,2096697,3.083208,2.43075,0.648833,250,2,candidate
3,typed-bit,structured,4096,4096,0,2,1063912,1064280,2125240,8192,2096697,2.841917,2.309834,0.528416,250,2,candidate
3,typed-bit,structured,4096,4096,0,-1,1063912,1064280,2125240,8192,2096697,2.889042,2.328291,0.557292,251,2,baseline
3,typed-bit,structured,4096,4096,0,0,1063912,1064280,2125240,8192,2096697,3.280458,2.363334,0.911208,251,2,baseline
3,typed-bit,structured,4096,4096,0,1,1063912,1064280,2125240,8192,2096697,3.485792,2.866791,0.616375,251,2,baseline
3,typed-bit,structured,4096,4096,0,2,1063912,1064280,2125240,8192,2096697,3.012375,2.356625,0.651417,251,2,baseline
3,typed-byte,structured,4096,4096,0,-1,1087760,1088000,2174584,8192,2096697,1.212417,0.631917,0.574875,252,2,baseline
3,typed-byte,structured,4096,4096,0,0,1087760,1088000,2174584,8192,2096697,1.155959,0.63075,0.518125,252,2,baseline
3,typed-byte,structured,4096,4096,0,1,1087760,1088000,2174584,8192,2096697,1.153667,0.63875,0.511917,252,2,baseline
3,typed-byte,structured,4096,4096,0,2,1087760,1088000,2174584,8192,2096697,1.345209,0.695083,0.648458,252,2,baseline
3,typed-byte,structured,4096,4096,0,-1,1073000,1073368,2145584,8192,2096697,1.244708,0.691584,0.550375,253,2,candidate
3,typed-byte,structured,4096,4096,0,0,1073000,1073368,2145584,8192,2096697,1.0865,0.55775,0.519,253,2,candidate
3,typed-byte,structured,4096,4096,0,1,1073000,1073368,2145584,8192,2096697,1.254209,0.667458,0.584292,253,2,candidate
3,typed-byte,structured,4096,4096,0,2,1073000,1073368,2145584,8192,2096697,1.198917,0.571292,0.623583,253,2,candidate
3,raw-bit,structured,4096,4096,0,-1,1066328,1066688,2130192,8192,2096697,2.357584,1.575416,0.780375,254,2,candidate
3,raw-bit,structured,4096,4096,0,0,1066328,1066688,2130192,8192,2096697,1.912458,1.327417,0.580833,254,2,candidate
3,raw-bit,structured,4096,4096,0,1,1066328,1066688,2130192,8192,2096697,1.805166,1.30525,0.497417,254,2,candidate
3,raw-bit,structured,4096,4096,0,2,1066328,1066688,2130192,8192,2096697,1.854458,1.299625,0.551792,254,2,candidate
3,raw-bit,structured,4096,4096,0,-1,1066328,1066688,2130192,8192,2096697,2.060834,1.384625,0.674542,255,2,baseline
3,raw-bit,structured,4096,4096,0,0,1066328,1066688,2130192,8192,2096697,1.869208,1.339459,0.524416,255,2,baseline
3,raw-bit,structured,4096,4096,0,1,1066328,1066688,2130192,8192,2096697,1.813375,1.308416,0.503,255,2,baseline
3,raw-bit,structured,4096,4096,0,2,1066328,1066688,2130192,8192,2096697,1.8175,1.303667,0.511834,255,2,baseline
4,typed-bit,structured,65536,65536,0,-1,17023440,17024088,34005736,131072,33554202,46.747375,39.392208,7.348417,256,2,baseline
4,typed-bit,structured,65536,65536,0,0,17023440,17024088,34005736,131072,33554202,47.301167,38.411083,8.870209,256,2,baseline
4,typed-bit,structured,65536,65536,0,1,17023440,17024088,34005736,131072,33554202,47.124167,38.955791,8.153542,256,2,baseline
4,typed-bit,structured,65536,65536,0,2,17023440,17024088,34005736,131072,33554202,51.946125,42.543917,9.395458,256,2,baseline
4,typed-bit,structured,65536,65536,0,-1,17023440,17024088,34005736,131072,33554202,46.932709,39.522208,7.397667,257,2,candidate
4,typed-bit,structured,65536,65536,0,0,17023440,17024088,34005736,131072,33554202,46.18425,38.360916,7.805334,257,2,candidate
4,typed-bit,structured,65536,65536,0,1,17023440,17024088,34005736,131072,33554202,49.4475,40.515375,8.91475,257,2,candidate
4,typed-bit,structured,65536,65536,0,2,17023440,17024088,34005736,131072,33554202,51.731042,42.718042,9.007291,257,2,candidate
4,typed-byte,structured,65536,65536,0,-1,17170224,17170872,34332512,131072,33554202,21.052667,13.674584,7.37325,258,2,candidate
4,typed-byte,structured,65536,65536,0,0,17170224,17170872,34332512,131072,33554202,17.256,9.27325,7.972792,258,2,candidate
4,typed-byte,structured,65536,65536,0,1,17170224,17170872,34332512,131072,33554202,16.980083,9.308875,7.665666,258,2,candidate
4,typed-byte,structured,65536,65536,0,2,17170224,17170872,34332512,131072,33554202,17.115291,8.707542,8.401458,258,2,candidate
4,typed-byte,structured,65536,65536,0,-1,17406320,17404920,34796392,131072,33554202,21.683209,14.444208,7.234625,259,2,baseline
4,typed-byte,structured,65536,65536,0,0,17406320,17404920,34796392,131072,33554202,17.74725,10.256208,7.4825,259,2,baseline
4,typed-byte,structured,65536,65536,0,1,17406320,17404920,34796392,131072,33554202,21.004334,11.307083,9.693375,259,2,baseline
4,typed-byte,structured,65536,65536,0,2,17406320,17404920,34796392,131072,33554202,18.275834,10.897083,7.374958,259,2,baseline
4,raw-bit,structured,65536,65536,0,-1,17063384,17064032,34086264,131072,33554202,31.939333,24.895917,7.03825,260,2,baseline
4,raw-bit,structured,65536,65536,0,0,17063384,17064032,34086264,131072,33554202,28.922667,21.415,7.495792,260,2,baseline
4,raw-bit,structured,65536,65536,0,1,17063384,17064032,34086264,131072,33554202,28.515125,21.085375,7.425,260,2,baseline
4,raw-bit,structured,65536,65536,0,2,17063384,17064032,34086264,131072,33554202,30.838083,22.950417,7.882875,260,2,baseline
4,raw-bit,structured,65536,65536,0,-1,17063384,17064032,34086264,131072,33554202,33.6925,26.014667,7.67025,261,2,candidate
4,raw-bit,structured,65536,65536,0,0,17063384,17064032,34086264,131072,33554202,29.432042,21.604792,7.816916,261,2,candidate
4,raw-bit,structured,65536,65536,0,1,17063384,17064032,34086264,131072,33554202,30.419167,22.568583,7.845791,261,2,candidate
4,raw-bit,structured,65536,65536,0,2,17063384,17064032,34086264,131072,33554202,30.09675,22.166125,7.925667,261,2,candidate
4,raw-byte,structured,65536,65536,0,-1,17104552,17105200,34201176,131072,33554202,21.923459,13.866625,8.05125,262,2,candidate
4,raw-byte,structured,65536,65536,0,0,17104552,17105200,34201176,131072,33554202,16.517375,8.951625,7.557292,262,2,candidate
4,raw-byte,structured,65536,65536,0,1,17104552,17105200,34201176,131072,33554202,16.894666,9.623458,7.266625,262,2,candidate
4,raw-byte,structured,65536,65536,0,2,17104552,17105200,34201176,131072,33554202,17.267875,9.358708,7.904167,262,2,candidate
4,raw-byte,structured,65536,65536,0,-1,17104552,17105200,34201176,131072,33554202,21.308959,14.548208,6.75575,263,2,baseline
4,raw-byte,structured,65536,65536,0,0,17104552,17105200,34201176,131072,33554202,18.266667,10.545375,7.711209,263,2,baseline
4,raw-byte,structured,65536,65536,0,1,17104552,17105200,34201176,131072,33554202,18.335042,10.827959,7.501875,263,2,baseline
4,raw-byte,structured,65536,65536,0,2,17104552,17105200,34201176,131072,33554202,20.102125,11.112667,8.984792,263,2,baseline
5,typed-byte,structured,131072,131072,0,-1,34812528,34808688,69591824,262144,67107712,46.475875,28.497833,17.965333,264,2,baseline
5,typed-byte,structured,131072,131072,0,0,34812528,34808688,69591824,262144,67107712,41.830042,20.258792,21.557667,264,2,baseline
5,typed-byte,structured,131072,131072,0,1,34812528,34808688,69591824,262144,67107712,37.197917,20.614542,16.577334,264,2,baseline
5,typed-byte,structured,131072,131072,0,2,34812528,34808688,69591824,262144,67107712,38.945708,20.652959,18.287041,264,2,baseline
5,typed-byte,structured,131072,131072,0,-1,34340352,34340624,68664072,262144,67107712,41.491166,25.961917,15.5235,265,2,candidate
5,typed-byte,structured,131072,131072,0,0,34340352,34340624,68664072,262144,67107712,35.505333,17.846333,17.65,265,2,candidate
5,typed-byte,structured,131072,131072,0,1,34340352,34340624,68664072,262144,67107712,34.64575,18.086375,16.552666,265,2,candidate
5,typed-byte,structured,131072,131072,0,2,34340352,34340624,68664072,262144,67107712,34.068625,17.6955,16.367125,265,2,candidate
5,raw-bit,structured,131072,131072,0,-1,34126656,34126928,68171576,262144,67107712,67.225208,51.748917,15.468875,266,2,candidate
5,raw-bit,structured,131072,131072,0,0,34126656,34126928,68171576,262144,67107712,58.689334,42.648917,16.030834,266,2,candidate
5,raw-bit,structured,131072,131072,0,1,34126656,34126928,68171576,262144,67107712,65.30725,44.024,21.277083,266,2,candidate
5,raw-bit,structured,131072,131072,0,2,34126656,34126928,68171576,262144,67107712,65.91825,46.48725,19.425417,266,2,candidate
5,raw-bit,structured,131072,131072,0,-1,34126656,34126928,68171576,262144,67107712,70.083209,52.891916,17.185667,267,2,baseline
5,raw-bit,structured,131072,131072,0,0,34126656,34126928,68171576,262144,67107712,66.444375,47.060125,19.375292,267,2,baseline
5,raw-bit,structured,131072,131072,0,1,34126656,34126928,68171576,262144,67107712,63.78975,46.797375,16.986292,267,2,baseline
5,raw-bit,structured,131072,131072,0,2,34126656,34126928,68171576,262144,67107712,66.499375,46.599625,19.891209,267,2,baseline
5,raw-byte,structured,131072,131072,0,-1,34209024,34209288,68401400,262144,67107712,48.371792,28.468666,19.897667,268,2,baseline
5,raw-byte,structured,131072,131072,0,0,34209024,34209288,68401400,262144,67107712,41.62875,22.3165,19.303666,268,2,baseline
5,raw-byte,structured,131072,131072,0,1,34209024,34209288,68401400,262144,67107712,40.11175,20.300583,19.805625,268,2,baseline
5,raw-byte,structured,131072,131072,0,2,34209024,34209288,68401400,262144,67107712,38.354292,20.158542,18.190667,268,2,baseline
5,raw-byte,structured,131072,131072,0,-1,34209024,34209288,68401400,262144,67107712,46.115167,25.949667,20.159958,269,2,candidate
5,raw-byte,structured,131072,131072,0,0,34209024,34209288,68401400,262144,67107712,37.340958,17.88175,19.450625,269,2,candidate
5,raw-byte,structured,131072,131072,0,1,34209024,34209288,68401400,262144,67107712,36.406792,17.6045,18.797208,269,2,candidate
5,raw-byte,structured,131072,131072,0,2,34209024,34209288,68401400,262144,67107712,37.314333,17.709416,19.599792,269,2,candidate
5,typed-bit,structured,131072,131072,0,-1,34046688,34046952,68010440,262144,67107712,96.505292,78.283958,18.2145,270,2,candidate
5,typed-bit,structured,131072,131072,0,0,34046688,34046952,68010440,262144,67107712,98.074459,78.639792,19.420667,270,2,candidate
5,typed-bit,structured,131072,131072,0,1,34046688,34046952,68010440,262144,67107712,103.27925,80.557833,22.71375,270,2,candidate
5,typed-bit,structured,131072,131072,0,2,34046688,34046952,68010440,262144,67107712,100.303959,79.758,20.540833,270,2,candidate
5,typed-bit,structured,131072,131072,0,-1,34046688,34046952,68010440,262144,67107712,102.944459,84.569334,18.361917,271,2,baseline
5,typed-bit,structured,131072,131072,0,0,34046688,34046952,68010440,262144,67107712,99.222667,79.298416,19.910209,271,2,baseline
5,typed-bit,structured,131072,131072,0,1,34046688,34046952,68010440,262144,67107712,99.434083,80.78825,18.639041,271,2,baseline
5,typed-bit,structured,131072,131072,0,2,34046688,34046952,68010440,262144,67107712,97.461042,79.666167,17.784,271,2,baseline
6,raw-bit,hash-like,4096,4096,0,-1,139328,139320,277376,8192,131072,1.438083,1.064916,0.370667,272,2,baseline
6,raw-bit,hash-like,4096,4096,0,0,139328,139320,277376,8192,131072,1.486625,1.122625,0.359292,272,2,baseline
6,raw-bit,hash-like,4096,4096,0,1,139328,139320,277376,8192,131072,1.394667,1.094833,0.296333,272,2,baseline
6,raw-bit,hash-like,4096,4096,0,2,139328,139320,277376,8192,131072,1.409959,1.110375,0.29775,272,2,baseline
6,raw-bit,hash-like,4096,4096,0,-1,139328,139320,277376,8192,131072,1.457458,1.099584,0.356166,273,2,candidate
6,raw-bit,hash-like,4096,4096,0,0,139328,139320,277376,8192,131072,1.588,1.146875,0.433625,273,2,candidate
6,raw-bit,hash-like,4096,4096,0,1,139328,139320,277376,8192,131072,1.399542,1.087042,0.309708,273,2,candidate
6,raw-bit,hash-like,4096,4096,0,2,139328,139320,277376,8192,131072,1.367666,1.1045,0.261833,273,2,candidate
6,raw-byte,hash-like,4096,4096,0,-1,135912,135896,271048,8192,131072,0.827875,0.497791,0.328375,274,2,candidate
6,raw-byte,hash-like,4096,4096,0,0,135912,135896,271048,8192,131072,0.849333,0.5105,0.334792,274,2,candidate
6,raw-byte,hash-like,4096,4096,0,1,135912,135896,271048,8192,131072,0.864459,0.478458,0.383708,274,2,candidate
6,raw-byte,hash-like,4096,4096,0,2,135912,135896,271048,8192,131072,0.736791,0.4925,0.243042,274,2,candidate
6,raw-byte,hash-like,4096,4096,0,-1,135912,135896,271048,8192,131072,0.962334,0.594375,0.365208,275,2,baseline
6,raw-byte,hash-like,4096,4096,0,0,135912,135896,271048,8192,131072,1.053208,0.5805,0.46575,275,2,baseline
6,raw-byte,hash-like,4096,4096,0,1,135912,135896,271048,8192,131072,0.830709,0.570208,0.259334,275,2,baseline
6,raw-byte,hash-like,4096,4096,0,2,135912,135896,271048,8192,131072,0.922208,0.570167,0.349375,275,2,baseline
6,typed-bit,hash-like,4096,4096,0,-1,144544,144536,287712,8192,131072,2.3955,2.041083,0.352417,276,2,baseline
6,typed-bit,hash-like,4096,4096,0,0,144544,144536,287712,8192,131072,2.29475,1.987167,0.301959,276,2,baseline
6,typed-bit,hash-like,4096,4096,0,1,144544,144536,287712,8192,131072,2.375708,2.0405,0.33225,276,2,baseline
6,typed-bit,hash-like,4096,4096,0,2,144544,144536,287712,8192,131072,2.331708,2.022541,0.305875,276,2,baseline
6,typed-bit,hash-like,4096,4096,0,-1,144544,144536,287712,8192,131072,2.521459,2.134667,0.383458,277,2,candidate
6,typed-bit,hash-like,4096,4096,0,0,144544,144536,287712,8192,131072,2.265458,1.954125,0.305542,277,2,candidate
6,typed-bit,hash-like,4096,4096,0,1,144544,144536,287712,8192,131072,2.3305,1.981375,0.345208,277,2,candidate
6,typed-bit,hash-like,4096,4096,0,2,144544,144536,287712,8192,131072,2.427167,2.043834,0.353083,277,2,candidate
6,typed-byte,hash-like,4096,4096,0,-1,144136,144120,287512,8192,131072,0.885916,0.560625,0.323292,278,2,candidate
6,typed-byte,hash-like,4096,4096,0,0,144136,144120,287512,8192,131072,0.832875,0.516083,0.311667,278,2,candidate
6,typed-byte,hash-like,4096,4096,0,1,144136,144120,287512,8192,131072,0.779792,0.527541,0.250875,278,2,candidate
6,typed-byte,hash-like,4096,4096,0,2,144136,144120,287512,8192,131072,0.73375,0.519292,0.213416,278,2,candidate
6,typed-byte,hash-like,4096,4096,0,-1,156672,156672,312592,8192,131072,1.025791,0.648792,0.375042,279,2,baseline
6,typed-byte,hash-like,4096,4096,0,0,156672,156672,312592,8192,131072,0.972083,0.582542,0.385292,279,2,baseline
6,typed-byte,hash-like,4096,4096,0,1,156672,156672,312592,8192,131072,0.859625,0.599792,0.2585,279,2,baseline
6,typed-byte,hash-like,4096,4096,0,2,156672,156672,312592,8192,131072,0.814875,0.561708,0.252084,279,2,baseline
7,raw-byte,hash-like,65536,65536,0,-1,2144592,2144824,4262496,131072,2097152,10.359083,9.361708,0.993541,280,2,baseline
7,raw-byte,hash-like,65536,65536,0,0,2144592,2144824,4262496,131072,2097152,10.111583,9.133041,0.97175,280,2,baseline
7,raw-byte,hash-like,65536,65536,0,1,2144592,2144824,4262496,131072,2097152,10.429875,9.23475,1.192125,280,2,baseline
7,raw-byte,hash-like,65536,65536,0,2,2144592,2144824,4262496,131072,2097152,10.409625,9.348333,1.058334,280,2,baseline
7,raw-byte,hash-like,65536,65536,0,-1,2144592,2144824,4262496,131072,2097152,8.889833,7.934875,0.950792,281,2,candidate
7,raw-byte,hash-like,65536,65536,0,0,2144592,2144824,4262496,131072,2097152,8.622667,7.639834,0.976,281,2,candidate
7,raw-byte,hash-like,65536,65536,0,1,2144592,2144824,4262496,131072,2097152,8.733167,7.653375,1.076583,281,2,candidate
7,raw-byte,hash-like,65536,65536,0,2,2144592,2144824,4262496,131072,2097152,8.659833,7.553667,1.102291,281,2,candidate
7,typed-bit,hash-like,65536,65536,0,-1,2275344,2275440,4534352,131072,2097152,33.9145,32.721167,1.189083,282,2,candidate
7,typed-bit,hash-like,65536,65536,0,0,2275344,2275440,4534352,131072,2097152,33.795041,32.614334,1.167959,282,2,candidate
7,typed-bit,hash-like,65536,65536,0,1,2275344,2275440,4534352,131072,2097152,33.717959,32.5825,1.131292,282,2,candidate
7,typed-bit,hash-like,65536,65536,0,2,2275344,2275440,4534352,131072,2097152,33.7835,32.671292,1.1075,282,2,candidate
7,typed-bit,hash-like,65536,65536,0,-1,2275344,2275440,4534352,131072,2097152,33.97575,32.844416,1.126625,283,2,baseline
7,typed-bit,hash-like,65536,65536,0,0,2275344,2275440,4534352,131072,2097152,34.027167,32.915959,1.0985,283,2,baseline
7,typed-bit,hash-like,65536,65536,0,1,2275344,2275440,4534352,131072,2097152,34.766333,33.659625,1.101667,283,2,baseline
7,typed-bit,hash-like,65536,65536,0,2,2275344,2275440,4534352,131072,2097152,34.651333,33.419666,1.226542,283,2,baseline
7,typed-byte,hash-like,65536,65536,0,-1,2476688,2476936,4926640,131072,2097152,10.322792,9.240167,1.079709,284,2,baseline
7,typed-byte,hash-like,65536,65536,0,0,2476688,2476936,4926640,131072,2097152,10.595792,9.453167,1.132167,284,2,baseline
7,typed-byte,hash-like,65536,65536,0,1,2476688,2476936,4926640,131072,2097152,10.660125,9.595209,1.061125,284,2,baseline
7,typed-byte,hash-like,65536,65536,0,2,2476688,2476936,4926640,131072,2097152,10.75675,9.59675,1.157416,284,2,baseline
7,typed-byte,hash-like,65536,65536,0,-1,2276240,2276472,4525832,131072,2097152,9.213541,8.13125,1.079042,285,2,candidate
7,typed-byte,hash-like,65536,65536,0,0,2276240,2276472,4525832,131072,2097152,9.46325,8.341459,1.114917,285,2,candidate
7,typed-byte,hash-like,65536,65536,0,1,2276240,2276472,4525832,131072,2097152,9.139833,8.166292,0.966666,285,2,candidate
7,typed-byte,hash-like,65536,65536,0,2,2276240,2276472,4525832,131072,2097152,9.269875,8.087084,1.179583,285,2,candidate
7,raw-bit,hash-like,65536,65536,0,-1,2193128,2193240,4370152,131072,2097152,18.136084,17.001833,1.131417,286,2,candidate
7,raw-bit,hash-like,65536,65536,0,0,2193128,2193240,4370152,131072,2097152,18.0325,17.037791,0.984834,286,2,candidate
7,raw-bit,hash-like,65536,65536,0,1,2193128,2193240,4370152,131072,2097152,18.267291,17.113542,1.150334,286,2,candidate
7,raw-bit,hash-like,65536,65536,0,2,2193128,2193240,4370152,131072,2097152,18.395,17.217541,1.173459,286,2,candidate
7,raw-bit,hash-like,65536,65536,0,-1,2193128,2193240,4370152,131072,2097152,18.435416,17.299666,1.131375,287,2,baseline
7,raw-bit,hash-like,65536,65536,0,0,2193128,2193240,4370152,131072,2097152,18.660417,17.659541,0.990792,287,2,baseline
7,raw-bit,hash-like,65536,65536,0,1,2193128,2193240,4370152,131072,2097152,18.679417,17.435583,1.23875,287,2,baseline
7,raw-bit,hash-like,65536,65536,0,2,2193128,2193240,4370152,131072,2097152,18.236542,17.196583,1.035875,287,2,baseline
